"ladder","set","method","comparator","threshold","statistic","value","source","note"
"blocked","moderate",NA,NA,NA,"n_cells",10,"output/stress_replicate_blocked.rds",""
"blocked","moderate","klue_ml",NA,NA,"mean_gap_LL",-2.910383e-12,"output/stress_replicate_blocked.rds",""
"blocked","moderate","klue_ml",NA,0.1,"misses",0,"output/stress_replicate_blocked.rds",""
"blocked","moderate","klue_ml",NA,0.5,"misses",0,"output/stress_replicate_blocked.rds",""
"blocked","moderate","klue_ml",NA,1,"misses",0,"output/stress_replicate_blocked.rds",""
"blocked","moderate","klue_ml",NA,2,"misses",0,"output/stress_replicate_blocked.rds",""
"blocked","moderate","klue_ml",NA,5,"misses",0,"output/stress_replicate_blocked.rds",""
"blocked","moderate","klue_ml",NA,NA,"mean_secs",1.81724,"output/stress_replicate_blocked.rds",""
"blocked","moderate","klue_em",NA,NA,"mean_gap_LL",-1.307941e-06,"output/stress_replicate_blocked.rds",""
"blocked","moderate","klue_em",NA,0.1,"misses",0,"output/stress_replicate_blocked.rds",""
"blocked","moderate","klue_em",NA,0.5,"misses",0,"output/stress_replicate_blocked.rds",""
"blocked","moderate","klue_em",NA,1,"misses",0,"output/stress_replicate_blocked.rds",""
"blocked","moderate","klue_em",NA,2,"misses",0,"output/stress_replicate_blocked.rds",""
"blocked","moderate","klue_em",NA,5,"misses",0,"output/stress_replicate_blocked.rds",""
"blocked","moderate","klue_em",NA,NA,"mean_secs",9.464532,"output/stress_replicate_blocked.rds",""
"blocked","moderate","klue_em","klue_ml",NA,"mean_secs_ratio",5.208191,"output/stress_replicate_blocked.rds","the arm's mean seconds over the comparator's"
"blocked","moderate","klue_em_rp",NA,NA,"mean_gap_LL",-1.097878e-06,"output/stress_replicate_blocked.rds",""
"blocked","moderate","klue_em_rp",NA,0.1,"misses",0,"output/stress_replicate_blocked.rds",""
"blocked","moderate","klue_em_rp",NA,0.5,"misses",0,"output/stress_replicate_blocked.rds",""
"blocked","moderate","klue_em_rp",NA,1,"misses",0,"output/stress_replicate_blocked.rds",""
"blocked","moderate","klue_em_rp",NA,2,"misses",0,"output/stress_replicate_blocked.rds",""
"blocked","moderate","klue_em_rp",NA,5,"misses",0,"output/stress_replicate_blocked.rds",""
"blocked","moderate","klue_em_rp",NA,NA,"mean_secs",10.2155,"output/stress_replicate_blocked.rds",""
"blocked","moderate","klue_em_rp","klue_ml",NA,"mean_secs_ratio",5.621436,"output/stress_replicate_blocked.rds","the arm's mean seconds over the comparator's"
"blocked","moderate","gmnl_lc",NA,NA,"mean_gap_LL",-6.459615e-05,"output/stress_replicate_blocked.rds",""
"blocked","moderate","gmnl_lc",NA,0.1,"misses",0,"output/stress_replicate_blocked.rds",""
"blocked","moderate","gmnl_lc",NA,0.5,"misses",0,"output/stress_replicate_blocked.rds",""
"blocked","moderate","gmnl_lc",NA,1,"misses",0,"output/stress_replicate_blocked.rds",""
"blocked","moderate","gmnl_lc",NA,2,"misses",0,"output/stress_replicate_blocked.rds",""
"blocked","moderate","gmnl_lc",NA,5,"misses",0,"output/stress_replicate_blocked.rds",""
"blocked","moderate","gmnl_lc",NA,NA,"mean_secs",3.532534,"output/stress_replicate_blocked.rds",""
"blocked","moderate","gmnl_lc","klue_ml",NA,"mean_secs_ratio",1.943901,"output/stress_replicate_blocked.rds","the arm's mean seconds over the comparator's"
"blocked","moderate","apollo_searchStart",NA,NA,"mean_gap_LL",-5.840411e-08,"output/stress_replicate_blocked.rds",""
"blocked","moderate","apollo_searchStart",NA,0.1,"misses",0,"output/stress_replicate_blocked.rds",""
"blocked","moderate","apollo_searchStart",NA,0.5,"misses",0,"output/stress_replicate_blocked.rds",""
"blocked","moderate","apollo_searchStart",NA,1,"misses",0,"output/stress_replicate_blocked.rds",""
"blocked","moderate","apollo_searchStart",NA,2,"misses",0,"output/stress_replicate_blocked.rds",""
"blocked","moderate","apollo_searchStart",NA,5,"misses",0,"output/stress_replicate_blocked.rds",""
"blocked","moderate","apollo_searchStart",NA,NA,"mean_secs",2309.13,"output/stress_replicate_blocked.rds",""
"blocked","moderate","apollo_searchStart","klue_ml",NA,"mean_secs_ratio",1270.68,"output/stress_replicate_blocked.rds","the arm's mean seconds over the comparator's"
"blocked","moderate","apollo_ss_published",NA,NA,"mean_gap_LL",-6.184072,"output/stress_replicate_blocked.rds",""
"blocked","moderate","apollo_ss_published",NA,0.1,"misses",1,"output/stress_replicate_blocked.rds",""
"blocked","moderate","apollo_ss_published",NA,0.5,"misses",1,"output/stress_replicate_blocked.rds",""
"blocked","moderate","apollo_ss_published",NA,1,"misses",1,"output/stress_replicate_blocked.rds",""
"blocked","moderate","apollo_ss_published",NA,2,"misses",1,"output/stress_replicate_blocked.rds",""
"blocked","moderate","apollo_ss_published",NA,5,"misses",1,"output/stress_replicate_blocked.rds",""
"blocked","moderate","apollo_ss_published",NA,NA,"mean_secs",13.19151,"output/stress_replicate_blocked.rds","stale: dev/rerun_apollo_blocked.R rewrote this arm's LLs but not its seconds; the paper reports seed1_secs"
"blocked","moderate","apollo_ss_published","klue_ml",NA,"mean_secs_ratio",7.259089,"output/stress_replicate_blocked.rds","the arm's mean seconds over the comparator's; stale"
"blocked","moderate","apollo_lcEM",NA,NA,"mean_gap_LL",-0.0003174548,"output/stress_replicate_blocked.rds",""
"blocked","moderate","apollo_lcEM",NA,0.1,"misses",0,"output/stress_replicate_blocked.rds",""
"blocked","moderate","apollo_lcEM",NA,0.5,"misses",0,"output/stress_replicate_blocked.rds",""
"blocked","moderate","apollo_lcEM",NA,1,"misses",0,"output/stress_replicate_blocked.rds",""
"blocked","moderate","apollo_lcEM",NA,2,"misses",0,"output/stress_replicate_blocked.rds",""
"blocked","moderate","apollo_lcEM",NA,5,"misses",0,"output/stress_replicate_blocked.rds",""
"blocked","moderate","apollo_lcEM",NA,NA,"mean_secs",44.73822,"output/stress_replicate_blocked.rds",""
"blocked","moderate","apollo_lcEM","klue_ml",NA,"mean_secs_ratio",24.61878,"output/stress_replicate_blocked.rds","the arm's mean seconds over the comparator's"
"blocked","moderate","apollo_clust",NA,NA,"mean_gap_LL",-4.88717e-09,"output/stress_replicate_blocked.rds",""
"blocked","moderate","apollo_clust",NA,0.1,"misses",0,"output/stress_replicate_blocked.rds",""
"blocked","moderate","apollo_clust",NA,0.5,"misses",0,"output/stress_replicate_blocked.rds",""
"blocked","moderate","apollo_clust",NA,1,"misses",0,"output/stress_replicate_blocked.rds",""
"blocked","moderate","apollo_clust",NA,2,"misses",0,"output/stress_replicate_blocked.rds",""
"blocked","moderate","apollo_clust",NA,5,"misses",0,"output/stress_replicate_blocked.rds",""
"blocked","moderate","apollo_clust",NA,NA,"mean_secs",38.21784,"output/stress_replicate_blocked.rds",""
"blocked","moderate","apollo_clust","klue_ml",NA,"mean_secs_ratio",21.03071,"output/stress_replicate_blocked.rds","the arm's mean seconds over the comparator's"
"blocked","hard",NA,NA,NA,"n_cells",10,"output/stress_replicate_blocked.rds",""
"blocked","hard","klue_ml",NA,NA,"mean_gap_LL",-0.2792616,"output/stress_replicate_blocked.rds",""
"blocked","hard","klue_ml",NA,0.1,"misses",2,"output/stress_replicate_blocked.rds",""
"blocked","hard","klue_ml",NA,0.5,"misses",2,"output/stress_replicate_blocked.rds",""
"blocked","hard","klue_ml",NA,1,"misses",1,"output/stress_replicate_blocked.rds",""
"blocked","hard","klue_ml",NA,2,"misses",0,"output/stress_replicate_blocked.rds",""
"blocked","hard","klue_ml",NA,5,"misses",0,"output/stress_replicate_blocked.rds",""
"blocked","hard","klue_ml",NA,NA,"mean_secs",3.091696,"output/stress_replicate_blocked.rds",""
"blocked","hard","klue_em",NA,NA,"mean_gap_LL",-0.1808544,"output/stress_replicate_blocked.rds",""
"blocked","hard","klue_em",NA,0.1,"misses",1,"output/stress_replicate_blocked.rds",""
"blocked","hard","klue_em",NA,0.5,"misses",1,"output/stress_replicate_blocked.rds",""
"blocked","hard","klue_em",NA,1,"misses",1,"output/stress_replicate_blocked.rds",""
"blocked","hard","klue_em",NA,2,"misses",0,"output/stress_replicate_blocked.rds",""
"blocked","hard","klue_em",NA,5,"misses",0,"output/stress_replicate_blocked.rds",""
"blocked","hard","klue_em",NA,NA,"mean_secs",50.9104,"output/stress_replicate_blocked.rds",""
"blocked","hard","klue_em","klue_ml",NA,"mean_secs_ratio",16.46682,"output/stress_replicate_blocked.rds","the arm's mean seconds over the comparator's"
"blocked","hard","klue_em_rp",NA,NA,"mean_gap_LL",-0.2368217,"output/stress_replicate_blocked.rds",""
"blocked","hard","klue_em_rp",NA,0.1,"misses",2,"output/stress_replicate_blocked.rds",""
"blocked","hard","klue_em_rp",NA,0.5,"misses",2,"output/stress_replicate_blocked.rds",""
"blocked","hard","klue_em_rp",NA,1,"misses",1,"output/stress_replicate_blocked.rds",""
"blocked","hard","klue_em_rp",NA,2,"misses",0,"output/stress_replicate_blocked.rds",""
"blocked","hard","klue_em_rp",NA,5,"misses",0,"output/stress_replicate_blocked.rds",""
"blocked","hard","klue_em_rp",NA,NA,"mean_secs",57.77626,"output/stress_replicate_blocked.rds",""
"blocked","hard","klue_em_rp","klue_ml",NA,"mean_secs_ratio",18.68756,"output/stress_replicate_blocked.rds","the arm's mean seconds over the comparator's"
"blocked","hard","gmnl_lc",NA,NA,"mean_gap_LL",-1.563426,"output/stress_replicate_blocked.rds",""
"blocked","hard","gmnl_lc",NA,0.1,"misses",3,"output/stress_replicate_blocked.rds",""
"blocked","hard","gmnl_lc",NA,0.5,"misses",3,"output/stress_replicate_blocked.rds",""
"blocked","hard","gmnl_lc",NA,1,"misses",2,"output/stress_replicate_blocked.rds",""
"blocked","hard","gmnl_lc",NA,2,"misses",2,"output/stress_replicate_blocked.rds",""
"blocked","hard","gmnl_lc",NA,5,"misses",2,"output/stress_replicate_blocked.rds",""
"blocked","hard","gmnl_lc",NA,NA,"mean_secs",8.240544,"output/stress_replicate_blocked.rds",""
"blocked","hard","gmnl_lc","klue_ml",NA,"mean_secs_ratio",2.66538,"output/stress_replicate_blocked.rds","the arm's mean seconds over the comparator's"
"blocked","hard","apollo_searchStart",NA,NA,"mean_gap_LL",-0.2056795,"output/stress_replicate_blocked.rds",""
"blocked","hard","apollo_searchStart",NA,0.1,"misses",1,"output/stress_replicate_blocked.rds",""
"blocked","hard","apollo_searchStart",NA,0.5,"misses",1,"output/stress_replicate_blocked.rds",""
"blocked","hard","apollo_searchStart",NA,1,"misses",1,"output/stress_replicate_blocked.rds",""
"blocked","hard","apollo_searchStart",NA,2,"misses",1,"output/stress_replicate_blocked.rds",""
"blocked","hard","apollo_searchStart",NA,5,"misses",0,"output/stress_replicate_blocked.rds",""
"blocked","hard","apollo_searchStart",NA,NA,"mean_secs",4682.537,"output/stress_replicate_blocked.rds",""
"blocked","hard","apollo_searchStart","klue_ml",NA,"mean_secs_ratio",1514.553,"output/stress_replicate_blocked.rds","the arm's mean seconds over the comparator's"
"blocked","hard","apollo_ss_published",NA,NA,"mean_gap_LL",-8.371557,"output/stress_replicate_blocked.rds",""
"blocked","hard","apollo_ss_published",NA,0.1,"misses",8,"output/stress_replicate_blocked.rds",""
"blocked","hard","apollo_ss_published",NA,0.5,"misses",8,"output/stress_replicate_blocked.rds",""
"blocked","hard","apollo_ss_published",NA,1,"misses",8,"output/stress_replicate_blocked.rds",""
"blocked","hard","apollo_ss_published",NA,2,"misses",7,"output/stress_replicate_blocked.rds",""
"blocked","hard","apollo_ss_published",NA,5,"misses",6,"output/stress_replicate_blocked.rds",""
"blocked","hard","apollo_ss_published",NA,NA,"mean_secs",31.01544,"output/stress_replicate_blocked.rds","stale: dev/rerun_apollo_blocked.R rewrote this arm's LLs but not its seconds; the paper reports seed1_secs"
"blocked","hard","apollo_ss_published","klue_ml",NA,"mean_secs_ratio",10.03185,"output/stress_replicate_blocked.rds","the arm's mean seconds over the comparator's; stale"
"blocked","hard","apollo_lcEM",NA,NA,"mean_gap_LL",-3.511907,"output/stress_replicate_blocked.rds",""
"blocked","hard","apollo_lcEM",NA,0.1,"misses",7,"output/stress_replicate_blocked.rds",""
"blocked","hard","apollo_lcEM",NA,0.5,"misses",7,"output/stress_replicate_blocked.rds",""
"blocked","hard","apollo_lcEM",NA,1,"misses",7,"output/stress_replicate_blocked.rds",""
"blocked","hard","apollo_lcEM",NA,2,"misses",6,"output/stress_replicate_blocked.rds",""
"blocked","hard","apollo_lcEM",NA,5,"misses",2,"output/stress_replicate_blocked.rds",""
"blocked","hard","apollo_lcEM",NA,NA,"mean_secs",77.60167,"output/stress_replicate_blocked.rds",""
"blocked","hard","apollo_lcEM","klue_ml",NA,"mean_secs_ratio",25.10003,"output/stress_replicate_blocked.rds","the arm's mean seconds over the comparator's"
"blocked","hard","apollo_clust",NA,NA,"mean_gap_LL",-0.1383973,"output/stress_replicate_blocked.rds",""
"blocked","hard","apollo_clust",NA,0.1,"misses",1,"output/stress_replicate_blocked.rds",""
"blocked","hard","apollo_clust",NA,0.5,"misses",1,"output/stress_replicate_blocked.rds",""
"blocked","hard","apollo_clust",NA,1,"misses",1,"output/stress_replicate_blocked.rds",""
"blocked","hard","apollo_clust",NA,2,"misses",0,"output/stress_replicate_blocked.rds",""
"blocked","hard","apollo_clust",NA,5,"misses",0,"output/stress_replicate_blocked.rds",""
"blocked","hard","apollo_clust",NA,NA,"mean_secs",74.68641,"output/stress_replicate_blocked.rds",""
"blocked","hard","apollo_clust","klue_ml",NA,"mean_secs_ratio",24.1571,"output/stress_replicate_blocked.rds","the arm's mean seconds over the comparator's"
"blocked","very_hard",NA,NA,NA,"n_cells",10,"output/stress_replicate_blocked.rds",""
"blocked","very_hard","klue_ml",NA,NA,"mean_gap_LL",-0.2117404,"output/stress_replicate_blocked.rds",""
"blocked","very_hard","klue_ml",NA,0.1,"misses",2,"output/stress_replicate_blocked.rds",""
"blocked","very_hard","klue_ml",NA,0.5,"misses",1,"output/stress_replicate_blocked.rds",""
"blocked","very_hard","klue_ml",NA,1,"misses",1,"output/stress_replicate_blocked.rds",""
"blocked","very_hard","klue_ml",NA,2,"misses",0,"output/stress_replicate_blocked.rds",""
"blocked","very_hard","klue_ml",NA,5,"misses",0,"output/stress_replicate_blocked.rds",""
"blocked","very_hard","klue_ml",NA,NA,"mean_secs",3.371492,"output/stress_replicate_blocked.rds",""
"blocked","very_hard","klue_em",NA,NA,"mean_gap_LL",-0.2117474,"output/stress_replicate_blocked.rds",""
"blocked","very_hard","klue_em",NA,0.1,"misses",2,"output/stress_replicate_blocked.rds",""
"blocked","very_hard","klue_em",NA,0.5,"misses",1,"output/stress_replicate_blocked.rds",""
"blocked","very_hard","klue_em",NA,1,"misses",1,"output/stress_replicate_blocked.rds",""
"blocked","very_hard","klue_em",NA,2,"misses",0,"output/stress_replicate_blocked.rds",""
"blocked","very_hard","klue_em",NA,5,"misses",0,"output/stress_replicate_blocked.rds",""
"blocked","very_hard","klue_em",NA,NA,"mean_secs",64.87916,"output/stress_replicate_blocked.rds",""
"blocked","very_hard","klue_em","klue_ml",NA,"mean_secs_ratio",19.24346,"output/stress_replicate_blocked.rds","the arm's mean seconds over the comparator's"
"blocked","very_hard","klue_em_rp",NA,NA,"mean_gap_LL",-0.1227293,"output/stress_replicate_blocked.rds",""
"blocked","very_hard","klue_em_rp",NA,0.1,"misses",1,"output/stress_replicate_blocked.rds",""
"blocked","very_hard","klue_em_rp",NA,0.5,"misses",1,"output/stress_replicate_blocked.rds",""
"blocked","very_hard","klue_em_rp",NA,1,"misses",1,"output/stress_replicate_blocked.rds",""
"blocked","very_hard","klue_em_rp",NA,2,"misses",0,"output/stress_replicate_blocked.rds",""
"blocked","very_hard","klue_em_rp",NA,5,"misses",0,"output/stress_replicate_blocked.rds",""
"blocked","very_hard","klue_em_rp",NA,NA,"mean_secs",74.42832,"output/stress_replicate_blocked.rds",""
"blocked","very_hard","klue_em_rp","klue_ml",NA,"mean_secs_ratio",22.07578,"output/stress_replicate_blocked.rds","the arm's mean seconds over the comparator's"
"blocked","very_hard","gmnl_lc",NA,NA,"mean_gap_LL",-0.9562434,"output/stress_replicate_blocked.rds",""
"blocked","very_hard","gmnl_lc",NA,0.1,"misses",5,"output/stress_replicate_blocked.rds",""
"blocked","very_hard","gmnl_lc",NA,0.5,"misses",4,"output/stress_replicate_blocked.rds",""
"blocked","very_hard","gmnl_lc",NA,1,"misses",4,"output/stress_replicate_blocked.rds",""
"blocked","very_hard","gmnl_lc",NA,2,"misses",2,"output/stress_replicate_blocked.rds",""
"blocked","very_hard","gmnl_lc",NA,5,"misses",0,"output/stress_replicate_blocked.rds",""
"blocked","very_hard","gmnl_lc",NA,NA,"mean_secs",10.06224,"output/stress_replicate_blocked.rds",""
"blocked","very_hard","gmnl_lc","klue_ml",NA,"mean_secs_ratio",2.984507,"output/stress_replicate_blocked.rds","the arm's mean seconds over the comparator's"
"blocked","very_hard","apollo_searchStart",NA,NA,"mean_gap_LL",-2.453642e-07,"output/stress_replicate_blocked.rds",""
"blocked","very_hard","apollo_searchStart",NA,0.1,"misses",0,"output/stress_replicate_blocked.rds",""
"blocked","very_hard","apollo_searchStart",NA,0.5,"misses",0,"output/stress_replicate_blocked.rds",""
"blocked","very_hard","apollo_searchStart",NA,1,"misses",0,"output/stress_replicate_blocked.rds",""
"blocked","very_hard","apollo_searchStart",NA,2,"misses",0,"output/stress_replicate_blocked.rds",""
"blocked","very_hard","apollo_searchStart",NA,5,"misses",0,"output/stress_replicate_blocked.rds",""
"blocked","very_hard","apollo_searchStart",NA,NA,"mean_secs",4681.305,"output/stress_replicate_blocked.rds",""
"blocked","very_hard","apollo_searchStart","klue_ml",NA,"mean_secs_ratio",1388.497,"output/stress_replicate_blocked.rds","the arm's mean seconds over the comparator's"
"blocked","very_hard","apollo_ss_published",NA,NA,"mean_gap_LL",-6.425458,"output/stress_replicate_blocked.rds",""
"blocked","very_hard","apollo_ss_published",NA,0.1,"misses",9,"output/stress_replicate_blocked.rds",""
"blocked","very_hard","apollo_ss_published",NA,0.5,"misses",8,"output/stress_replicate_blocked.rds",""
"blocked","very_hard","apollo_ss_published",NA,1,"misses",8,"output/stress_replicate_blocked.rds",""
"blocked","very_hard","apollo_ss_published",NA,2,"misses",7,"output/stress_replicate_blocked.rds",""
"blocked","very_hard","apollo_ss_published",NA,5,"misses",4,"output/stress_replicate_blocked.rds",""
"blocked","very_hard","apollo_ss_published",NA,NA,"mean_secs",501.571,"output/stress_replicate_blocked.rds","stale: dev/rerun_apollo_blocked.R rewrote this arm's LLs but not its seconds; the paper reports seed1_secs"
"blocked","very_hard","apollo_ss_published","klue_ml",NA,"mean_secs_ratio",148.7683,"output/stress_replicate_blocked.rds","the arm's mean seconds over the comparator's; stale"
"blocked","very_hard","apollo_lcEM",NA,NA,"mean_gap_LL",-2.505178,"output/stress_replicate_blocked.rds",""
"blocked","very_hard","apollo_lcEM",NA,0.1,"misses",9,"output/stress_replicate_blocked.rds",""
"blocked","very_hard","apollo_lcEM",NA,0.5,"misses",6,"output/stress_replicate_blocked.rds",""
"blocked","very_hard","apollo_lcEM",NA,1,"misses",6,"output/stress_replicate_blocked.rds",""
"blocked","very_hard","apollo_lcEM",NA,2,"misses",5,"output/stress_replicate_blocked.rds",""
"blocked","very_hard","apollo_lcEM",NA,5,"misses",2,"output/stress_replicate_blocked.rds",""
"blocked","very_hard","apollo_lcEM",NA,NA,"mean_secs",80.92052,"output/stress_replicate_blocked.rds",""
"blocked","very_hard","apollo_lcEM","klue_ml",NA,"mean_secs_ratio",24.0014,"output/stress_replicate_blocked.rds","the arm's mean seconds over the comparator's"
"blocked","very_hard","apollo_clust",NA,NA,"mean_gap_LL",-0.2117405,"output/stress_replicate_blocked.rds",""
"blocked","very_hard","apollo_clust",NA,0.1,"misses",2,"output/stress_replicate_blocked.rds",""
"blocked","very_hard","apollo_clust",NA,0.5,"misses",1,"output/stress_replicate_blocked.rds",""
"blocked","very_hard","apollo_clust",NA,1,"misses",1,"output/stress_replicate_blocked.rds",""
"blocked","very_hard","apollo_clust",NA,2,"misses",0,"output/stress_replicate_blocked.rds",""
"blocked","very_hard","apollo_clust",NA,5,"misses",0,"output/stress_replicate_blocked.rds",""
"blocked","very_hard","apollo_clust",NA,NA,"mean_secs",77.92599,"output/stress_replicate_blocked.rds",""
"blocked","very_hard","apollo_clust","klue_ml",NA,"mean_secs_ratio",23.11321,"output/stress_replicate_blocked.rds","the arm's mean seconds over the comparator's"
"blocked","all","klue_ml",NA,NA,"rung_mean_secs_min",1.81724,"output/stress_replicate_blocked.rds",""
"blocked","all","klue_ml",NA,NA,"rung_mean_secs_max",3.371492,"output/stress_replicate_blocked.rds",""
"blocked","all","klue_ml",NA,NA,"secs_min",1.467251,"output/stress_replicate_blocked.rds",""
"blocked","all","klue_ml",NA,NA,"secs_median",2.963363,"output/stress_replicate_blocked.rds",""
"blocked","all","klue_ml",NA,NA,"secs_max",4.77269,"output/stress_replicate_blocked.rds",""
"blocked","all","klue_em",NA,NA,"rung_mean_secs_min",9.464532,"output/stress_replicate_blocked.rds",""
"blocked","all","klue_em",NA,NA,"rung_mean_secs_max",64.87916,"output/stress_replicate_blocked.rds",""
"blocked","all","klue_em",NA,NA,"secs_min",5.873232,"output/stress_replicate_blocked.rds",""
"blocked","all","klue_em",NA,NA,"secs_median",41.30587,"output/stress_replicate_blocked.rds",""
"blocked","all","klue_em",NA,NA,"secs_max",112.7821,"output/stress_replicate_blocked.rds",""
"blocked","all","klue_em_rp",NA,NA,"rung_mean_secs_min",10.2155,"output/stress_replicate_blocked.rds",""
"blocked","all","klue_em_rp",NA,NA,"rung_mean_secs_max",74.42832,"output/stress_replicate_blocked.rds",""
"blocked","all","klue_em_rp",NA,NA,"secs_min",7.141077,"output/stress_replicate_blocked.rds",""
"blocked","all","klue_em_rp",NA,NA,"secs_median",42.5984,"output/stress_replicate_blocked.rds",""
"blocked","all","klue_em_rp",NA,NA,"secs_max",131.5345,"output/stress_replicate_blocked.rds",""
"blocked","all","gmnl_lc",NA,NA,"rung_mean_secs_min",3.532534,"output/stress_replicate_blocked.rds",""
"blocked","all","gmnl_lc",NA,NA,"rung_mean_secs_max",10.06224,"output/stress_replicate_blocked.rds",""
"blocked","all","gmnl_lc",NA,NA,"secs_min",2.70114,"output/stress_replicate_blocked.rds",""
"blocked","all","gmnl_lc",NA,NA,"secs_median",6.954545,"output/stress_replicate_blocked.rds",""
"blocked","all","gmnl_lc",NA,NA,"secs_max",16.00863,"output/stress_replicate_blocked.rds",""
"blocked","all","apollo_searchStart",NA,NA,"rung_mean_secs_min",2309.13,"output/stress_replicate_blocked.rds",""
"blocked","all","apollo_searchStart",NA,NA,"rung_mean_secs_max",4682.537,"output/stress_replicate_blocked.rds",""
"blocked","all","apollo_searchStart",NA,NA,"secs_min",1978.522,"output/stress_replicate_blocked.rds",""
"blocked","all","apollo_searchStart",NA,NA,"secs_median",4587.447,"output/stress_replicate_blocked.rds",""
"blocked","all","apollo_searchStart",NA,NA,"secs_max",5101.517,"output/stress_replicate_blocked.rds",""
"blocked","all","apollo_ss_published",NA,NA,"rung_mean_secs_min",13.19151,"output/stress_replicate_blocked.rds","stale: dev/rerun_apollo_blocked.R rewrote this arm's LLs but not its seconds; the paper reports seed1_secs"
"blocked","all","apollo_ss_published",NA,NA,"rung_mean_secs_max",501.571,"output/stress_replicate_blocked.rds","stale: dev/rerun_apollo_blocked.R rewrote this arm's LLs but not its seconds; the paper reports seed1_secs"
"blocked","all","apollo_ss_published",NA,NA,"secs_min",12.97145,"output/stress_replicate_blocked.rds","stale: dev/rerun_apollo_blocked.R rewrote this arm's LLs but not its seconds; the paper reports seed1_secs"
"blocked","all","apollo_ss_published",NA,NA,"secs_median",31.02534,"output/stress_replicate_blocked.rds","stale: dev/rerun_apollo_blocked.R rewrote this arm's LLs but not its seconds; the paper reports seed1_secs"
"blocked","all","apollo_ss_published",NA,NA,"secs_max",743.2712,"output/stress_replicate_blocked.rds","stale: dev/rerun_apollo_blocked.R rewrote this arm's LLs but not its seconds; the paper reports seed1_secs"
"blocked","all","apollo_lcEM",NA,NA,"rung_mean_secs_min",44.73822,"output/stress_replicate_blocked.rds",""
"blocked","all","apollo_lcEM",NA,NA,"rung_mean_secs_max",80.92052,"output/stress_replicate_blocked.rds",""
"blocked","all","apollo_lcEM",NA,NA,"secs_min",28.69058,"output/stress_replicate_blocked.rds",""
"blocked","all","apollo_lcEM",NA,NA,"secs_median",73.53488,"output/stress_replicate_blocked.rds",""
"blocked","all","apollo_lcEM",NA,NA,"secs_max",138.5394,"output/stress_replicate_blocked.rds",""
"blocked","all","apollo_clust",NA,NA,"rung_mean_secs_min",38.21784,"output/stress_replicate_blocked.rds",""
"blocked","all","apollo_clust",NA,NA,"rung_mean_secs_max",77.92599,"output/stress_replicate_blocked.rds",""
"blocked","all","apollo_clust",NA,NA,"secs_min",29.40721,"output/stress_replicate_blocked.rds",""
"blocked","all","apollo_clust",NA,NA,"secs_median",73.42109,"output/stress_replicate_blocked.rds",""
"blocked","all","apollo_clust",NA,NA,"secs_max",92.7214,"output/stress_replicate_blocked.rds",""
"blocked","all","klue_em+klue_em_rp",NA,NA,"rung_mean_secs_min",9.464532,"output/stress_replicate_blocked.rds",""
"blocked","all","klue_em+klue_em_rp",NA,NA,"rung_mean_secs_max",74.42832,"output/stress_replicate_blocked.rds",""
"blocked","moderate","apollo_ss_published",NA,NA,"seed1_secs",443,"output/apollo_smartstart_diag.csv","bounded_secs of dev/run_apollo_smartstart.R, the reduced search on seed 1 of the rung: the times the paper reports"
"blocked","hard","apollo_ss_published",NA,NA,"seed1_secs",840,"output/apollo_smartstart_diag.csv","bounded_secs of dev/run_apollo_smartstart.R, the reduced search on seed 1 of the rung: the times the paper reports"
"blocked","very_hard","apollo_ss_published",NA,NA,"seed1_secs",805,"output/apollo_smartstart_diag.csv","bounded_secs of dev/run_apollo_smartstart.R, the reduced search on seed 1 of the rung: the times the paper reports"
"blocked","all","apollo_ss_published",NA,NA,"seed1_secs_min",443,"output/apollo_smartstart_diag.csv","bounded_secs of dev/run_apollo_smartstart.R, the reduced search on seed 1 of the rung: the times the paper reports"
"blocked","all","apollo_ss_published",NA,NA,"seed1_secs_max",840,"output/apollo_smartstart_diag.csv","bounded_secs of dev/run_apollo_smartstart.R, the reduced search on seed 1 of the rung: the times the paper reports"
"blocked","hard+very_hard",NA,NA,NA,"n_cells",20,"output/stress_replicate_blocked.rds",""
"blocked","hard+very_hard","klue_ml",NA,0.1,"misses",4,"output/stress_replicate_blocked.rds",""
"blocked","hard+very_hard","klue_ml",NA,0.5,"misses",3,"output/stress_replicate_blocked.rds",""
"blocked","hard+very_hard","klue_ml",NA,1,"misses",2,"output/stress_replicate_blocked.rds",""
"blocked","hard+very_hard","klue_ml",NA,2,"misses",0,"output/stress_replicate_blocked.rds",""
"blocked","hard+very_hard","klue_ml",NA,5,"misses",0,"output/stress_replicate_blocked.rds",""
"blocked","hard+very_hard","klue_ml",NA,0.5,"reached",17,"output/stress_replicate_blocked.rds",""
"blocked","hard+very_hard","klue_ml",NA,0.5,"miss_rate_wilson95_lower",0.05236875,"output/stress_replicate_blocked.rds",""
"blocked","hard+very_hard","klue_ml",NA,0.5,"miss_rate_wilson95_upper",0.3604189,"output/stress_replicate_blocked.rds",""
"blocked","hard+very_hard","klue_ml",NA,0.5,"shortfall_min_LL",0.9841776,"output/stress_replicate_blocked.rds",""
"blocked","hard+very_hard","klue_ml",NA,0.5,"shortfall_max_LL",1.986865,"output/stress_replicate_blocked.rds",""
"blocked","hard+very_hard","klue_ml",NA,0.5,"bic_equivalent_min",1.968355,"output/stress_replicate_blocked.rds",""
"blocked","hard+very_hard","klue_ml",NA,0.5,"bic_equivalent_max",3.97373,"output/stress_replicate_blocked.rds",""
"blocked","hard+very_hard","klue_em",NA,0.1,"misses",3,"output/stress_replicate_blocked.rds",""
"blocked","hard+very_hard","klue_em",NA,0.5,"misses",2,"output/stress_replicate_blocked.rds",""
"blocked","hard+very_hard","klue_em",NA,1,"misses",2,"output/stress_replicate_blocked.rds",""
"blocked","hard+very_hard","klue_em",NA,2,"misses",0,"output/stress_replicate_blocked.rds",""
"blocked","hard+very_hard","klue_em",NA,5,"misses",0,"output/stress_replicate_blocked.rds",""
"blocked","hard+very_hard","klue_em",NA,0.5,"reached",18,"output/stress_replicate_blocked.rds",""
"blocked","hard+very_hard","klue_em",NA,0.5,"miss_rate_wilson95_lower",0.02786648,"output/stress_replicate_blocked.rds",""
"blocked","hard+very_hard","klue_em",NA,0.5,"miss_rate_wilson95_upper",0.3010336,"output/stress_replicate_blocked.rds",""
"blocked","hard+very_hard","klue_em",NA,0.5,"shortfall_min_LL",1.808446,"output/stress_replicate_blocked.rds",""
"blocked","hard+very_hard","klue_em",NA,0.5,"shortfall_max_LL",1.986875,"output/stress_replicate_blocked.rds",""
"blocked","hard+very_hard","klue_em",NA,0.5,"bic_equivalent_min",3.616893,"output/stress_replicate_blocked.rds",""
"blocked","hard+very_hard","klue_em",NA,0.5,"bic_equivalent_max",3.973751,"output/stress_replicate_blocked.rds",""
"blocked","hard+very_hard","klue_em","klue_ml",0.5,"mcnemar_only_method",0,"output/stress_replicate_blocked.rds",""
"blocked","hard+very_hard","klue_em","klue_ml",0.5,"mcnemar_only_comparator",1,"output/stress_replicate_blocked.rds",""
"blocked","hard+very_hard","klue_em","klue_ml",0.5,"mcnemar_both",2,"output/stress_replicate_blocked.rds",""
"blocked","hard+very_hard","klue_em","klue_ml",0.5,"mcnemar_neither",17,"output/stress_replicate_blocked.rds",""
"blocked","hard+very_hard","klue_em","klue_ml",0.5,"mcnemar_p_exact",1,"output/stress_replicate_blocked.rds",""
"blocked","hard+very_hard","klue_em_rp",NA,0.1,"misses",3,"output/stress_replicate_blocked.rds",""
"blocked","hard+very_hard","klue_em_rp",NA,0.5,"misses",3,"output/stress_replicate_blocked.rds",""
"blocked","hard+very_hard","klue_em_rp",NA,1,"misses",2,"output/stress_replicate_blocked.rds",""
"blocked","hard+very_hard","klue_em_rp",NA,2,"misses",0,"output/stress_replicate_blocked.rds",""
"blocked","hard+very_hard","klue_em_rp",NA,5,"misses",0,"output/stress_replicate_blocked.rds",""
"blocked","hard+very_hard","klue_em_rp",NA,0.5,"reached",17,"output/stress_replicate_blocked.rds",""
"blocked","hard+very_hard","klue_em_rp",NA,0.5,"miss_rate_wilson95_lower",0.05236875,"output/stress_replicate_blocked.rds",""
"blocked","hard+very_hard","klue_em_rp",NA,0.5,"miss_rate_wilson95_upper",0.3604189,"output/stress_replicate_blocked.rds",""
"blocked","hard+very_hard","klue_em_rp",NA,0.5,"shortfall_min_LL",0.9841823,"output/stress_replicate_blocked.rds",""
"blocked","hard+very_hard","klue_em_rp",NA,0.5,"shortfall_max_LL",1.383982,"output/stress_replicate_blocked.rds",""
"blocked","hard+very_hard","klue_em_rp",NA,0.5,"bic_equivalent_min",1.968365,"output/stress_replicate_blocked.rds",""
"blocked","hard+very_hard","klue_em_rp",NA,0.5,"bic_equivalent_max",2.767963,"output/stress_replicate_blocked.rds",""
"blocked","hard+very_hard","klue_em_rp","klue_ml",0.5,"mcnemar_only_method",1,"output/stress_replicate_blocked.rds",""
"blocked","hard+very_hard","klue_em_rp","klue_ml",0.5,"mcnemar_only_comparator",1,"output/stress_replicate_blocked.rds",""
"blocked","hard+very_hard","klue_em_rp","klue_ml",0.5,"mcnemar_both",2,"output/stress_replicate_blocked.rds",""
"blocked","hard+very_hard","klue_em_rp","klue_ml",0.5,"mcnemar_neither",16,"output/stress_replicate_blocked.rds",""
"blocked","hard+very_hard","klue_em_rp","klue_ml",0.5,"mcnemar_p_exact",1,"output/stress_replicate_blocked.rds",""
"blocked","hard+very_hard","gmnl_lc",NA,0.1,"misses",8,"output/stress_replicate_blocked.rds",""
"blocked","hard+very_hard","gmnl_lc",NA,0.5,"misses",7,"output/stress_replicate_blocked.rds",""
"blocked","hard+very_hard","gmnl_lc",NA,1,"misses",6,"output/stress_replicate_blocked.rds",""
"blocked","hard+very_hard","gmnl_lc",NA,2,"misses",4,"output/stress_replicate_blocked.rds",""
"blocked","hard+very_hard","gmnl_lc",NA,5,"misses",2,"output/stress_replicate_blocked.rds",""
"blocked","hard+very_hard","gmnl_lc",NA,0.5,"reached",13,"output/stress_replicate_blocked.rds",""
"blocked","hard+very_hard","gmnl_lc",NA,0.5,"miss_rate_wilson95_lower",0.1811918,"output/stress_replicate_blocked.rds",""
"blocked","hard+very_hard","gmnl_lc",NA,0.5,"miss_rate_wilson95_upper",0.5671457,"output/stress_replicate_blocked.rds",""
"blocked","hard+very_hard","gmnl_lc",NA,0.5,"shortfall_min_LL",0.9842642,"output/stress_replicate_blocked.rds",""
"blocked","hard+very_hard","gmnl_lc",NA,0.5,"shortfall_max_LL",9.495391,"output/stress_replicate_blocked.rds",""
"blocked","hard+very_hard","gmnl_lc",NA,0.5,"bic_equivalent_min",1.968528,"output/stress_replicate_blocked.rds",""
"blocked","hard+very_hard","gmnl_lc",NA,0.5,"bic_equivalent_max",18.99078,"output/stress_replicate_blocked.rds",""
"blocked","hard+very_hard","gmnl_lc","klue_ml",0.5,"mcnemar_only_method",6,"output/stress_replicate_blocked.rds",""
"blocked","hard+very_hard","gmnl_lc","klue_ml",0.5,"mcnemar_only_comparator",2,"output/stress_replicate_blocked.rds",""
"blocked","hard+very_hard","gmnl_lc","klue_ml",0.5,"mcnemar_both",1,"output/stress_replicate_blocked.rds",""
"blocked","hard+very_hard","gmnl_lc","klue_ml",0.5,"mcnemar_neither",11,"output/stress_replicate_blocked.rds",""
"blocked","hard+very_hard","gmnl_lc","klue_ml",0.5,"mcnemar_p_exact",0.2890625,"output/stress_replicate_blocked.rds",""
"blocked","hard+very_hard","apollo_searchStart",NA,0.1,"misses",1,"output/stress_replicate_blocked.rds",""
"blocked","hard+very_hard","apollo_searchStart",NA,0.5,"misses",1,"output/stress_replicate_blocked.rds",""
"blocked","hard+very_hard","apollo_searchStart",NA,1,"misses",1,"output/stress_replicate_blocked.rds",""
"blocked","hard+very_hard","apollo_searchStart",NA,2,"misses",1,"output/stress_replicate_blocked.rds",""
"blocked","hard+very_hard","apollo_searchStart",NA,5,"misses",0,"output/stress_replicate_blocked.rds",""
"blocked","hard+very_hard","apollo_searchStart",NA,0.5,"reached",19,"output/stress_replicate_blocked.rds",""
"blocked","hard+very_hard","apollo_searchStart",NA,0.5,"miss_rate_wilson95_lower",0.008881449,"output/stress_replicate_blocked.rds",""
"blocked","hard+very_hard","apollo_searchStart",NA,0.5,"miss_rate_wilson95_upper",0.2361312,"output/stress_replicate_blocked.rds",""
"blocked","hard+very_hard","apollo_searchStart",NA,0.5,"shortfall_min_LL",2.056793,"output/stress_replicate_blocked.rds",""
"blocked","hard+very_hard","apollo_searchStart",NA,0.5,"shortfall_max_LL",2.056793,"output/stress_replicate_blocked.rds",""
"blocked","hard+very_hard","apollo_searchStart",NA,0.5,"bic_equivalent_min",4.113586,"output/stress_replicate_blocked.rds",""
"blocked","hard+very_hard","apollo_searchStart",NA,0.5,"bic_equivalent_max",4.113586,"output/stress_replicate_blocked.rds",""
"blocked","hard+very_hard","apollo_searchStart","klue_ml",0.5,"mcnemar_only_method",0,"output/stress_replicate_blocked.rds",""
"blocked","hard+very_hard","apollo_searchStart","klue_ml",0.5,"mcnemar_only_comparator",2,"output/stress_replicate_blocked.rds",""
"blocked","hard+very_hard","apollo_searchStart","klue_ml",0.5,"mcnemar_both",1,"output/stress_replicate_blocked.rds",""
"blocked","hard+very_hard","apollo_searchStart","klue_ml",0.5,"mcnemar_neither",17,"output/stress_replicate_blocked.rds",""
"blocked","hard+very_hard","apollo_searchStart","klue_ml",0.5,"mcnemar_p_exact",0.5,"output/stress_replicate_blocked.rds",""
"blocked","hard+very_hard","apollo_ss_published",NA,0.1,"misses",17,"output/stress_replicate_blocked.rds",""
"blocked","hard+very_hard","apollo_ss_published",NA,0.5,"misses",16,"output/stress_replicate_blocked.rds",""
"blocked","hard+very_hard","apollo_ss_published",NA,1,"misses",16,"output/stress_replicate_blocked.rds",""
"blocked","hard+very_hard","apollo_ss_published",NA,2,"misses",14,"output/stress_replicate_blocked.rds",""
"blocked","hard+very_hard","apollo_ss_published",NA,5,"misses",10,"output/stress_replicate_blocked.rds",""
"blocked","hard+very_hard","apollo_ss_published",NA,0.5,"reached",4,"output/stress_replicate_blocked.rds",""
"blocked","hard+very_hard","apollo_ss_published",NA,0.5,"miss_rate_wilson95_lower",0.5839826,"output/stress_replicate_blocked.rds",""
"blocked","hard+very_hard","apollo_ss_published",NA,0.5,"miss_rate_wilson95_upper",0.9193423,"output/stress_replicate_blocked.rds",""
"blocked","hard+very_hard","apollo_ss_published",NA,0.5,"shortfall_min_LL",1.227205,"output/stress_replicate_blocked.rds",""
"blocked","hard+very_hard","apollo_ss_published",NA,0.5,"shortfall_max_LL",20.08657,"output/stress_replicate_blocked.rds",""
"blocked","hard+very_hard","apollo_ss_published",NA,0.5,"bic_equivalent_min",2.45441,"output/stress_replicate_blocked.rds",""
"blocked","hard+very_hard","apollo_ss_published",NA,0.5,"bic_equivalent_max",40.17314,"output/stress_replicate_blocked.rds",""
"blocked","hard+very_hard","apollo_ss_published","klue_ml",0.5,"mcnemar_only_method",13,"output/stress_replicate_blocked.rds",""
"blocked","hard+very_hard","apollo_ss_published","klue_ml",0.5,"mcnemar_only_comparator",0,"output/stress_replicate_blocked.rds",""
"blocked","hard+very_hard","apollo_ss_published","klue_ml",0.5,"mcnemar_both",3,"output/stress_replicate_blocked.rds",""
"blocked","hard+very_hard","apollo_ss_published","klue_ml",0.5,"mcnemar_neither",4,"output/stress_replicate_blocked.rds",""
"blocked","hard+very_hard","apollo_ss_published","klue_ml",0.5,"mcnemar_p_exact",0.0002441406,"output/stress_replicate_blocked.rds",""
"blocked","hard+very_hard","apollo_lcEM",NA,0.1,"misses",16,"output/stress_replicate_blocked.rds",""
"blocked","hard+very_hard","apollo_lcEM",NA,0.5,"misses",13,"output/stress_replicate_blocked.rds",""
"blocked","hard+very_hard","apollo_lcEM",NA,1,"misses",13,"output/stress_replicate_blocked.rds",""
"blocked","hard+very_hard","apollo_lcEM",NA,2,"misses",11,"output/stress_replicate_blocked.rds",""
"blocked","hard+very_hard","apollo_lcEM",NA,5,"misses",4,"output/stress_replicate_blocked.rds",""
"blocked","hard+very_hard","apollo_lcEM",NA,0.5,"reached",7,"output/stress_replicate_blocked.rds",""
"blocked","hard+very_hard","apollo_lcEM",NA,0.5,"miss_rate_wilson95_lower",0.4328543,"output/stress_replicate_blocked.rds",""
"blocked","hard+very_hard","apollo_lcEM",NA,0.5,"miss_rate_wilson95_upper",0.8188082,"output/stress_replicate_blocked.rds",""
"blocked","hard+very_hard","apollo_lcEM",NA,0.5,"shortfall_min_LL",1.242334,"output/stress_replicate_blocked.rds",""
"blocked","hard+very_hard","apollo_lcEM",NA,0.5,"shortfall_max_LL",9.630177,"output/stress_replicate_blocked.rds",""
"blocked","hard+very_hard","apollo_lcEM",NA,0.5,"bic_equivalent_min",2.484669,"output/stress_replicate_blocked.rds",""
"blocked","hard+very_hard","apollo_lcEM",NA,0.5,"bic_equivalent_max",19.26035,"output/stress_replicate_blocked.rds",""
"blocked","hard+very_hard","apollo_lcEM","klue_ml",0.5,"mcnemar_only_method",10,"output/stress_replicate_blocked.rds",""
"blocked","hard+very_hard","apollo_lcEM","klue_ml",0.5,"mcnemar_only_comparator",0,"output/stress_replicate_blocked.rds",""
"blocked","hard+very_hard","apollo_lcEM","klue_ml",0.5,"mcnemar_both",3,"output/stress_replicate_blocked.rds",""
"blocked","hard+very_hard","apollo_lcEM","klue_ml",0.5,"mcnemar_neither",7,"output/stress_replicate_blocked.rds",""
"blocked","hard+very_hard","apollo_lcEM","klue_ml",0.5,"mcnemar_p_exact",0.001953125,"output/stress_replicate_blocked.rds",""
"blocked","hard+very_hard","apollo_clust",NA,0.1,"misses",3,"output/stress_replicate_blocked.rds",""
"blocked","hard+very_hard","apollo_clust",NA,0.5,"misses",2,"output/stress_replicate_blocked.rds",""
"blocked","hard+very_hard","apollo_clust",NA,1,"misses",2,"output/stress_replicate_blocked.rds",""
"blocked","hard+very_hard","apollo_clust",NA,2,"misses",0,"output/stress_replicate_blocked.rds",""
"blocked","hard+very_hard","apollo_clust",NA,5,"misses",0,"output/stress_replicate_blocked.rds",""
"blocked","hard+very_hard","apollo_clust",NA,0.5,"reached",18,"output/stress_replicate_blocked.rds",""
"blocked","hard+very_hard","apollo_clust",NA,0.5,"miss_rate_wilson95_lower",0.02786648,"output/stress_replicate_blocked.rds",""
"blocked","hard+very_hard","apollo_clust",NA,0.5,"miss_rate_wilson95_upper",0.3010336,"output/stress_replicate_blocked.rds",""
"blocked","hard+very_hard","apollo_clust",NA,0.5,"shortfall_min_LL",1.383973,"output/stress_replicate_blocked.rds",""
"blocked","hard+very_hard","apollo_clust",NA,0.5,"shortfall_max_LL",1.986865,"output/stress_replicate_blocked.rds",""
"blocked","hard+very_hard","apollo_clust",NA,0.5,"bic_equivalent_min",2.767946,"output/stress_replicate_blocked.rds",""
"blocked","hard+very_hard","apollo_clust",NA,0.5,"bic_equivalent_max",3.97373,"output/stress_replicate_blocked.rds",""
"blocked","hard+very_hard","apollo_clust","klue_ml",0.5,"mcnemar_only_method",0,"output/stress_replicate_blocked.rds",""
"blocked","hard+very_hard","apollo_clust","klue_ml",0.5,"mcnemar_only_comparator",1,"output/stress_replicate_blocked.rds",""
"blocked","hard+very_hard","apollo_clust","klue_ml",0.5,"mcnemar_both",2,"output/stress_replicate_blocked.rds",""
"blocked","hard+very_hard","apollo_clust","klue_ml",0.5,"mcnemar_neither",17,"output/stress_replicate_blocked.rds",""
"blocked","hard+very_hard","apollo_clust","klue_ml",0.5,"mcnemar_p_exact",1,"output/stress_replicate_blocked.rds",""
"blocked","hard+very_hard","best_of(klue_ml+klue_em+klue_em_rp)",NA,0.5,"misses",1,"output/stress_replicate_blocked.rds",""
"blocked","all",NA,NA,NA,"n_cells",30,"output/stress_replicate_blocked.rds",""
"blocked","all","klue_ml",NA,0.1,"misses",4,"output/stress_replicate_blocked.rds",""
"blocked","all","klue_ml",NA,0.5,"misses",3,"output/stress_replicate_blocked.rds",""
"blocked","all","klue_ml",NA,1,"misses",2,"output/stress_replicate_blocked.rds",""
"blocked","all","klue_ml",NA,2,"misses",0,"output/stress_replicate_blocked.rds",""
"blocked","all","klue_ml",NA,5,"misses",0,"output/stress_replicate_blocked.rds",""
"blocked","all","klue_ml",NA,0.5,"reached",27,"output/stress_replicate_blocked.rds",""
"blocked","all","klue_ml",NA,0.5,"miss_rate_wilson95_lower",0.03459989,"output/stress_replicate_blocked.rds",""
"blocked","all","klue_ml",NA,0.5,"miss_rate_wilson95_upper",0.2562108,"output/stress_replicate_blocked.rds",""
"blocked","all","klue_ml",NA,0.5,"shortfall_min_LL",0.9841776,"output/stress_replicate_blocked.rds",""
"blocked","all","klue_ml",NA,0.5,"shortfall_max_LL",1.986865,"output/stress_replicate_blocked.rds",""
"blocked","all","klue_ml",NA,0.5,"bic_equivalent_min",1.968355,"output/stress_replicate_blocked.rds",""
"blocked","all","klue_ml",NA,0.5,"bic_equivalent_max",3.97373,"output/stress_replicate_blocked.rds",""
"blocked","all","klue_em",NA,0.1,"misses",3,"output/stress_replicate_blocked.rds",""
"blocked","all","klue_em",NA,0.5,"misses",2,"output/stress_replicate_blocked.rds",""
"blocked","all","klue_em",NA,1,"misses",2,"output/stress_replicate_blocked.rds",""
"blocked","all","klue_em",NA,2,"misses",0,"output/stress_replicate_blocked.rds",""
"blocked","all","klue_em",NA,5,"misses",0,"output/stress_replicate_blocked.rds",""
"blocked","all","klue_em",NA,0.5,"reached",28,"output/stress_replicate_blocked.rds",""
"blocked","all","klue_em",NA,0.5,"miss_rate_wilson95_lower",0.01847702,"output/stress_replicate_blocked.rds",""
"blocked","all","klue_em",NA,0.5,"miss_rate_wilson95_upper",0.2132346,"output/stress_replicate_blocked.rds",""
"blocked","all","klue_em",NA,0.5,"shortfall_min_LL",1.808446,"output/stress_replicate_blocked.rds",""
"blocked","all","klue_em",NA,0.5,"shortfall_max_LL",1.986875,"output/stress_replicate_blocked.rds",""
"blocked","all","klue_em",NA,0.5,"bic_equivalent_min",3.616893,"output/stress_replicate_blocked.rds",""
"blocked","all","klue_em",NA,0.5,"bic_equivalent_max",3.973751,"output/stress_replicate_blocked.rds",""
"blocked","all","klue_em","klue_ml",0.5,"mcnemar_only_method",0,"output/stress_replicate_blocked.rds",""
"blocked","all","klue_em","klue_ml",0.5,"mcnemar_only_comparator",1,"output/stress_replicate_blocked.rds",""
"blocked","all","klue_em","klue_ml",0.5,"mcnemar_both",2,"output/stress_replicate_blocked.rds",""
"blocked","all","klue_em","klue_ml",0.5,"mcnemar_neither",27,"output/stress_replicate_blocked.rds",""
"blocked","all","klue_em","klue_ml",0.5,"mcnemar_p_exact",1,"output/stress_replicate_blocked.rds",""
"blocked","all","klue_em_rp",NA,0.1,"misses",3,"output/stress_replicate_blocked.rds",""
"blocked","all","klue_em_rp",NA,0.5,"misses",3,"output/stress_replicate_blocked.rds",""
"blocked","all","klue_em_rp",NA,1,"misses",2,"output/stress_replicate_blocked.rds",""
"blocked","all","klue_em_rp",NA,2,"misses",0,"output/stress_replicate_blocked.rds",""
"blocked","all","klue_em_rp",NA,5,"misses",0,"output/stress_replicate_blocked.rds",""
"blocked","all","klue_em_rp",NA,0.5,"reached",27,"output/stress_replicate_blocked.rds",""
"blocked","all","klue_em_rp",NA,0.5,"miss_rate_wilson95_lower",0.03459989,"output/stress_replicate_blocked.rds",""
"blocked","all","klue_em_rp",NA,0.5,"miss_rate_wilson95_upper",0.2562108,"output/stress_replicate_blocked.rds",""
"blocked","all","klue_em_rp",NA,0.5,"shortfall_min_LL",0.9841823,"output/stress_replicate_blocked.rds",""
"blocked","all","klue_em_rp",NA,0.5,"shortfall_max_LL",1.383982,"output/stress_replicate_blocked.rds",""
"blocked","all","klue_em_rp",NA,0.5,"bic_equivalent_min",1.968365,"output/stress_replicate_blocked.rds",""
"blocked","all","klue_em_rp",NA,0.5,"bic_equivalent_max",2.767963,"output/stress_replicate_blocked.rds",""
"blocked","all","klue_em_rp","klue_ml",0.5,"mcnemar_only_method",1,"output/stress_replicate_blocked.rds",""
"blocked","all","klue_em_rp","klue_ml",0.5,"mcnemar_only_comparator",1,"output/stress_replicate_blocked.rds",""
"blocked","all","klue_em_rp","klue_ml",0.5,"mcnemar_both",2,"output/stress_replicate_blocked.rds",""
"blocked","all","klue_em_rp","klue_ml",0.5,"mcnemar_neither",26,"output/stress_replicate_blocked.rds",""
"blocked","all","klue_em_rp","klue_ml",0.5,"mcnemar_p_exact",1,"output/stress_replicate_blocked.rds",""
"blocked","all","gmnl_lc",NA,0.1,"misses",8,"output/stress_replicate_blocked.rds",""
"blocked","all","gmnl_lc",NA,0.5,"misses",7,"output/stress_replicate_blocked.rds",""
"blocked","all","gmnl_lc",NA,1,"misses",6,"output/stress_replicate_blocked.rds",""
"blocked","all","gmnl_lc",NA,2,"misses",4,"output/stress_replicate_blocked.rds",""
"blocked","all","gmnl_lc",NA,5,"misses",2,"output/stress_replicate_blocked.rds",""
"blocked","all","gmnl_lc",NA,0.5,"reached",23,"output/stress_replicate_blocked.rds",""
"blocked","all","gmnl_lc",NA,0.5,"miss_rate_wilson95_lower",0.1179239,"output/stress_replicate_blocked.rds",""
"blocked","all","gmnl_lc",NA,0.5,"miss_rate_wilson95_upper",0.4092833,"output/stress_replicate_blocked.rds",""
"blocked","all","gmnl_lc",NA,0.5,"shortfall_min_LL",0.9842642,"output/stress_replicate_blocked.rds",""
"blocked","all","gmnl_lc",NA,0.5,"shortfall_max_LL",9.495391,"output/stress_replicate_blocked.rds",""
"blocked","all","gmnl_lc",NA,0.5,"bic_equivalent_min",1.968528,"output/stress_replicate_blocked.rds",""
"blocked","all","gmnl_lc",NA,0.5,"bic_equivalent_max",18.99078,"output/stress_replicate_blocked.rds",""
"blocked","all","gmnl_lc","klue_ml",0.5,"mcnemar_only_method",6,"output/stress_replicate_blocked.rds",""
"blocked","all","gmnl_lc","klue_ml",0.5,"mcnemar_only_comparator",2,"output/stress_replicate_blocked.rds",""
"blocked","all","gmnl_lc","klue_ml",0.5,"mcnemar_both",1,"output/stress_replicate_blocked.rds",""
"blocked","all","gmnl_lc","klue_ml",0.5,"mcnemar_neither",21,"output/stress_replicate_blocked.rds",""
"blocked","all","gmnl_lc","klue_ml",0.5,"mcnemar_p_exact",0.2890625,"output/stress_replicate_blocked.rds",""
"blocked","all","apollo_searchStart",NA,0.1,"misses",1,"output/stress_replicate_blocked.rds",""
"blocked","all","apollo_searchStart",NA,0.5,"misses",1,"output/stress_replicate_blocked.rds",""
"blocked","all","apollo_searchStart",NA,1,"misses",1,"output/stress_replicate_blocked.rds",""
"blocked","all","apollo_searchStart",NA,2,"misses",1,"output/stress_replicate_blocked.rds",""
"blocked","all","apollo_searchStart",NA,5,"misses",0,"output/stress_replicate_blocked.rds",""
"blocked","all","apollo_searchStart",NA,0.5,"reached",29,"output/stress_replicate_blocked.rds",""
"blocked","all","apollo_searchStart",NA,0.5,"miss_rate_wilson95_lower",0.00590859,"output/stress_replicate_blocked.rds",""
"blocked","all","apollo_searchStart",NA,0.5,"miss_rate_wilson95_upper",0.1667039,"output/stress_replicate_blocked.rds",""
"blocked","all","apollo_searchStart",NA,0.5,"shortfall_min_LL",2.056793,"output/stress_replicate_blocked.rds",""
"blocked","all","apollo_searchStart",NA,0.5,"shortfall_max_LL",2.056793,"output/stress_replicate_blocked.rds",""
"blocked","all","apollo_searchStart",NA,0.5,"bic_equivalent_min",4.113586,"output/stress_replicate_blocked.rds",""
"blocked","all","apollo_searchStart",NA,0.5,"bic_equivalent_max",4.113586,"output/stress_replicate_blocked.rds",""
"blocked","all","apollo_searchStart","klue_ml",0.5,"mcnemar_only_method",0,"output/stress_replicate_blocked.rds",""
"blocked","all","apollo_searchStart","klue_ml",0.5,"mcnemar_only_comparator",2,"output/stress_replicate_blocked.rds",""
"blocked","all","apollo_searchStart","klue_ml",0.5,"mcnemar_both",1,"output/stress_replicate_blocked.rds",""
"blocked","all","apollo_searchStart","klue_ml",0.5,"mcnemar_neither",27,"output/stress_replicate_blocked.rds",""
"blocked","all","apollo_searchStart","klue_ml",0.5,"mcnemar_p_exact",0.5,"output/stress_replicate_blocked.rds",""
"blocked","all","apollo_ss_published",NA,0.1,"misses",18,"output/stress_replicate_blocked.rds",""
"blocked","all","apollo_ss_published",NA,0.5,"misses",17,"output/stress_replicate_blocked.rds",""
"blocked","all","apollo_ss_published",NA,1,"misses",17,"output/stress_replicate_blocked.rds",""
"blocked","all","apollo_ss_published",NA,2,"misses",15,"output/stress_replicate_blocked.rds",""
"blocked","all","apollo_ss_published",NA,5,"misses",11,"output/stress_replicate_blocked.rds",""
"blocked","all","apollo_ss_published",NA,0.5,"reached",13,"output/stress_replicate_blocked.rds",""
"blocked","all","apollo_ss_published",NA,0.5,"miss_rate_wilson95_lower",0.3919731,"output/stress_replicate_blocked.rds",""
"blocked","all","apollo_ss_published",NA,0.5,"miss_rate_wilson95_upper",0.7262251,"output/stress_replicate_blocked.rds",""
"blocked","all","apollo_ss_published",NA,0.5,"shortfall_min_LL",1.227205,"output/stress_replicate_blocked.rds",""
"blocked","all","apollo_ss_published",NA,0.5,"shortfall_max_LL",61.84072,"output/stress_replicate_blocked.rds",""
"blocked","all","apollo_ss_published",NA,0.5,"bic_equivalent_min",2.45441,"output/stress_replicate_blocked.rds",""
"blocked","all","apollo_ss_published",NA,0.5,"bic_equivalent_max",123.6814,"output/stress_replicate_blocked.rds",""
"blocked","all","apollo_ss_published","klue_ml",0.5,"mcnemar_only_method",14,"output/stress_replicate_blocked.rds",""
"blocked","all","apollo_ss_published","klue_ml",0.5,"mcnemar_only_comparator",0,"output/stress_replicate_blocked.rds",""
"blocked","all","apollo_ss_published","klue_ml",0.5,"mcnemar_both",3,"output/stress_replicate_blocked.rds",""
"blocked","all","apollo_ss_published","klue_ml",0.5,"mcnemar_neither",13,"output/stress_replicate_blocked.rds",""
"blocked","all","apollo_ss_published","klue_ml",0.5,"mcnemar_p_exact",0.0001220703,"output/stress_replicate_blocked.rds",""
"blocked","all","apollo_lcEM",NA,0.1,"misses",16,"output/stress_replicate_blocked.rds",""
"blocked","all","apollo_lcEM",NA,0.5,"misses",13,"output/stress_replicate_blocked.rds",""
"blocked","all","apollo_lcEM",NA,1,"misses",13,"output/stress_replicate_blocked.rds",""
"blocked","all","apollo_lcEM",NA,2,"misses",11,"output/stress_replicate_blocked.rds",""
"blocked","all","apollo_lcEM",NA,5,"misses",4,"output/stress_replicate_blocked.rds",""
"blocked","all","apollo_lcEM",NA,0.5,"reached",17,"output/stress_replicate_blocked.rds",""
"blocked","all","apollo_lcEM",NA,0.5,"miss_rate_wilson95_lower",0.2737749,"output/stress_replicate_blocked.rds",""
"blocked","all","apollo_lcEM",NA,0.5,"miss_rate_wilson95_upper",0.6080269,"output/stress_replicate_blocked.rds",""
"blocked","all","apollo_lcEM",NA,0.5,"shortfall_min_LL",1.242334,"output/stress_replicate_blocked.rds",""
"blocked","all","apollo_lcEM",NA,0.5,"shortfall_max_LL",9.630177,"output/stress_replicate_blocked.rds",""
"blocked","all","apollo_lcEM",NA,0.5,"bic_equivalent_min",2.484669,"output/stress_replicate_blocked.rds",""
"blocked","all","apollo_lcEM",NA,0.5,"bic_equivalent_max",19.26035,"output/stress_replicate_blocked.rds",""
"blocked","all","apollo_lcEM","klue_ml",0.5,"mcnemar_only_method",10,"output/stress_replicate_blocked.rds",""
"blocked","all","apollo_lcEM","klue_ml",0.5,"mcnemar_only_comparator",0,"output/stress_replicate_blocked.rds",""
"blocked","all","apollo_lcEM","klue_ml",0.5,"mcnemar_both",3,"output/stress_replicate_blocked.rds",""
"blocked","all","apollo_lcEM","klue_ml",0.5,"mcnemar_neither",17,"output/stress_replicate_blocked.rds",""
"blocked","all","apollo_lcEM","klue_ml",0.5,"mcnemar_p_exact",0.001953125,"output/stress_replicate_blocked.rds",""
"blocked","all","apollo_clust",NA,0.1,"misses",3,"output/stress_replicate_blocked.rds",""
"blocked","all","apollo_clust",NA,0.5,"misses",2,"output/stress_replicate_blocked.rds",""
"blocked","all","apollo_clust",NA,1,"misses",2,"output/stress_replicate_blocked.rds",""
"blocked","all","apollo_clust",NA,2,"misses",0,"output/stress_replicate_blocked.rds",""
"blocked","all","apollo_clust",NA,5,"misses",0,"output/stress_replicate_blocked.rds",""
"blocked","all","apollo_clust",NA,0.5,"reached",28,"output/stress_replicate_blocked.rds",""
"blocked","all","apollo_clust",NA,0.5,"miss_rate_wilson95_lower",0.01847702,"output/stress_replicate_blocked.rds",""
"blocked","all","apollo_clust",NA,0.5,"miss_rate_wilson95_upper",0.2132346,"output/stress_replicate_blocked.rds",""
"blocked","all","apollo_clust",NA,0.5,"shortfall_min_LL",1.383973,"output/stress_replicate_blocked.rds",""
"blocked","all","apollo_clust",NA,0.5,"shortfall_max_LL",1.986865,"output/stress_replicate_blocked.rds",""
"blocked","all","apollo_clust",NA,0.5,"bic_equivalent_min",2.767946,"output/stress_replicate_blocked.rds",""
"blocked","all","apollo_clust",NA,0.5,"bic_equivalent_max",3.97373,"output/stress_replicate_blocked.rds",""
"blocked","all","apollo_clust","klue_ml",0.5,"mcnemar_only_method",0,"output/stress_replicate_blocked.rds",""
"blocked","all","apollo_clust","klue_ml",0.5,"mcnemar_only_comparator",1,"output/stress_replicate_blocked.rds",""
"blocked","all","apollo_clust","klue_ml",0.5,"mcnemar_both",2,"output/stress_replicate_blocked.rds",""
"blocked","all","apollo_clust","klue_ml",0.5,"mcnemar_neither",27,"output/stress_replicate_blocked.rds",""
"blocked","all","apollo_clust","klue_ml",0.5,"mcnemar_p_exact",1,"output/stress_replicate_blocked.rds",""
"blocked","all","best_of(klue_ml+klue_em+klue_em_rp)",NA,0.5,"misses",1,"output/stress_replicate_blocked.rds",""
"blocked","hard|seed5","klue_ml",NA,0.5,"shortfall_LL",0.9841776,"output/stress_replicate_blocked.rds",""
"blocked","hard|seed5","klue_ml",NA,0.5,"bic_equivalent",1.968355,"output/stress_replicate_blocked.rds",""
"blocked","hard|seed9","klue_ml",NA,0.5,"shortfall_LL",1.808438,"output/stress_replicate_blocked.rds",""
"blocked","hard|seed9","klue_ml",NA,0.5,"bic_equivalent",3.616876,"output/stress_replicate_blocked.rds",""
"blocked","very_hard|seed8","klue_ml",NA,0.5,"shortfall_LL",1.986865,"output/stress_replicate_blocked.rds",""
"blocked","very_hard|seed8","klue_ml",NA,0.5,"bic_equivalent",3.97373,"output/stress_replicate_blocked.rds",""
"blocked","hard|seed9","klue_em",NA,0.5,"shortfall_LL",1.808446,"output/stress_replicate_blocked.rds",""
"blocked","hard|seed9","klue_em",NA,0.5,"bic_equivalent",3.616893,"output/stress_replicate_blocked.rds",""
"blocked","very_hard|seed8","klue_em",NA,0.5,"shortfall_LL",1.986875,"output/stress_replicate_blocked.rds",""
"blocked","very_hard|seed8","klue_em",NA,0.5,"bic_equivalent",3.973751,"output/stress_replicate_blocked.rds",""
"blocked","hard|seed5","klue_em_rp",NA,0.5,"shortfall_LL",0.9841823,"output/stress_replicate_blocked.rds",""
"blocked","hard|seed5","klue_em_rp",NA,0.5,"bic_equivalent",1.968365,"output/stress_replicate_blocked.rds",""
"blocked","hard|seed9","klue_em_rp",NA,0.5,"shortfall_LL",1.383982,"output/stress_replicate_blocked.rds",""
"blocked","hard|seed9","klue_em_rp",NA,0.5,"bic_equivalent",2.767963,"output/stress_replicate_blocked.rds",""
"blocked","very_hard|seed7","klue_em_rp",NA,0.5,"shortfall_LL",1.227229,"output/stress_replicate_blocked.rds",""
"blocked","very_hard|seed7","klue_em_rp",NA,0.5,"bic_equivalent",2.454459,"output/stress_replicate_blocked.rds",""
"blocked","hard|seed2","gmnl_lc",NA,0.5,"shortfall_LL",9.495391,"output/stress_replicate_blocked.rds",""
"blocked","hard|seed2","gmnl_lc",NA,0.5,"bic_equivalent",18.99078,"output/stress_replicate_blocked.rds",""
"blocked","hard|seed3","gmnl_lc",NA,0.5,"shortfall_LL",5.146482,"output/stress_replicate_blocked.rds",""
"blocked","hard|seed3","gmnl_lc",NA,0.5,"bic_equivalent",10.29296,"output/stress_replicate_blocked.rds",""
"blocked","hard|seed5","gmnl_lc",NA,0.5,"shortfall_LL",0.9842642,"output/stress_replicate_blocked.rds",""
"blocked","hard|seed5","gmnl_lc",NA,0.5,"bic_equivalent",1.968528,"output/stress_replicate_blocked.rds",""
"blocked","very_hard|seed3","gmnl_lc",NA,0.5,"shortfall_LL",2.038379,"output/stress_replicate_blocked.rds",""
"blocked","very_hard|seed3","gmnl_lc",NA,0.5,"bic_equivalent",4.076757,"output/stress_replicate_blocked.rds",""
"blocked","very_hard|seed5","gmnl_lc",NA,0.5,"shortfall_LL",4.72951,"output/stress_replicate_blocked.rds",""
"blocked","very_hard|seed5","gmnl_lc",NA,0.5,"bic_equivalent",9.459019,"output/stress_replicate_blocked.rds",""
"blocked","very_hard|seed7","gmnl_lc",NA,0.5,"shortfall_LL",1.227295,"output/stress_replicate_blocked.rds",""
"blocked","very_hard|seed7","gmnl_lc",NA,0.5,"bic_equivalent",2.454589,"output/stress_replicate_blocked.rds",""
"blocked","very_hard|seed9","gmnl_lc",NA,0.5,"shortfall_LL",1.424006,"output/stress_replicate_blocked.rds",""
"blocked","very_hard|seed9","gmnl_lc",NA,0.5,"bic_equivalent",2.848012,"output/stress_replicate_blocked.rds",""
"blocked","hard|seed5","apollo_searchStart",NA,0.5,"shortfall_LL",2.056793,"output/stress_replicate_blocked.rds",""
"blocked","hard|seed5","apollo_searchStart",NA,0.5,"bic_equivalent",4.113586,"output/stress_replicate_blocked.rds",""
"blocked","moderate|seed2","apollo_ss_published",NA,0.5,"shortfall_LL",61.84072,"output/stress_replicate_blocked.rds",""
"blocked","moderate|seed2","apollo_ss_published",NA,0.5,"bic_equivalent",123.6814,"output/stress_replicate_blocked.rds",""
"blocked","hard|seed3","apollo_ss_published",NA,0.5,"shortfall_LL",10.5211,"output/stress_replicate_blocked.rds",""
"blocked","hard|seed3","apollo_ss_published",NA,0.5,"bic_equivalent",21.0422,"output/stress_replicate_blocked.rds",""
"blocked","hard|seed4","apollo_ss_published",NA,0.5,"shortfall_LL",1.655119,"output/stress_replicate_blocked.rds",""
"blocked","hard|seed4","apollo_ss_published",NA,0.5,"bic_equivalent",3.310237,"output/stress_replicate_blocked.rds",""
"blocked","hard|seed5","apollo_ss_published",NA,0.5,"shortfall_LL",2.056793,"output/stress_replicate_blocked.rds",""
"blocked","hard|seed5","apollo_ss_published",NA,0.5,"bic_equivalent",4.113586,"output/stress_replicate_blocked.rds",""
"blocked","hard|seed6","apollo_ss_published",NA,0.5,"shortfall_LL",16.18362,"output/stress_replicate_blocked.rds",""
"blocked","hard|seed6","apollo_ss_published",NA,0.5,"bic_equivalent",32.36725,"output/stress_replicate_blocked.rds",""
"blocked","hard|seed7","apollo_ss_published",NA,0.5,"shortfall_LL",20.08657,"output/stress_replicate_blocked.rds",""
"blocked","hard|seed7","apollo_ss_published",NA,0.5,"bic_equivalent",40.17314,"output/stress_replicate_blocked.rds",""
"blocked","hard|seed8","apollo_ss_published",NA,0.5,"shortfall_LL",17.61861,"output/stress_replicate_blocked.rds",""
"blocked","hard|seed8","apollo_ss_published",NA,0.5,"bic_equivalent",35.23722,"output/stress_replicate_blocked.rds",""
"blocked","hard|seed9","apollo_ss_published",NA,0.5,"shortfall_LL",6.609153,"output/stress_replicate_blocked.rds",""
"blocked","hard|seed9","apollo_ss_published",NA,0.5,"bic_equivalent",13.21831,"output/stress_replicate_blocked.rds",""
"blocked","hard|seed10","apollo_ss_published",NA,0.5,"shortfall_LL",8.9846,"output/stress_replicate_blocked.rds",""
"blocked","hard|seed10","apollo_ss_published",NA,0.5,"bic_equivalent",17.9692,"output/stress_replicate_blocked.rds",""
"blocked","very_hard|seed2","apollo_ss_published",NA,0.5,"shortfall_LL",12.42294,"output/stress_replicate_blocked.rds",""
"blocked","very_hard|seed2","apollo_ss_published",NA,0.5,"bic_equivalent",24.84588,"output/stress_replicate_blocked.rds",""
"blocked","very_hard|seed3","apollo_ss_published",NA,0.5,"shortfall_LL",19.78472,"output/stress_replicate_blocked.rds",""
"blocked","very_hard|seed3","apollo_ss_published",NA,0.5,"bic_equivalent",39.56945,"output/stress_replicate_blocked.rds",""
"blocked","very_hard|seed5","apollo_ss_published",NA,0.5,"shortfall_LL",3.593904,"output/stress_replicate_blocked.rds",""
"blocked","very_hard|seed5","apollo_ss_published",NA,0.5,"bic_equivalent",7.187808,"output/stress_replicate_blocked.rds",""
"blocked","very_hard|seed6","apollo_ss_published",NA,0.5,"shortfall_LL",8.235765,"output/stress_replicate_blocked.rds",""
"blocked","very_hard|seed6","apollo_ss_published",NA,0.5,"bic_equivalent",16.47153,"output/stress_replicate_blocked.rds",""
"blocked","very_hard|seed7","apollo_ss_published",NA,0.5,"shortfall_LL",1.227205,"output/stress_replicate_blocked.rds",""
"blocked","very_hard|seed7","apollo_ss_published",NA,0.5,"bic_equivalent",2.45441,"output/stress_replicate_blocked.rds",""
"blocked","very_hard|seed8","apollo_ss_published",NA,0.5,"shortfall_LL",4.403317,"output/stress_replicate_blocked.rds",""
"blocked","very_hard|seed8","apollo_ss_published",NA,0.5,"bic_equivalent",8.806633,"output/stress_replicate_blocked.rds",""
"blocked","very_hard|seed9","apollo_ss_published",NA,0.5,"shortfall_LL",3.367245,"output/stress_replicate_blocked.rds",""
"blocked","very_hard|seed9","apollo_ss_published",NA,0.5,"bic_equivalent",6.73449,"output/stress_replicate_blocked.rds",""
"blocked","very_hard|seed10","apollo_ss_published",NA,0.5,"shortfall_LL",11.08834,"output/stress_replicate_blocked.rds",""
"blocked","very_hard|seed10","apollo_ss_published",NA,0.5,"bic_equivalent",22.17668,"output/stress_replicate_blocked.rds",""
"blocked","hard|seed1","apollo_lcEM",NA,0.5,"shortfall_LL",4.463014,"output/stress_replicate_blocked.rds",""
"blocked","hard|seed1","apollo_lcEM",NA,0.5,"bic_equivalent",8.926029,"output/stress_replicate_blocked.rds",""
"blocked","hard|seed2","apollo_lcEM",NA,0.5,"shortfall_LL",4.050601,"output/stress_replicate_blocked.rds",""
"blocked","hard|seed2","apollo_lcEM",NA,0.5,"bic_equivalent",8.101201,"output/stress_replicate_blocked.rds",""
"blocked","hard|seed5","apollo_lcEM",NA,0.5,"shortfall_LL",4.559503,"output/stress_replicate_blocked.rds",""
"blocked","hard|seed5","apollo_lcEM",NA,0.5,"bic_equivalent",9.119007,"output/stress_replicate_blocked.rds",""
"blocked","hard|seed6","apollo_lcEM",NA,0.5,"shortfall_LL",8.36375,"output/stress_replicate_blocked.rds",""
"blocked","hard|seed6","apollo_lcEM",NA,0.5,"bic_equivalent",16.7275,"output/stress_replicate_blocked.rds",""
"blocked","hard|seed8","apollo_lcEM",NA,0.5,"shortfall_LL",2.227808,"output/stress_replicate_blocked.rds",""
"blocked","hard|seed8","apollo_lcEM",NA,0.5,"bic_equivalent",4.455616,"output/stress_replicate_blocked.rds",""
"blocked","hard|seed9","apollo_lcEM",NA,0.5,"shortfall_LL",1.823904,"output/stress_replicate_blocked.rds",""
"blocked","hard|seed9","apollo_lcEM",NA,0.5,"bic_equivalent",3.647808,"output/stress_replicate_blocked.rds",""
"blocked","hard|seed10","apollo_lcEM",NA,0.5,"shortfall_LL",9.630177,"output/stress_replicate_blocked.rds",""
"blocked","hard|seed10","apollo_lcEM",NA,0.5,"bic_equivalent",19.26035,"output/stress_replicate_blocked.rds",""
"blocked","very_hard|seed1","apollo_lcEM",NA,0.5,"shortfall_LL",5.029018,"output/stress_replicate_blocked.rds",""
"blocked","very_hard|seed1","apollo_lcEM",NA,0.5,"bic_equivalent",10.05804,"output/stress_replicate_blocked.rds",""
"blocked","very_hard|seed5","apollo_lcEM",NA,0.5,"shortfall_LL",3.281626,"output/stress_replicate_blocked.rds",""
"blocked","very_hard|seed5","apollo_lcEM",NA,0.5,"bic_equivalent",6.563252,"output/stress_replicate_blocked.rds",""
"blocked","very_hard|seed6","apollo_lcEM",NA,0.5,"shortfall_LL",3.133826,"output/stress_replicate_blocked.rds",""
"blocked","very_hard|seed6","apollo_lcEM",NA,0.5,"bic_equivalent",6.267651,"output/stress_replicate_blocked.rds",""
"blocked","very_hard|seed7","apollo_lcEM",NA,0.5,"shortfall_LL",1.242334,"output/stress_replicate_blocked.rds",""
"blocked","very_hard|seed7","apollo_lcEM",NA,0.5,"bic_equivalent",2.484669,"output/stress_replicate_blocked.rds",""
"blocked","very_hard|seed8","apollo_lcEM",NA,0.5,"shortfall_LL",2.219638,"output/stress_replicate_blocked.rds",""
"blocked","very_hard|seed8","apollo_lcEM",NA,0.5,"bic_equivalent",4.439276,"output/stress_replicate_blocked.rds",""
"blocked","very_hard|seed9","apollo_lcEM",NA,0.5,"shortfall_LL",9.406267,"output/stress_replicate_blocked.rds",""
"blocked","very_hard|seed9","apollo_lcEM",NA,0.5,"bic_equivalent",18.81253,"output/stress_replicate_blocked.rds",""
"blocked","hard|seed9","apollo_clust",NA,0.5,"shortfall_LL",1.383973,"output/stress_replicate_blocked.rds",""
"blocked","hard|seed9","apollo_clust",NA,0.5,"bic_equivalent",2.767946,"output/stress_replicate_blocked.rds",""
"blocked","very_hard|seed8","apollo_clust",NA,0.5,"shortfall_LL",1.986865,"output/stress_replicate_blocked.rds",""
"blocked","very_hard|seed8","apollo_clust",NA,0.5,"bic_equivalent",3.97373,"output/stress_replicate_blocked.rds",""
"blocked","hard|seed9","best_of(klue_ml+klue_em+klue_em_rp)",NA,0.5,"shortfall_LL",1.383982,"output/stress_replicate_blocked.rds",""
"blocked","hard|seed9","best_of(klue_ml+klue_em+klue_em_rp)",NA,0.5,"bic_equivalent",2.767963,"output/stress_replicate_blocked.rds",""
"blocked","all","klue_ml",NA,0.5,"sole_best_cells",0,"output/stress_replicate_blocked.rds",""
"blocked","all","klue_em",NA,0.5,"sole_best_cells",0,"output/stress_replicate_blocked.rds",""
"blocked","all","klue_em_rp",NA,0.5,"sole_best_cells",0,"output/stress_replicate_blocked.rds",""
"blocked","all","gmnl_lc",NA,0.5,"sole_best_cells",0,"output/stress_replicate_blocked.rds",""
"blocked","all","apollo_searchStart",NA,0.5,"sole_best_cells",0,"output/stress_replicate_blocked.rds",""
"blocked","all","apollo_ss_published",NA,0.5,"sole_best_cells",0,"output/stress_replicate_blocked.rds",""
"blocked","all","apollo_lcEM",NA,0.5,"sole_best_cells",0,"output/stress_replicate_blocked.rds",""
"blocked","all","apollo_clust",NA,0.5,"sole_best_cells",0,"output/stress_replicate_blocked.rds",""
"blocked","moderate","apollo_lcEM",NA,NA,"lcem_capped_cells",1,"output/stress_replicate_blocked_std.log",""
"blocked","moderate","apollo_lcEM",NA,NA,"lcem_capped_criterion_met_cells",0,"output/stress_replicate_blocked_std.log","reported the cap although the last improvement was below 1e-5"
"blocked","moderate","apollo_lcEM",NA,NA,"lcem_continued_classical_cells",9,"output/stress_replicate_blocked_std.log",""
"blocked","moderate","apollo_lcEM",NA,0.5,"lcem_missed_capped_cells",0,"output/stress_replicate_blocked_std.log + output/stress_replicate_blocked.rds",""
"blocked","hard","apollo_lcEM",NA,NA,"lcem_capped_cells",8,"output/stress_replicate_blocked_std.log",""
"blocked","hard","apollo_lcEM",NA,NA,"lcem_capped_criterion_met_cells",0,"output/stress_replicate_blocked_std.log","reported the cap although the last improvement was below 1e-5"
"blocked","hard","apollo_lcEM",NA,NA,"lcem_continued_classical_cells",2,"output/stress_replicate_blocked_std.log",""
"blocked","hard","apollo_lcEM",NA,0.5,"lcem_missed_capped_cells",7,"output/stress_replicate_blocked_std.log + output/stress_replicate_blocked.rds",""
"blocked","very_hard","apollo_lcEM",NA,NA,"lcem_capped_cells",7,"output/stress_replicate_blocked_std.log",""
"blocked","very_hard","apollo_lcEM",NA,NA,"lcem_capped_criterion_met_cells",1,"output/stress_replicate_blocked_std.log","reported the cap although the last improvement was below 1e-5"
"blocked","very_hard","apollo_lcEM",NA,NA,"lcem_continued_classical_cells",3,"output/stress_replicate_blocked_std.log",""
"blocked","very_hard","apollo_lcEM",NA,0.5,"lcem_missed_capped_cells",5,"output/stress_replicate_blocked_std.log + output/stress_replicate_blocked.rds",""
"blocked","hard+very_hard","apollo_lcEM",NA,NA,"lcem_capped_cells",15,"output/stress_replicate_blocked_std.log",""
"blocked","hard+very_hard","apollo_lcEM",NA,NA,"lcem_capped_criterion_met_cells",1,"output/stress_replicate_blocked_std.log","reported the cap although the last improvement was below 1e-5"
"blocked","hard+very_hard","apollo_lcEM",NA,NA,"lcem_continued_classical_cells",5,"output/stress_replicate_blocked_std.log",""
"blocked","hard+very_hard","apollo_lcEM",NA,0.5,"lcem_missed_capped_cells",12,"output/stress_replicate_blocked_std.log + output/stress_replicate_blocked.rds",""
"blocked","all","apollo_lcEM",NA,NA,"lcem_capped_cells",16,"output/stress_replicate_blocked_std.log",""
"blocked","all","apollo_lcEM",NA,NA,"lcem_capped_criterion_met_cells",1,"output/stress_replicate_blocked_std.log","reported the cap although the last improvement was below 1e-5"
"blocked","all","apollo_lcEM",NA,NA,"lcem_continued_classical_cells",14,"output/stress_replicate_blocked_std.log",""
"blocked","all","apollo_lcEM",NA,0.5,"lcem_missed_capped_cells",12,"output/stress_replicate_blocked_std.log + output/stress_replicate_blocked.rds",""
"randomised","moderate",NA,NA,NA,"n_cells",5,"output/stress_replicate.rds",""
"randomised","moderate","klue_ml",NA,NA,"mean_gap_LL",-0.2727002,"output/stress_replicate.rds",""
"randomised","moderate","klue_ml",NA,0.1,"misses",1,"output/stress_replicate.rds",""
"randomised","moderate","klue_ml",NA,0.5,"misses",1,"output/stress_replicate.rds",""
"randomised","moderate","klue_ml",NA,1,"misses",1,"output/stress_replicate.rds",""
"randomised","moderate","klue_ml",NA,2,"misses",0,"output/stress_replicate.rds",""
"randomised","moderate","klue_ml",NA,5,"misses",0,"output/stress_replicate.rds",""
"randomised","moderate","klue_ml",NA,NA,"mean_secs",1.916906,"output/stress_replicate.rds",""
"randomised","moderate","klue_em",NA,NA,"mean_gap_LL",-0.2727022,"output/stress_replicate.rds",""
"randomised","moderate","klue_em",NA,0.1,"misses",1,"output/stress_replicate.rds",""
"randomised","moderate","klue_em",NA,0.5,"misses",1,"output/stress_replicate.rds",""
"randomised","moderate","klue_em",NA,1,"misses",1,"output/stress_replicate.rds",""
"randomised","moderate","klue_em",NA,2,"misses",0,"output/stress_replicate.rds",""
"randomised","moderate","klue_em",NA,5,"misses",0,"output/stress_replicate.rds",""
"randomised","moderate","klue_em",NA,NA,"mean_secs",29.10097,"output/stress_replicate.rds",""
"randomised","moderate","klue_em","klue_ml",NA,"mean_secs_ratio",15.18122,"output/stress_replicate.rds","the arm's mean seconds over the comparator's"
"randomised","moderate","gmnl_lc",NA,NA,"mean_gap_LL",-0.840634,"output/stress_replicate.rds",""
"randomised","moderate","gmnl_lc",NA,0.1,"misses",2,"output/stress_replicate.rds",""
"randomised","moderate","gmnl_lc",NA,0.5,"misses",2,"output/stress_replicate.rds",""
"randomised","moderate","gmnl_lc",NA,1,"misses",2,"output/stress_replicate.rds",""
"randomised","moderate","gmnl_lc",NA,2,"misses",1,"output/stress_replicate.rds",""
"randomised","moderate","gmnl_lc",NA,5,"misses",0,"output/stress_replicate.rds",""
"randomised","moderate","gmnl_lc",NA,NA,"mean_secs",3.146349,"output/stress_replicate.rds",""
"randomised","moderate","gmnl_lc","klue_ml",NA,"mean_secs_ratio",1.641368,"output/stress_replicate.rds","the arm's mean seconds over the comparator's"
"randomised","moderate","apollo_searchStart",NA,NA,"mean_gap_LL",-9.131272e-08,"output/stress_replicate.rds",""
"randomised","moderate","apollo_searchStart",NA,0.1,"misses",0,"output/stress_replicate.rds",""
"randomised","moderate","apollo_searchStart",NA,0.5,"misses",0,"output/stress_replicate.rds",""
"randomised","moderate","apollo_searchStart",NA,1,"misses",0,"output/stress_replicate.rds",""
"randomised","moderate","apollo_searchStart",NA,2,"misses",0,"output/stress_replicate.rds",""
"randomised","moderate","apollo_searchStart",NA,5,"misses",0,"output/stress_replicate.rds",""
"randomised","moderate","apollo_searchStart",NA,NA,"mean_secs",1428.168,"output/stress_replicate.rds",""
"randomised","moderate","apollo_searchStart","klue_ml",NA,"mean_secs_ratio",745.0382,"output/stress_replicate.rds","the arm's mean seconds over the comparator's"
"randomised","moderate","apollo_ss_published",NA,NA,"mean_gap_LL",-0.4129234,"output/stress_replicate.rds",""
"randomised","moderate","apollo_ss_published",NA,0.1,"misses",2,"output/stress_replicate.rds",""
"randomised","moderate","apollo_ss_published",NA,0.5,"misses",2,"output/stress_replicate.rds",""
"randomised","moderate","apollo_ss_published",NA,1,"misses",1,"output/stress_replicate.rds",""
"randomised","moderate","apollo_ss_published",NA,2,"misses",0,"output/stress_replicate.rds",""
"randomised","moderate","apollo_ss_published",NA,5,"misses",0,"output/stress_replicate.rds",""
"randomised","moderate","apollo_ss_published",NA,NA,"mean_secs",214.2352,"output/stress_replicate.rds",""
"randomised","moderate","apollo_ss_published","klue_ml",NA,"mean_secs_ratio",111.7609,"output/stress_replicate.rds","the arm's mean seconds over the comparator's"
"randomised","moderate","apollo_lcEM",NA,NA,"mean_gap_LL",-2.140524,"output/stress_replicate.rds",""
"randomised","moderate","apollo_lcEM",NA,0.1,"misses",3,"output/stress_replicate.rds",""
"randomised","moderate","apollo_lcEM",NA,0.5,"misses",3,"output/stress_replicate.rds",""
"randomised","moderate","apollo_lcEM",NA,1,"misses",2,"output/stress_replicate.rds",""
"randomised","moderate","apollo_lcEM",NA,2,"misses",2,"output/stress_replicate.rds",""
"randomised","moderate","apollo_lcEM",NA,5,"misses",1,"output/stress_replicate.rds",""
"randomised","moderate","apollo_lcEM",NA,NA,"mean_secs",51.01831,"output/stress_replicate.rds",""
"randomised","moderate","apollo_lcEM","klue_ml",NA,"mean_secs_ratio",26.61492,"output/stress_replicate.rds","the arm's mean seconds over the comparator's"
"randomised","hard",NA,NA,NA,"n_cells",5,"output/stress_replicate.rds",""
"randomised","hard","klue_ml",NA,NA,"mean_gap_LL",-0.4385104,"output/stress_replicate.rds",""
"randomised","hard","klue_ml",NA,0.1,"misses",1,"output/stress_replicate.rds",""
"randomised","hard","klue_ml",NA,0.5,"misses",1,"output/stress_replicate.rds",""
"randomised","hard","klue_ml",NA,1,"misses",1,"output/stress_replicate.rds",""
"randomised","hard","klue_ml",NA,2,"misses",1,"output/stress_replicate.rds",""
"randomised","hard","klue_ml",NA,5,"misses",0,"output/stress_replicate.rds",""
"randomised","hard","klue_ml",NA,NA,"mean_secs",3.672692,"output/stress_replicate.rds",""
"randomised","hard","klue_em",NA,NA,"mean_gap_LL",-1.365067,"output/stress_replicate.rds",""
"randomised","hard","klue_em",NA,0.1,"misses",3,"output/stress_replicate.rds",""
"randomised","hard","klue_em",NA,0.5,"misses",3,"output/stress_replicate.rds",""
"randomised","hard","klue_em",NA,1,"misses",3,"output/stress_replicate.rds",""
"randomised","hard","klue_em",NA,2,"misses",2,"output/stress_replicate.rds",""
"randomised","hard","klue_em",NA,5,"misses",0,"output/stress_replicate.rds",""
"randomised","hard","klue_em",NA,NA,"mean_secs",116.6936,"output/stress_replicate.rds",""
"randomised","hard","klue_em","klue_ml",NA,"mean_secs_ratio",31.77333,"output/stress_replicate.rds","the arm's mean seconds over the comparator's"
"randomised","hard","gmnl_lc",NA,NA,"mean_gap_LL",-3.134942,"output/stress_replicate.rds",""
"randomised","hard","gmnl_lc",NA,0.1,"misses",3,"output/stress_replicate.rds",""
"randomised","hard","gmnl_lc",NA,0.5,"misses",3,"output/stress_replicate.rds",""
"randomised","hard","gmnl_lc",NA,1,"misses",3,"output/stress_replicate.rds",""
"randomised","hard","gmnl_lc",NA,2,"misses",3,"output/stress_replicate.rds",""
"randomised","hard","gmnl_lc",NA,5,"misses",2,"output/stress_replicate.rds",""
"randomised","hard","gmnl_lc",NA,NA,"mean_secs",14.40947,"output/stress_replicate.rds",""
"randomised","hard","gmnl_lc","klue_ml",NA,"mean_secs_ratio",3.92341,"output/stress_replicate.rds","the arm's mean seconds over the comparator's"
"randomised","hard","apollo_searchStart",NA,NA,"mean_gap_LL",-6.195642e-08,"output/stress_replicate.rds",""
"randomised","hard","apollo_searchStart",NA,0.1,"misses",0,"output/stress_replicate.rds",""
"randomised","hard","apollo_searchStart",NA,0.5,"misses",0,"output/stress_replicate.rds",""
"randomised","hard","apollo_searchStart",NA,1,"misses",0,"output/stress_replicate.rds",""
"randomised","hard","apollo_searchStart",NA,2,"misses",0,"output/stress_replicate.rds",""
"randomised","hard","apollo_searchStart",NA,5,"misses",0,"output/stress_replicate.rds",""
"randomised","hard","apollo_searchStart",NA,NA,"mean_secs",3777.828,"output/stress_replicate.rds",""
"randomised","hard","apollo_searchStart","klue_ml",NA,"mean_secs_ratio",1028.626,"output/stress_replicate.rds","the arm's mean seconds over the comparator's"
"randomised","hard","apollo_ss_published",NA,NA,"mean_gap_LL",-1.218402,"output/stress_replicate.rds",""
"randomised","hard","apollo_ss_published",NA,0.1,"misses",2,"output/stress_replicate.rds",""
"randomised","hard","apollo_ss_published",NA,0.5,"misses",2,"output/stress_replicate.rds",""
"randomised","hard","apollo_ss_published",NA,1,"misses",2,"output/stress_replicate.rds",""
"randomised","hard","apollo_ss_published",NA,2,"misses",2,"output/stress_replicate.rds",""
"randomised","hard","apollo_ss_published",NA,5,"misses",0,"output/stress_replicate.rds",""
"randomised","hard","apollo_ss_published",NA,NA,"mean_secs",398.99,"output/stress_replicate.rds",""
"randomised","hard","apollo_ss_published","klue_ml",NA,"mean_secs_ratio",108.637,"output/stress_replicate.rds","the arm's mean seconds over the comparator's"
"randomised","hard","apollo_lcEM",NA,NA,"mean_gap_LL",-3.374408,"output/stress_replicate.rds",""
"randomised","hard","apollo_lcEM",NA,0.1,"misses",4,"output/stress_replicate.rds",""
"randomised","hard","apollo_lcEM",NA,0.5,"misses",3,"output/stress_replicate.rds",""
"randomised","hard","apollo_lcEM",NA,1,"misses",3,"output/stress_replicate.rds",""
"randomised","hard","apollo_lcEM",NA,2,"misses",3,"output/stress_replicate.rds",""
"randomised","hard","apollo_lcEM",NA,5,"misses",1,"output/stress_replicate.rds",""
"randomised","hard","apollo_lcEM",NA,NA,"mean_secs",87.17694,"output/stress_replicate.rds",""
"randomised","hard","apollo_lcEM","klue_ml",NA,"mean_secs_ratio",23.73653,"output/stress_replicate.rds","the arm's mean seconds over the comparator's"
"randomised","very_hard",NA,NA,NA,"n_cells",5,"output/stress_replicate.rds",""
"randomised","very_hard","klue_ml",NA,NA,"mean_gap_LL",-4.519359e-06,"output/stress_replicate.rds",""
"randomised","very_hard","klue_ml",NA,0.1,"misses",0,"output/stress_replicate.rds",""
"randomised","very_hard","klue_ml",NA,0.5,"misses",0,"output/stress_replicate.rds",""
"randomised","very_hard","klue_ml",NA,1,"misses",0,"output/stress_replicate.rds",""
"randomised","very_hard","klue_ml",NA,2,"misses",0,"output/stress_replicate.rds",""
"randomised","very_hard","klue_ml",NA,5,"misses",0,"output/stress_replicate.rds",""
"randomised","very_hard","klue_ml",NA,NA,"mean_secs",3.73292,"output/stress_replicate.rds",""
"randomised","very_hard","klue_em",NA,NA,"mean_gap_LL",-0.8187626,"output/stress_replicate.rds",""
"randomised","very_hard","klue_em",NA,0.1,"misses",3,"output/stress_replicate.rds",""
"randomised","very_hard","klue_em",NA,0.5,"misses",2,"output/stress_replicate.rds",""
"randomised","very_hard","klue_em",NA,1,"misses",2,"output/stress_replicate.rds",""
"randomised","very_hard","klue_em",NA,2,"misses",1,"output/stress_replicate.rds",""
"randomised","very_hard","klue_em",NA,5,"misses",0,"output/stress_replicate.rds",""
"randomised","very_hard","klue_em",NA,NA,"mean_secs",101.1655,"output/stress_replicate.rds",""
"randomised","very_hard","klue_em","klue_ml",NA,"mean_secs_ratio",27.10091,"output/stress_replicate.rds","the arm's mean seconds over the comparator's"
"randomised","very_hard","gmnl_lc",NA,NA,"mean_gap_LL",-6.858501,"output/stress_replicate.rds",""
"randomised","very_hard","gmnl_lc",NA,0.1,"misses",5,"output/stress_replicate.rds",""
"randomised","very_hard","gmnl_lc",NA,0.5,"misses",4,"output/stress_replicate.rds",""
"randomised","very_hard","gmnl_lc",NA,1,"misses",4,"output/stress_replicate.rds",""
"randomised","very_hard","gmnl_lc",NA,2,"misses",3,"output/stress_replicate.rds",""
"randomised","very_hard","gmnl_lc",NA,5,"misses",3,"output/stress_replicate.rds",""
"randomised","very_hard","gmnl_lc",NA,NA,"mean_secs",11.40802,"output/stress_replicate.rds",""
"randomised","very_hard","gmnl_lc","klue_ml",NA,"mean_secs_ratio",3.056058,"output/stress_replicate.rds","the arm's mean seconds over the comparator's"
"randomised","very_hard","apollo_searchStart",NA,NA,"mean_gap_LL",-0.4717637,"output/stress_replicate.rds",""
"randomised","very_hard","apollo_searchStart",NA,0.1,"misses",1,"output/stress_replicate.rds",""
"randomised","very_hard","apollo_searchStart",NA,0.5,"misses",1,"output/stress_replicate.rds",""
"randomised","very_hard","apollo_searchStart",NA,1,"misses",1,"output/stress_replicate.rds",""
"randomised","very_hard","apollo_searchStart",NA,2,"misses",1,"output/stress_replicate.rds",""
"randomised","very_hard","apollo_searchStart",NA,5,"misses",0,"output/stress_replicate.rds",""
"randomised","very_hard","apollo_searchStart",NA,NA,"mean_secs",3853.715,"output/stress_replicate.rds",""
"randomised","very_hard","apollo_searchStart","klue_ml",NA,"mean_secs_ratio",1032.36,"output/stress_replicate.rds","the arm's mean seconds over the comparator's"
"randomised","very_hard","apollo_ss_published",NA,NA,"mean_gap_LL",-3.809402,"output/stress_replicate.rds",""
"randomised","very_hard","apollo_ss_published",NA,0.1,"misses",5,"output/stress_replicate.rds",""
"randomised","very_hard","apollo_ss_published",NA,0.5,"misses",3,"output/stress_replicate.rds",""
"randomised","very_hard","apollo_ss_published",NA,1,"misses",3,"output/stress_replicate.rds",""
"randomised","very_hard","apollo_ss_published",NA,2,"misses",2,"output/stress_replicate.rds",""
"randomised","very_hard","apollo_ss_published",NA,5,"misses",1,"output/stress_replicate.rds",""
"randomised","very_hard","apollo_ss_published",NA,NA,"mean_secs",446.367,"output/stress_replicate.rds",""
"randomised","very_hard","apollo_ss_published","klue_ml",NA,"mean_secs_ratio",119.5758,"output/stress_replicate.rds","the arm's mean seconds over the comparator's"
"randomised","very_hard","apollo_lcEM",NA,NA,"mean_gap_LL",-4.909389,"output/stress_replicate.rds",""
"randomised","very_hard","apollo_lcEM",NA,0.1,"misses",5,"output/stress_replicate.rds",""
"randomised","very_hard","apollo_lcEM",NA,0.5,"misses",5,"output/stress_replicate.rds",""
"randomised","very_hard","apollo_lcEM",NA,1,"misses",5,"output/stress_replicate.rds",""
"randomised","very_hard","apollo_lcEM",NA,2,"misses",4,"output/stress_replicate.rds",""
"randomised","very_hard","apollo_lcEM",NA,5,"misses",1,"output/stress_replicate.rds",""
"randomised","very_hard","apollo_lcEM",NA,NA,"mean_secs",88.96202,"output/stress_replicate.rds",""
"randomised","very_hard","apollo_lcEM","klue_ml",NA,"mean_secs_ratio",23.83175,"output/stress_replicate.rds","the arm's mean seconds over the comparator's"
"randomised","hard_corr",NA,NA,NA,"n_cells",5,"output/stress_replicate.rds",""
"randomised","hard_corr","klue_ml",NA,NA,"mean_gap_LL",-3.080053,"output/stress_replicate.rds",""
"randomised","hard_corr","klue_ml",NA,0.1,"misses",2,"output/stress_replicate.rds",""
"randomised","hard_corr","klue_ml",NA,0.5,"misses",2,"output/stress_replicate.rds",""
"randomised","hard_corr","klue_ml",NA,1,"misses",2,"output/stress_replicate.rds",""
"randomised","hard_corr","klue_ml",NA,2,"misses",1,"output/stress_replicate.rds",""
"randomised","hard_corr","klue_ml",NA,5,"misses",1,"output/stress_replicate.rds",""
"randomised","hard_corr","klue_ml",NA,NA,"mean_secs",3.498266,"output/stress_replicate.rds",""
"randomised","hard_corr","klue_em",NA,NA,"mean_gap_LL",-5.524499,"output/stress_replicate.rds",""
"randomised","hard_corr","klue_em",NA,0.1,"misses",4,"output/stress_replicate.rds",""
"randomised","hard_corr","klue_em",NA,0.5,"misses",4,"output/stress_replicate.rds",""
"randomised","hard_corr","klue_em",NA,1,"misses",4,"output/stress_replicate.rds",""
"randomised","hard_corr","klue_em",NA,2,"misses",4,"output/stress_replicate.rds",""
"randomised","hard_corr","klue_em",NA,5,"misses",2,"output/stress_replicate.rds",""
"randomised","hard_corr","klue_em",NA,NA,"mean_secs",106.355,"output/stress_replicate.rds",""
"randomised","hard_corr","klue_em","klue_ml",NA,"mean_secs_ratio",30.40222,"output/stress_replicate.rds","the arm's mean seconds over the comparator's"
"randomised","hard_corr","gmnl_lc",NA,NA,"mean_gap_LL",-8.186757,"output/stress_replicate.rds",""
"randomised","hard_corr","gmnl_lc",NA,0.1,"misses",5,"output/stress_replicate.rds",""
"randomised","hard_corr","gmnl_lc",NA,0.5,"misses",5,"output/stress_replicate.rds",""
"randomised","hard_corr","gmnl_lc",NA,1,"misses",5,"output/stress_replicate.rds",""
"randomised","hard_corr","gmnl_lc",NA,2,"misses",5,"output/stress_replicate.rds",""
"randomised","hard_corr","gmnl_lc",NA,5,"misses",4,"output/stress_replicate.rds",""
"randomised","hard_corr","gmnl_lc",NA,NA,"mean_secs",14.42368,"output/stress_replicate.rds",""
"randomised","hard_corr","gmnl_lc","klue_ml",NA,"mean_secs_ratio",4.123093,"output/stress_replicate.rds","the arm's mean seconds over the comparator's"
"randomised","hard_corr","apollo_searchStart",NA,NA,"mean_gap_LL",-0.5178887,"output/stress_replicate.rds",""
"randomised","hard_corr","apollo_searchStart",NA,0.1,"misses",1,"output/stress_replicate.rds",""
"randomised","hard_corr","apollo_searchStart",NA,0.5,"misses",1,"output/stress_replicate.rds",""
"randomised","hard_corr","apollo_searchStart",NA,1,"misses",1,"output/stress_replicate.rds",""
"randomised","hard_corr","apollo_searchStart",NA,2,"misses",1,"output/stress_replicate.rds",""
"randomised","hard_corr","apollo_searchStart",NA,5,"misses",0,"output/stress_replicate.rds",""
"randomised","hard_corr","apollo_searchStart",NA,NA,"mean_secs",4175.537,"output/stress_replicate.rds",""
"randomised","hard_corr","apollo_searchStart","klue_ml",NA,"mean_secs_ratio",1193.602,"output/stress_replicate.rds","the arm's mean seconds over the comparator's"
"randomised","hard_corr","apollo_ss_published",NA,NA,"mean_gap_LL",-4.520893,"output/stress_replicate.rds",""
"randomised","hard_corr","apollo_ss_published",NA,0.1,"misses",4,"output/stress_replicate.rds",""
"randomised","hard_corr","apollo_ss_published",NA,0.5,"misses",4,"output/stress_replicate.rds",""
"randomised","hard_corr","apollo_ss_published",NA,1,"misses",4,"output/stress_replicate.rds",""
"randomised","hard_corr","apollo_ss_published",NA,2,"misses",4,"output/stress_replicate.rds",""
"randomised","hard_corr","apollo_ss_published",NA,5,"misses",2,"output/stress_replicate.rds",""
"randomised","hard_corr","apollo_ss_published",NA,NA,"mean_secs",508.7285,"output/stress_replicate.rds",""
"randomised","hard_corr","apollo_ss_published","klue_ml",NA,"mean_secs_ratio",145.4231,"output/stress_replicate.rds","the arm's mean seconds over the comparator's"
"randomised","hard_corr","apollo_lcEM",NA,NA,"mean_gap_LL",-10.1532,"output/stress_replicate.rds",""
"randomised","hard_corr","apollo_lcEM",NA,0.1,"misses",5,"output/stress_replicate.rds",""
"randomised","hard_corr","apollo_lcEM",NA,0.5,"misses",5,"output/stress_replicate.rds",""
"randomised","hard_corr","apollo_lcEM",NA,1,"misses",5,"output/stress_replicate.rds",""
"randomised","hard_corr","apollo_lcEM",NA,2,"misses",5,"output/stress_replicate.rds",""
"randomised","hard_corr","apollo_lcEM",NA,5,"misses",4,"output/stress_replicate.rds",""
"randomised","hard_corr","apollo_lcEM",NA,NA,"mean_secs",84.39532,"output/stress_replicate.rds",""
"randomised","hard_corr","apollo_lcEM","klue_ml",NA,"mean_secs_ratio",24.1249,"output/stress_replicate.rds","the arm's mean seconds over the comparator's"
"randomised","all","klue_ml",NA,NA,"rung_mean_secs_min",1.916906,"output/stress_replicate.rds",""
"randomised","all","klue_ml",NA,NA,"rung_mean_secs_max",3.73292,"output/stress_replicate.rds",""
"randomised","all","klue_ml",NA,NA,"secs_min",1.567149,"output/stress_replicate.rds",""
"randomised","all","klue_ml",NA,NA,"secs_median",3.469682,"output/stress_replicate.rds",""
"randomised","all","klue_ml",NA,NA,"secs_max",4.95601,"output/stress_replicate.rds",""
"randomised","all","klue_em",NA,NA,"rung_mean_secs_min",29.10097,"output/stress_replicate.rds",""
"randomised","all","klue_em",NA,NA,"rung_mean_secs_max",116.6936,"output/stress_replicate.rds",""
"randomised","all","klue_em",NA,NA,"secs_min",18.18072,"output/stress_replicate.rds",""
"randomised","all","klue_em",NA,NA,"secs_median",97.09367,"output/stress_replicate.rds",""
"randomised","all","klue_em",NA,NA,"secs_max",140.4656,"output/stress_replicate.rds",""
"randomised","all","gmnl_lc",NA,NA,"rung_mean_secs_min",3.146349,"output/stress_replicate.rds",""
"randomised","all","gmnl_lc",NA,NA,"rung_mean_secs_max",14.42368,"output/stress_replicate.rds",""
"randomised","all","gmnl_lc",NA,NA,"secs_min",2.776106,"output/stress_replicate.rds",""
"randomised","all","gmnl_lc",NA,NA,"secs_median",11.73602,"output/stress_replicate.rds",""
"randomised","all","gmnl_lc",NA,NA,"secs_max",18.17066,"output/stress_replicate.rds",""
"randomised","all","apollo_searchStart",NA,NA,"rung_mean_secs_min",1428.168,"output/stress_replicate.rds",""
"randomised","all","apollo_searchStart",NA,NA,"rung_mean_secs_max",4175.537,"output/stress_replicate.rds",""
"randomised","all","apollo_searchStart",NA,NA,"secs_min",1031.379,"output/stress_replicate.rds",""
"randomised","all","apollo_searchStart",NA,NA,"secs_median",3853.667,"output/stress_replicate.rds",""
"randomised","all","apollo_searchStart",NA,NA,"secs_max",4532.994,"output/stress_replicate.rds",""
"randomised","all","apollo_ss_published",NA,NA,"rung_mean_secs_min",214.2352,"output/stress_replicate.rds",""
"randomised","all","apollo_ss_published",NA,NA,"rung_mean_secs_max",508.7285,"output/stress_replicate.rds",""
"randomised","all","apollo_ss_published",NA,NA,"secs_min",191.9931,"output/stress_replicate.rds",""
"randomised","all","apollo_ss_published",NA,NA,"secs_median",407.8229,"output/stress_replicate.rds",""
"randomised","all","apollo_ss_published",NA,NA,"secs_max",593.0348,"output/stress_replicate.rds",""
"randomised","all","apollo_lcEM",NA,NA,"rung_mean_secs_min",51.01831,"output/stress_replicate.rds",""
"randomised","all","apollo_lcEM",NA,NA,"rung_mean_secs_max",88.96202,"output/stress_replicate.rds",""
"randomised","all","apollo_lcEM",NA,NA,"secs_min",40.49071,"output/stress_replicate.rds",""
"randomised","all","apollo_lcEM",NA,NA,"secs_median",81.69429,"output/stress_replicate.rds",""
"randomised","all","apollo_lcEM",NA,NA,"secs_max",95.48855,"output/stress_replicate.rds",""
"randomised","hard+very_hard",NA,NA,NA,"n_cells",10,"output/stress_replicate.rds",""
"randomised","hard+very_hard","klue_ml",NA,0.1,"misses",1,"output/stress_replicate.rds",""
"randomised","hard+very_hard","klue_ml",NA,0.5,"misses",1,"output/stress_replicate.rds",""
"randomised","hard+very_hard","klue_ml",NA,1,"misses",1,"output/stress_replicate.rds",""
"randomised","hard+very_hard","klue_ml",NA,2,"misses",1,"output/stress_replicate.rds",""
"randomised","hard+very_hard","klue_ml",NA,5,"misses",0,"output/stress_replicate.rds",""
"randomised","hard+very_hard","klue_ml",NA,0.5,"reached",9,"output/stress_replicate.rds",""
"randomised","hard+very_hard","klue_ml",NA,0.5,"miss_rate_wilson95_lower",0.01787621,"output/stress_replicate.rds",""
"randomised","hard+very_hard","klue_ml",NA,0.5,"miss_rate_wilson95_upper",0.40415,"output/stress_replicate.rds",""
"randomised","hard+very_hard","klue_ml",NA,0.5,"shortfall_min_LL",2.192551,"output/stress_replicate.rds",""
"randomised","hard+very_hard","klue_ml",NA,0.5,"shortfall_max_LL",2.192551,"output/stress_replicate.rds",""
"randomised","hard+very_hard","klue_ml",NA,0.5,"bic_equivalent_min",4.385101,"output/stress_replicate.rds",""
"randomised","hard+very_hard","klue_ml",NA,0.5,"bic_equivalent_max",4.385101,"output/stress_replicate.rds",""
"randomised","hard+very_hard","klue_em",NA,0.1,"misses",6,"output/stress_replicate.rds",""
"randomised","hard+very_hard","klue_em",NA,0.5,"misses",5,"output/stress_replicate.rds",""
"randomised","hard+very_hard","klue_em",NA,1,"misses",5,"output/stress_replicate.rds",""
"randomised","hard+very_hard","klue_em",NA,2,"misses",3,"output/stress_replicate.rds",""
"randomised","hard+very_hard","klue_em",NA,5,"misses",0,"output/stress_replicate.rds",""
"randomised","hard+very_hard","klue_em",NA,0.5,"reached",5,"output/stress_replicate.rds",""
"randomised","hard+very_hard","klue_em",NA,0.5,"miss_rate_wilson95_lower",0.2365931,"output/stress_replicate.rds",""
"randomised","hard+very_hard","klue_em",NA,0.5,"miss_rate_wilson95_upper",0.7634069,"output/stress_replicate.rds",""
"randomised","hard+very_hard","klue_em",NA,0.5,"shortfall_min_LL",1.008593,"output/stress_replicate.rds",""
"randomised","hard+very_hard","klue_em",NA,0.5,"shortfall_max_LL",3.624147,"output/stress_replicate.rds",""
"randomised","hard+very_hard","klue_em",NA,0.5,"bic_equivalent_min",2.017185,"output/stress_replicate.rds",""
"randomised","hard+very_hard","klue_em",NA,0.5,"bic_equivalent_max",7.248294,"output/stress_replicate.rds",""
"randomised","hard+very_hard","klue_em","klue_ml",0.5,"mcnemar_only_method",4,"output/stress_replicate.rds",""
"randomised","hard+very_hard","klue_em","klue_ml",0.5,"mcnemar_only_comparator",0,"output/stress_replicate.rds",""
"randomised","hard+very_hard","klue_em","klue_ml",0.5,"mcnemar_both",1,"output/stress_replicate.rds",""
"randomised","hard+very_hard","klue_em","klue_ml",0.5,"mcnemar_neither",5,"output/stress_replicate.rds",""
"randomised","hard+very_hard","klue_em","klue_ml",0.5,"mcnemar_p_exact",0.125,"output/stress_replicate.rds",""
"randomised","hard+very_hard","gmnl_lc",NA,0.1,"misses",8,"output/stress_replicate.rds",""
"randomised","hard+very_hard","gmnl_lc",NA,0.5,"misses",7,"output/stress_replicate.rds",""
"randomised","hard+very_hard","gmnl_lc",NA,1,"misses",7,"output/stress_replicate.rds",""
"randomised","hard+very_hard","gmnl_lc",NA,2,"misses",6,"output/stress_replicate.rds",""
"randomised","hard+very_hard","gmnl_lc",NA,5,"misses",5,"output/stress_replicate.rds",""
"randomised","hard+very_hard","gmnl_lc",NA,0.5,"reached",3,"output/stress_replicate.rds",""
"randomised","hard+very_hard","gmnl_lc",NA,0.5,"miss_rate_wilson95_lower",0.3967781,"output/stress_replicate.rds",""
"randomised","hard+very_hard","gmnl_lc",NA,0.5,"miss_rate_wilson95_upper",0.8922087,"output/stress_replicate.rds",""
"randomised","hard+very_hard","gmnl_lc",NA,0.5,"shortfall_min_LL",1.518963,"output/stress_replicate.rds",""
"randomised","hard+very_hard","gmnl_lc",NA,0.5,"shortfall_max_LL",12.86076,"output/stress_replicate.rds",""
"randomised","hard+very_hard","gmnl_lc",NA,0.5,"bic_equivalent_min",3.037926,"output/stress_replicate.rds",""
"randomised","hard+very_hard","gmnl_lc",NA,0.5,"bic_equivalent_max",25.72151,"output/stress_replicate.rds",""
"randomised","hard+very_hard","gmnl_lc","klue_ml",0.5,"mcnemar_only_method",6,"output/stress_replicate.rds",""
"randomised","hard+very_hard","gmnl_lc","klue_ml",0.5,"mcnemar_only_comparator",0,"output/stress_replicate.rds",""
"randomised","hard+very_hard","gmnl_lc","klue_ml",0.5,"mcnemar_both",1,"output/stress_replicate.rds",""
"randomised","hard+very_hard","gmnl_lc","klue_ml",0.5,"mcnemar_neither",3,"output/stress_replicate.rds",""
"randomised","hard+very_hard","gmnl_lc","klue_ml",0.5,"mcnemar_p_exact",0.03125,"output/stress_replicate.rds",""
"randomised","hard+very_hard","apollo_searchStart",NA,0.1,"misses",1,"output/stress_replicate.rds",""
"randomised","hard+very_hard","apollo_searchStart",NA,0.5,"misses",1,"output/stress_replicate.rds",""
"randomised","hard+very_hard","apollo_searchStart",NA,1,"misses",1,"output/stress_replicate.rds",""
"randomised","hard+very_hard","apollo_searchStart",NA,2,"misses",1,"output/stress_replicate.rds",""
"randomised","hard+very_hard","apollo_searchStart",NA,5,"misses",0,"output/stress_replicate.rds",""
"randomised","hard+very_hard","apollo_searchStart",NA,0.5,"reached",9,"output/stress_replicate.rds",""
"randomised","hard+very_hard","apollo_searchStart",NA,0.5,"miss_rate_wilson95_lower",0.01787621,"output/stress_replicate.rds",""
"randomised","hard+very_hard","apollo_searchStart",NA,0.5,"miss_rate_wilson95_upper",0.40415,"output/stress_replicate.rds",""
"randomised","hard+very_hard","apollo_searchStart",NA,0.5,"shortfall_min_LL",2.291251,"output/stress_replicate.rds",""
"randomised","hard+very_hard","apollo_searchStart",NA,0.5,"shortfall_max_LL",2.291251,"output/stress_replicate.rds",""
"randomised","hard+very_hard","apollo_searchStart",NA,0.5,"bic_equivalent_min",4.582501,"output/stress_replicate.rds",""
"randomised","hard+very_hard","apollo_searchStart",NA,0.5,"bic_equivalent_max",4.582501,"output/stress_replicate.rds",""
"randomised","hard+very_hard","apollo_searchStart","klue_ml",0.5,"mcnemar_only_method",1,"output/stress_replicate.rds",""
"randomised","hard+very_hard","apollo_searchStart","klue_ml",0.5,"mcnemar_only_comparator",1,"output/stress_replicate.rds",""
"randomised","hard+very_hard","apollo_searchStart","klue_ml",0.5,"mcnemar_both",0,"output/stress_replicate.rds",""
"randomised","hard+very_hard","apollo_searchStart","klue_ml",0.5,"mcnemar_neither",8,"output/stress_replicate.rds",""
"randomised","hard+very_hard","apollo_searchStart","klue_ml",0.5,"mcnemar_p_exact",1,"output/stress_replicate.rds",""
"randomised","hard+very_hard","apollo_ss_published",NA,0.1,"misses",7,"output/stress_replicate.rds",""
"randomised","hard+very_hard","apollo_ss_published",NA,0.5,"misses",5,"output/stress_replicate.rds",""
"randomised","hard+very_hard","apollo_ss_published",NA,1,"misses",5,"output/stress_replicate.rds",""
"randomised","hard+very_hard","apollo_ss_published",NA,2,"misses",4,"output/stress_replicate.rds",""
"randomised","hard+very_hard","apollo_ss_published",NA,5,"misses",1,"output/stress_replicate.rds",""
"randomised","hard+very_hard","apollo_ss_published",NA,0.5,"reached",5,"output/stress_replicate.rds",""
"randomised","hard+very_hard","apollo_ss_published",NA,0.5,"miss_rate_wilson95_lower",0.2365931,"output/stress_replicate.rds",""
"randomised","hard+very_hard","apollo_ss_published",NA,0.5,"miss_rate_wilson95_upper",0.7634069,"output/stress_replicate.rds",""
"randomised","hard+very_hard","apollo_ss_published",NA,0.5,"shortfall_min_LL",1.517667,"output/stress_replicate.rds",""
"randomised","hard+very_hard","apollo_ss_published",NA,0.5,"shortfall_max_LL",14.82424,"output/stress_replicate.rds",""
"randomised","hard+very_hard","apollo_ss_published",NA,0.5,"bic_equivalent_min",3.035334,"output/stress_replicate.rds",""
"randomised","hard+very_hard","apollo_ss_published",NA,0.5,"bic_equivalent_max",29.64849,"output/stress_replicate.rds",""
"randomised","hard+very_hard","apollo_ss_published","klue_ml",0.5,"mcnemar_only_method",4,"output/stress_replicate.rds",""
"randomised","hard+very_hard","apollo_ss_published","klue_ml",0.5,"mcnemar_only_comparator",0,"output/stress_replicate.rds",""
"randomised","hard+very_hard","apollo_ss_published","klue_ml",0.5,"mcnemar_both",1,"output/stress_replicate.rds",""
"randomised","hard+very_hard","apollo_ss_published","klue_ml",0.5,"mcnemar_neither",5,"output/stress_replicate.rds",""
"randomised","hard+very_hard","apollo_ss_published","klue_ml",0.5,"mcnemar_p_exact",0.125,"output/stress_replicate.rds",""
"randomised","hard+very_hard","apollo_lcEM",NA,0.1,"misses",9,"output/stress_replicate.rds",""
"randomised","hard+very_hard","apollo_lcEM",NA,0.5,"misses",8,"output/stress_replicate.rds",""
"randomised","hard+very_hard","apollo_lcEM",NA,1,"misses",8,"output/stress_replicate.rds",""
"randomised","hard+very_hard","apollo_lcEM",NA,2,"misses",7,"output/stress_replicate.rds",""
"randomised","hard+very_hard","apollo_lcEM",NA,5,"misses",2,"output/stress_replicate.rds",""
"randomised","hard+very_hard","apollo_lcEM",NA,0.5,"reached",2,"output/stress_replicate.rds",""
"randomised","hard+very_hard","apollo_lcEM",NA,0.5,"miss_rate_wilson95_lower",0.4901625,"output/stress_replicate.rds",""
"randomised","hard+very_hard","apollo_lcEM",NA,0.5,"miss_rate_wilson95_upper",0.9433178,"output/stress_replicate.rds",""
"randomised","hard+very_hard","apollo_lcEM",NA,0.5,"shortfall_min_LL",1.553304,"output/stress_replicate.rds",""
"randomised","hard+very_hard","apollo_lcEM",NA,0.5,"shortfall_max_LL",12.95258,"output/stress_replicate.rds",""
"randomised","hard+very_hard","apollo_lcEM",NA,0.5,"bic_equivalent_min",3.106607,"output/stress_replicate.rds",""
"randomised","hard+very_hard","apollo_lcEM",NA,0.5,"bic_equivalent_max",25.90515,"output/stress_replicate.rds",""
"randomised","hard+very_hard","apollo_lcEM","klue_ml",0.5,"mcnemar_only_method",7,"output/stress_replicate.rds",""
"randomised","hard+very_hard","apollo_lcEM","klue_ml",0.5,"mcnemar_only_comparator",0,"output/stress_replicate.rds",""
"randomised","hard+very_hard","apollo_lcEM","klue_ml",0.5,"mcnemar_both",1,"output/stress_replicate.rds",""
"randomised","hard+very_hard","apollo_lcEM","klue_ml",0.5,"mcnemar_neither",2,"output/stress_replicate.rds",""
"randomised","hard+very_hard","apollo_lcEM","klue_ml",0.5,"mcnemar_p_exact",0.015625,"output/stress_replicate.rds",""
"randomised","all",NA,NA,NA,"n_cells",20,"output/stress_replicate.rds",""
"randomised","all","klue_ml",NA,0.1,"misses",4,"output/stress_replicate.rds",""
"randomised","all","klue_ml",NA,0.5,"misses",4,"output/stress_replicate.rds",""
"randomised","all","klue_ml",NA,1,"misses",4,"output/stress_replicate.rds",""
"randomised","all","klue_ml",NA,2,"misses",2,"output/stress_replicate.rds",""
"randomised","all","klue_ml",NA,5,"misses",1,"output/stress_replicate.rds",""
"randomised","all","klue_ml",NA,0.5,"reached",16,"output/stress_replicate.rds",""
"randomised","all","klue_ml",NA,0.5,"miss_rate_wilson95_lower",0.08065766,"output/stress_replicate.rds",""
"randomised","all","klue_ml",NA,0.5,"miss_rate_wilson95_upper",0.4160174,"output/stress_replicate.rds",""
"randomised","all","klue_ml",NA,0.5,"shortfall_min_LL",1.151755,"output/stress_replicate.rds",""
"randomised","all","klue_ml",NA,0.5,"shortfall_max_LL",14.24851,"output/stress_replicate.rds",""
"randomised","all","klue_ml",NA,0.5,"bic_equivalent_min",2.303511,"output/stress_replicate.rds",""
"randomised","all","klue_ml",NA,0.5,"bic_equivalent_max",28.49702,"output/stress_replicate.rds",""
"randomised","all","klue_em",NA,0.1,"misses",11,"output/stress_replicate.rds",""
"randomised","all","klue_em",NA,0.5,"misses",10,"output/stress_replicate.rds",""
"randomised","all","klue_em",NA,1,"misses",10,"output/stress_replicate.rds",""
"randomised","all","klue_em",NA,2,"misses",7,"output/stress_replicate.rds",""
"randomised","all","klue_em",NA,5,"misses",2,"output/stress_replicate.rds",""
"randomised","all","klue_em",NA,0.5,"reached",10,"output/stress_replicate.rds",""
"randomised","all","klue_em",NA,0.5,"miss_rate_wilson95_lower",0.299298,"output/stress_replicate.rds",""
"randomised","all","klue_em",NA,0.5,"miss_rate_wilson95_upper",0.700702,"output/stress_replicate.rds",""
"randomised","all","klue_em",NA,0.5,"shortfall_min_LL",1.008593,"output/stress_replicate.rds",""
"randomised","all","klue_em",NA,0.5,"shortfall_max_LL",14.24853,"output/stress_replicate.rds",""
"randomised","all","klue_em",NA,0.5,"bic_equivalent_min",2.017185,"output/stress_replicate.rds",""
"randomised","all","klue_em",NA,0.5,"bic_equivalent_max",28.49706,"output/stress_replicate.rds",""
"randomised","all","klue_em","klue_ml",0.5,"mcnemar_only_method",6,"output/stress_replicate.rds",""
"randomised","all","klue_em","klue_ml",0.5,"mcnemar_only_comparator",0,"output/stress_replicate.rds",""
"randomised","all","klue_em","klue_ml",0.5,"mcnemar_both",4,"output/stress_replicate.rds",""
"randomised","all","klue_em","klue_ml",0.5,"mcnemar_neither",10,"output/stress_replicate.rds",""
"randomised","all","klue_em","klue_ml",0.5,"mcnemar_p_exact",0.03125,"output/stress_replicate.rds",""
"randomised","all","gmnl_lc",NA,0.1,"misses",15,"output/stress_replicate.rds",""
"randomised","all","gmnl_lc",NA,0.5,"misses",14,"output/stress_replicate.rds",""
"randomised","all","gmnl_lc",NA,1,"misses",14,"output/stress_replicate.rds",""
"randomised","all","gmnl_lc",NA,2,"misses",12,"output/stress_replicate.rds",""
"randomised","all","gmnl_lc",NA,5,"misses",9,"output/stress_replicate.rds",""
"randomised","all","gmnl_lc",NA,0.5,"reached",6,"output/stress_replicate.rds",""
"randomised","all","gmnl_lc",NA,0.5,"miss_rate_wilson95_lower",0.4810272,"output/stress_replicate.rds",""
"randomised","all","gmnl_lc",NA,0.5,"miss_rate_wilson95_upper",0.8545228,"output/stress_replicate.rds",""
"randomised","all","gmnl_lc",NA,0.5,"shortfall_min_LL",1.363501,"output/stress_replicate.rds",""
"randomised","all","gmnl_lc",NA,0.5,"shortfall_max_LL",15.01977,"output/stress_replicate.rds",""
"randomised","all","gmnl_lc",NA,0.5,"bic_equivalent_min",2.727002,"output/stress_replicate.rds",""
"randomised","all","gmnl_lc",NA,0.5,"bic_equivalent_max",30.03953,"output/stress_replicate.rds",""
"randomised","all","gmnl_lc","klue_ml",0.5,"mcnemar_only_method",10,"output/stress_replicate.rds",""
"randomised","all","gmnl_lc","klue_ml",0.5,"mcnemar_only_comparator",0,"output/stress_replicate.rds",""
"randomised","all","gmnl_lc","klue_ml",0.5,"mcnemar_both",4,"output/stress_replicate.rds",""
"randomised","all","gmnl_lc","klue_ml",0.5,"mcnemar_neither",6,"output/stress_replicate.rds",""
"randomised","all","gmnl_lc","klue_ml",0.5,"mcnemar_p_exact",0.001953125,"output/stress_replicate.rds",""
"randomised","all","apollo_searchStart",NA,0.1,"misses",2,"output/stress_replicate.rds",""
"randomised","all","apollo_searchStart",NA,0.5,"misses",2,"output/stress_replicate.rds",""
"randomised","all","apollo_searchStart",NA,1,"misses",2,"output/stress_replicate.rds",""
"randomised","all","apollo_searchStart",NA,2,"misses",2,"output/stress_replicate.rds",""
"randomised","all","apollo_searchStart",NA,5,"misses",0,"output/stress_replicate.rds",""
"randomised","all","apollo_searchStart",NA,0.5,"reached",18,"output/stress_replicate.rds",""
"randomised","all","apollo_searchStart",NA,0.5,"miss_rate_wilson95_lower",0.02786648,"output/stress_replicate.rds",""
"randomised","all","apollo_searchStart",NA,0.5,"miss_rate_wilson95_upper",0.3010336,"output/stress_replicate.rds",""
"randomised","all","apollo_searchStart",NA,0.5,"shortfall_min_LL",2.291251,"output/stress_replicate.rds",""
"randomised","all","apollo_searchStart",NA,0.5,"shortfall_max_LL",2.589443,"output/stress_replicate.rds",""
"randomised","all","apollo_searchStart",NA,0.5,"bic_equivalent_min",4.582501,"output/stress_replicate.rds",""
"randomised","all","apollo_searchStart",NA,0.5,"bic_equivalent_max",5.178887,"output/stress_replicate.rds",""
"randomised","all","apollo_searchStart","klue_ml",0.5,"mcnemar_only_method",2,"output/stress_replicate.rds",""
"randomised","all","apollo_searchStart","klue_ml",0.5,"mcnemar_only_comparator",4,"output/stress_replicate.rds",""
"randomised","all","apollo_searchStart","klue_ml",0.5,"mcnemar_both",0,"output/stress_replicate.rds",""
"randomised","all","apollo_searchStart","klue_ml",0.5,"mcnemar_neither",14,"output/stress_replicate.rds",""
"randomised","all","apollo_searchStart","klue_ml",0.5,"mcnemar_p_exact",0.6875,"output/stress_replicate.rds",""
"randomised","all","apollo_ss_published",NA,0.1,"misses",13,"output/stress_replicate.rds",""
"randomised","all","apollo_ss_published",NA,0.5,"misses",11,"output/stress_replicate.rds",""
"randomised","all","apollo_ss_published",NA,1,"misses",10,"output/stress_replicate.rds",""
"randomised","all","apollo_ss_published",NA,2,"misses",8,"output/stress_replicate.rds",""
"randomised","all","apollo_ss_published",NA,5,"misses",3,"output/stress_replicate.rds",""
"randomised","all","apollo_ss_published",NA,0.5,"reached",9,"output/stress_replicate.rds",""
"randomised","all","apollo_ss_published",NA,0.5,"miss_rate_wilson95_lower",0.3420853,"output/stress_replicate.rds",""
"randomised","all","apollo_ss_published",NA,0.5,"miss_rate_wilson95_upper",0.7418021,"output/stress_replicate.rds",""
"randomised","all","apollo_ss_published",NA,0.5,"shortfall_min_LL",0.7011157,"output/stress_replicate.rds",""
"randomised","all","apollo_ss_published",NA,0.5,"shortfall_max_LL",14.82424,"output/stress_replicate.rds",""
"randomised","all","apollo_ss_published",NA,0.5,"bic_equivalent_min",1.402231,"output/stress_replicate.rds",""
"randomised","all","apollo_ss_published",NA,0.5,"bic_equivalent_max",29.64849,"output/stress_replicate.rds",""
"randomised","all","apollo_ss_published","klue_ml",0.5,"mcnemar_only_method",7,"output/stress_replicate.rds",""
"randomised","all","apollo_ss_published","klue_ml",0.5,"mcnemar_only_comparator",0,"output/stress_replicate.rds",""
"randomised","all","apollo_ss_published","klue_ml",0.5,"mcnemar_both",4,"output/stress_replicate.rds",""
"randomised","all","apollo_ss_published","klue_ml",0.5,"mcnemar_neither",9,"output/stress_replicate.rds",""
"randomised","all","apollo_ss_published","klue_ml",0.5,"mcnemar_p_exact",0.015625,"output/stress_replicate.rds",""
"randomised","all","apollo_lcEM",NA,0.1,"misses",17,"output/stress_replicate.rds",""
"randomised","all","apollo_lcEM",NA,0.5,"misses",16,"output/stress_replicate.rds",""
"randomised","all","apollo_lcEM",NA,1,"misses",15,"output/stress_replicate.rds",""
"randomised","all","apollo_lcEM",NA,2,"misses",14,"output/stress_replicate.rds",""
"randomised","all","apollo_lcEM",NA,5,"misses",7,"output/stress_replicate.rds",""
"randomised","all","apollo_lcEM",NA,0.5,"reached",4,"output/stress_replicate.rds",""
"randomised","all","apollo_lcEM",NA,0.5,"miss_rate_wilson95_lower",0.5839826,"output/stress_replicate.rds",""
"randomised","all","apollo_lcEM",NA,0.5,"miss_rate_wilson95_upper",0.9193423,"output/stress_replicate.rds",""
"randomised","all","apollo_lcEM",NA,0.5,"shortfall_min_LL",0.736199,"output/stress_replicate.rds",""
"randomised","all","apollo_lcEM",NA,0.5,"shortfall_max_LL",18.9325,"output/stress_replicate.rds",""
"randomised","all","apollo_lcEM",NA,0.5,"bic_equivalent_min",1.472398,"output/stress_replicate.rds",""
"randomised","all","apollo_lcEM",NA,0.5,"bic_equivalent_max",37.865,"output/stress_replicate.rds",""
"randomised","all","apollo_lcEM","klue_ml",0.5,"mcnemar_only_method",12,"output/stress_replicate.rds",""
"randomised","all","apollo_lcEM","klue_ml",0.5,"mcnemar_only_comparator",0,"output/stress_replicate.rds",""
"randomised","all","apollo_lcEM","klue_ml",0.5,"mcnemar_both",4,"output/stress_replicate.rds",""
"randomised","all","apollo_lcEM","klue_ml",0.5,"mcnemar_neither",4,"output/stress_replicate.rds",""
"randomised","all","apollo_lcEM","klue_ml",0.5,"mcnemar_p_exact",0.0004882813,"output/stress_replicate.rds",""
"randomised","moderate|seed2","klue_ml",NA,0.5,"shortfall_LL",1.363501,"output/stress_replicate.rds",""
"randomised","moderate|seed2","klue_ml",NA,0.5,"bic_equivalent",2.727002,"output/stress_replicate.rds",""
"randomised","hard|seed3","klue_ml",NA,0.5,"shortfall_LL",2.192551,"output/stress_replicate.rds",""
"randomised","hard|seed3","klue_ml",NA,0.5,"bic_equivalent",4.385101,"output/stress_replicate.rds",""
"randomised","hard_corr|seed1","klue_ml",NA,0.5,"shortfall_LL",1.151755,"output/stress_replicate.rds",""
"randomised","hard_corr|seed1","klue_ml",NA,0.5,"bic_equivalent",2.303511,"output/stress_replicate.rds",""
"randomised","hard_corr|seed4","klue_ml",NA,0.5,"shortfall_LL",14.24851,"output/stress_replicate.rds",""
"randomised","hard_corr|seed4","klue_ml",NA,0.5,"bic_equivalent",28.49702,"output/stress_replicate.rds",""
"randomised","moderate|seed2","klue_em",NA,0.5,"shortfall_LL",1.363502,"output/stress_replicate.rds",""
"randomised","moderate|seed2","klue_em",NA,0.5,"bic_equivalent",2.727004,"output/stress_replicate.rds",""
"randomised","hard|seed1","klue_em",NA,0.5,"shortfall_LL",1.008593,"output/stress_replicate.rds",""
"randomised","hard|seed1","klue_em",NA,0.5,"bic_equivalent",2.017185,"output/stress_replicate.rds",""
"randomised","hard|seed3","klue_em",NA,0.5,"shortfall_LL",2.192572,"output/stress_replicate.rds",""
"randomised","hard|seed3","klue_em",NA,0.5,"bic_equivalent",4.385144,"output/stress_replicate.rds",""
"randomised","hard|seed5","klue_em",NA,0.5,"shortfall_LL",3.624147,"output/stress_replicate.rds",""
"randomised","hard|seed5","klue_em",NA,0.5,"bic_equivalent",7.248294,"output/stress_replicate.rds",""
"randomised","very_hard|seed1","klue_em",NA,0.5,"shortfall_LL",1.517692,"output/stress_replicate.rds",""
"randomised","very_hard|seed1","klue_em",NA,0.5,"bic_equivalent",3.035384,"output/stress_replicate.rds",""
"randomised","very_hard|seed4","klue_em",NA,0.5,"shortfall_LL",2.428151,"output/stress_replicate.rds",""
"randomised","very_hard|seed4","klue_em",NA,0.5,"bic_equivalent",4.856302,"output/stress_replicate.rds",""
"randomised","hard_corr|seed1","klue_em",NA,0.5,"shortfall_LL",6.867565,"output/stress_replicate.rds",""
"randomised","hard_corr|seed1","klue_em",NA,0.5,"bic_equivalent",13.73513,"output/stress_replicate.rds",""
"randomised","hard_corr|seed3","klue_em",NA,0.5,"shortfall_LL",2.319159,"output/stress_replicate.rds",""
"randomised","hard_corr|seed3","klue_em",NA,0.5,"bic_equivalent",4.638317,"output/stress_replicate.rds",""
"randomised","hard_corr|seed4","klue_em",NA,0.5,"shortfall_LL",14.24853,"output/stress_replicate.rds",""
"randomised","hard_corr|seed4","klue_em",NA,0.5,"bic_equivalent",28.49706,"output/stress_replicate.rds",""
"randomised","hard_corr|seed5","klue_em",NA,0.5,"shortfall_LL",4.187219,"output/stress_replicate.rds",""
"randomised","hard_corr|seed5","klue_em",NA,0.5,"bic_equivalent",8.374438,"output/stress_replicate.rds",""
"randomised","moderate|seed2","gmnl_lc",NA,0.5,"shortfall_LL",1.363501,"output/stress_replicate.rds",""
"randomised","moderate|seed2","gmnl_lc",NA,0.5,"bic_equivalent",2.727002,"output/stress_replicate.rds",""
"randomised","moderate|seed3","gmnl_lc",NA,0.5,"shortfall_LL",2.839015,"output/stress_replicate.rds",""
"randomised","moderate|seed3","gmnl_lc",NA,0.5,"bic_equivalent",5.67803,"output/stress_replicate.rds",""
"randomised","hard|seed1","gmnl_lc",NA,0.5,"shortfall_LL",5.786893,"output/stress_replicate.rds",""
"randomised","hard|seed1","gmnl_lc",NA,0.5,"bic_equivalent",11.57379,"output/stress_replicate.rds",""
"randomised","hard|seed2","gmnl_lc",NA,0.5,"shortfall_LL",7.051427,"output/stress_replicate.rds",""
"randomised","hard|seed2","gmnl_lc",NA,0.5,"bic_equivalent",14.10285,"output/stress_replicate.rds",""
"randomised","hard|seed3","gmnl_lc",NA,0.5,"shortfall_LL",2.832075,"output/stress_replicate.rds",""
"randomised","hard|seed3","gmnl_lc",NA,0.5,"bic_equivalent",5.664149,"output/stress_replicate.rds",""
"randomised","very_hard|seed1","gmnl_lc",NA,0.5,"shortfall_LL",1.518963,"output/stress_replicate.rds",""
"randomised","very_hard|seed1","gmnl_lc",NA,0.5,"bic_equivalent",3.037926,"output/stress_replicate.rds",""
"randomised","very_hard|seed3","gmnl_lc",NA,0.5,"shortfall_LL",12.86076,"output/stress_replicate.rds",""
"randomised","very_hard|seed3","gmnl_lc",NA,0.5,"bic_equivalent",25.72151,"output/stress_replicate.rds",""
"randomised","very_hard|seed4","gmnl_lc",NA,0.5,"shortfall_LL",9.111158,"output/stress_replicate.rds",""
"randomised","very_hard|seed4","gmnl_lc",NA,0.5,"bic_equivalent",18.22232,"output/stress_replicate.rds",""
"randomised","very_hard|seed5","gmnl_lc",NA,0.5,"shortfall_LL",10.55471,"output/stress_replicate.rds",""
"randomised","very_hard|seed5","gmnl_lc",NA,0.5,"bic_equivalent",21.10942,"output/stress_replicate.rds",""
"randomised","hard_corr|seed1","gmnl_lc",NA,0.5,"shortfall_LL",8.508785,"output/stress_replicate.rds",""
"randomised","hard_corr|seed1","gmnl_lc",NA,0.5,"bic_equivalent",17.01757,"output/stress_replicate.rds",""
"randomised","hard_corr|seed2","gmnl_lc",NA,0.5,"shortfall_LL",8.204325,"output/stress_replicate.rds",""
"randomised","hard_corr|seed2","gmnl_lc",NA,0.5,"bic_equivalent",16.40865,"output/stress_replicate.rds",""
"randomised","hard_corr|seed3","gmnl_lc",NA,0.5,"shortfall_LL",6.071887,"output/stress_replicate.rds",""
"randomised","hard_corr|seed3","gmnl_lc",NA,0.5,"bic_equivalent",12.14377,"output/stress_replicate.rds",""
"randomised","hard_corr|seed4","gmnl_lc",NA,0.5,"shortfall_LL",15.01977,"output/stress_replicate.rds",""
"randomised","hard_corr|seed4","gmnl_lc",NA,0.5,"bic_equivalent",30.03953,"output/stress_replicate.rds",""
"randomised","hard_corr|seed5","gmnl_lc",NA,0.5,"shortfall_LL",3.12902,"output/stress_replicate.rds",""
"randomised","hard_corr|seed5","gmnl_lc",NA,0.5,"bic_equivalent",6.258039,"output/stress_replicate.rds",""
"randomised","very_hard|seed4","apollo_searchStart",NA,0.5,"shortfall_LL",2.291251,"output/stress_replicate.rds",""
"randomised","very_hard|seed4","apollo_searchStart",NA,0.5,"bic_equivalent",4.582501,"output/stress_replicate.rds",""
"randomised","hard_corr|seed2","apollo_searchStart",NA,0.5,"shortfall_LL",2.589443,"output/stress_replicate.rds",""
"randomised","hard_corr|seed2","apollo_searchStart",NA,0.5,"bic_equivalent",5.178887,"output/stress_replicate.rds",""
"randomised","moderate|seed1","apollo_ss_published",NA,0.5,"shortfall_LL",0.7011157,"output/stress_replicate.rds",""
"randomised","moderate|seed1","apollo_ss_published",NA,0.5,"bic_equivalent",1.402231,"output/stress_replicate.rds",""
"randomised","moderate|seed2","apollo_ss_published",NA,0.5,"shortfall_LL",1.363501,"output/stress_replicate.rds",""
"randomised","moderate|seed2","apollo_ss_published",NA,0.5,"bic_equivalent",2.727002,"output/stress_replicate.rds",""
"randomised","hard|seed3","apollo_ss_published",NA,0.5,"shortfall_LL",2.467877,"output/stress_replicate.rds",""
"randomised","hard|seed3","apollo_ss_published",NA,0.5,"bic_equivalent",4.935755,"output/stress_replicate.rds",""
"randomised","hard|seed5","apollo_ss_published",NA,0.5,"shortfall_LL",3.624131,"output/stress_replicate.rds",""
"randomised","hard|seed5","apollo_ss_published",NA,0.5,"bic_equivalent",7.248261,"output/stress_replicate.rds",""
"randomised","very_hard|seed1","apollo_ss_published",NA,0.5,"shortfall_LL",1.517667,"output/stress_replicate.rds",""
"randomised","very_hard|seed1","apollo_ss_published",NA,0.5,"bic_equivalent",3.035334,"output/stress_replicate.rds",""
"randomised","very_hard|seed3","apollo_ss_published",NA,0.5,"shortfall_LL",14.82424,"output/stress_replicate.rds",""
"randomised","very_hard|seed3","apollo_ss_published",NA,0.5,"bic_equivalent",29.64849,"output/stress_replicate.rds",""
"randomised","very_hard|seed4","apollo_ss_published",NA,0.5,"shortfall_LL",2.428141,"output/stress_replicate.rds",""
"randomised","very_hard|seed4","apollo_ss_published",NA,0.5,"bic_equivalent",4.856282,"output/stress_replicate.rds",""
"randomised","hard_corr|seed1","apollo_ss_published",NA,0.5,"shortfall_LL",6.624207,"output/stress_replicate.rds",""
"randomised","hard_corr|seed1","apollo_ss_published",NA,0.5,"bic_equivalent",13.24841,"output/stress_replicate.rds",""
"randomised","hard_corr|seed2","apollo_ss_published",NA,0.5,"shortfall_LL",2.589444,"output/stress_replicate.rds",""
"randomised","hard_corr|seed2","apollo_ss_published",NA,0.5,"bic_equivalent",5.178887,"output/stress_replicate.rds",""
"randomised","hard_corr|seed4","apollo_ss_published",NA,0.5,"shortfall_LL",10.60254,"output/stress_replicate.rds",""
"randomised","hard_corr|seed4","apollo_ss_published",NA,0.5,"bic_equivalent",21.20508,"output/stress_replicate.rds",""
"randomised","hard_corr|seed5","apollo_ss_published",NA,0.5,"shortfall_LL",2.788275,"output/stress_replicate.rds",""
"randomised","hard_corr|seed5","apollo_ss_published",NA,0.5,"bic_equivalent",5.576551,"output/stress_replicate.rds",""
"randomised","moderate|seed1","apollo_lcEM",NA,0.5,"shortfall_LL",0.736199,"output/stress_replicate.rds",""
"randomised","moderate|seed1","apollo_lcEM",NA,0.5,"bic_equivalent",1.472398,"output/stress_replicate.rds",""
"randomised","moderate|seed2","apollo_lcEM",NA,0.5,"shortfall_LL",4.85326,"output/stress_replicate.rds",""
"randomised","moderate|seed2","apollo_lcEM",NA,0.5,"bic_equivalent",9.70652,"output/stress_replicate.rds",""
"randomised","moderate|seed3","apollo_lcEM",NA,0.5,"shortfall_LL",5.113076,"output/stress_replicate.rds",""
"randomised","moderate|seed3","apollo_lcEM",NA,0.5,"bic_equivalent",10.22615,"output/stress_replicate.rds",""
"randomised","hard|seed1","apollo_lcEM",NA,0.5,"shortfall_LL",2.7405,"output/stress_replicate.rds",""
"randomised","hard|seed1","apollo_lcEM",NA,0.5,"bic_equivalent",5.480999,"output/stress_replicate.rds",""
"randomised","hard|seed2","apollo_lcEM",NA,0.5,"shortfall_LL",10.58981,"output/stress_replicate.rds",""
"randomised","hard|seed2","apollo_lcEM",NA,0.5,"bic_equivalent",21.17962,"output/stress_replicate.rds",""
"randomised","hard|seed3","apollo_lcEM",NA,0.5,"shortfall_LL",3.424208,"output/stress_replicate.rds",""
"randomised","hard|seed3","apollo_lcEM",NA,0.5,"bic_equivalent",6.848417,"output/stress_replicate.rds",""
"randomised","very_hard|seed1","apollo_lcEM",NA,0.5,"shortfall_LL",1.553304,"output/stress_replicate.rds",""
"randomised","very_hard|seed1","apollo_lcEM",NA,0.5,"bic_equivalent",3.106607,"output/stress_replicate.rds",""
"randomised","very_hard|seed2","apollo_lcEM",NA,0.5,"shortfall_LL",4.212264,"output/stress_replicate.rds",""
"randomised","very_hard|seed2","apollo_lcEM",NA,0.5,"bic_equivalent",8.424528,"output/stress_replicate.rds",""
"randomised","very_hard|seed3","apollo_lcEM",NA,0.5,"shortfall_LL",12.95258,"output/stress_replicate.rds",""
"randomised","very_hard|seed3","apollo_lcEM",NA,0.5,"bic_equivalent",25.90515,"output/stress_replicate.rds",""
"randomised","very_hard|seed4","apollo_lcEM",NA,0.5,"shortfall_LL",2.452983,"output/stress_replicate.rds",""
"randomised","very_hard|seed4","apollo_lcEM",NA,0.5,"bic_equivalent",4.905965,"output/stress_replicate.rds",""
"randomised","very_hard|seed5","apollo_lcEM",NA,0.5,"shortfall_LL",3.375817,"output/stress_replicate.rds",""
"randomised","very_hard|seed5","apollo_lcEM",NA,0.5,"bic_equivalent",6.751633,"output/stress_replicate.rds",""
"randomised","hard_corr|seed1","apollo_lcEM",NA,0.5,"shortfall_LL",8.466033,"output/stress_replicate.rds",""
"randomised","hard_corr|seed1","apollo_lcEM",NA,0.5,"bic_equivalent",16.93207,"output/stress_replicate.rds",""
"randomised","hard_corr|seed2","apollo_lcEM",NA,0.5,"shortfall_LL",8.886449,"output/stress_replicate.rds",""
"randomised","hard_corr|seed2","apollo_lcEM",NA,0.5,"bic_equivalent",17.7729,"output/stress_replicate.rds",""
"randomised","hard_corr|seed3","apollo_lcEM",NA,0.5,"shortfall_LL",4.322606,"output/stress_replicate.rds",""
"randomised","hard_corr|seed3","apollo_lcEM",NA,0.5,"bic_equivalent",8.645213,"output/stress_replicate.rds",""
"randomised","hard_corr|seed4","apollo_lcEM",NA,0.5,"shortfall_LL",18.9325,"output/stress_replicate.rds",""
"randomised","hard_corr|seed4","apollo_lcEM",NA,0.5,"bic_equivalent",37.865,"output/stress_replicate.rds",""
"randomised","hard_corr|seed5","apollo_lcEM",NA,0.5,"shortfall_LL",10.1584,"output/stress_replicate.rds",""
"randomised","hard_corr|seed5","apollo_lcEM",NA,0.5,"bic_equivalent",20.31681,"output/stress_replicate.rds",""
"randomised","moderate|seed2","apollo_searchStart","klue_ml",0.5,"sole_best_margin_LL",1.363501,"output/stress_replicate.rds","LL above the next best arm (comparator); every other arm misses"
"randomised","hard|seed3","apollo_searchStart","klue_ml",0.5,"sole_best_margin_LL",2.192551,"output/stress_replicate.rds","LL above the next best arm (comparator); every other arm misses"
"randomised","very_hard|seed4","klue_ml","apollo_searchStart",0.5,"sole_best_margin_LL",2.291251,"output/stress_replicate.rds","LL above the next best arm (comparator); every other arm misses"
"randomised","hard_corr|seed1","apollo_searchStart","klue_ml",0.5,"sole_best_margin_LL",1.151755,"output/stress_replicate.rds","LL above the next best arm (comparator); every other arm misses"
"randomised","hard_corr|seed4","apollo_searchStart","apollo_ss_published",0.5,"sole_best_margin_LL",10.60254,"output/stress_replicate.rds","LL above the next best arm (comparator); every other arm misses"
"randomised","all","klue_ml",NA,0.5,"sole_best_cells",1,"output/stress_replicate.rds",""
"randomised","all","klue_ml",NA,0.5,"sole_best_margin_min_LL",2.291251,"output/stress_replicate.rds",""
"randomised","all","klue_ml",NA,0.5,"sole_best_margin_max_LL",2.291251,"output/stress_replicate.rds",""
"randomised","all","klue_em",NA,0.5,"sole_best_cells",0,"output/stress_replicate.rds",""
"randomised","all","gmnl_lc",NA,0.5,"sole_best_cells",0,"output/stress_replicate.rds",""
"randomised","all","apollo_searchStart",NA,0.5,"sole_best_cells",4,"output/stress_replicate.rds",""
"randomised","all","apollo_searchStart",NA,0.5,"sole_best_margin_min_LL",1.151755,"output/stress_replicate.rds",""
"randomised","all","apollo_searchStart",NA,0.5,"sole_best_margin_max_LL",10.60254,"output/stress_replicate.rds",""
"randomised","all","apollo_ss_published",NA,0.5,"sole_best_cells",0,"output/stress_replicate.rds",""
"randomised","all","apollo_lcEM",NA,0.5,"sole_best_cells",0,"output/stress_replicate.rds",""
"randomised","moderate","apollo_lcEM",NA,NA,"lcem_capped_cells",3,"output/stress_replicate_std.log",""
"randomised","moderate","apollo_lcEM",NA,NA,"lcem_capped_criterion_met_cells",0,"output/stress_replicate_std.log","reported the cap although the last improvement was below 1e-5"
"randomised","moderate","apollo_lcEM",NA,NA,"lcem_continued_classical_cells",2,"output/stress_replicate_std.log",""
"randomised","moderate","apollo_lcEM",NA,0.5,"lcem_missed_capped_cells",3,"output/stress_replicate_std.log + output/stress_replicate.rds",""
"randomised","hard","apollo_lcEM",NA,NA,"lcem_capped_cells",5,"output/stress_replicate_std.log",""
"randomised","hard","apollo_lcEM",NA,NA,"lcem_capped_criterion_met_cells",0,"output/stress_replicate_std.log","reported the cap although the last improvement was below 1e-5"
"randomised","hard","apollo_lcEM",NA,NA,"lcem_continued_classical_cells",0,"output/stress_replicate_std.log",""
"randomised","hard","apollo_lcEM",NA,0.5,"lcem_missed_capped_cells",3,"output/stress_replicate_std.log + output/stress_replicate.rds",""
"randomised","very_hard","apollo_lcEM",NA,NA,"lcem_capped_cells",5,"output/stress_replicate_std.log",""
"randomised","very_hard","apollo_lcEM",NA,NA,"lcem_capped_criterion_met_cells",0,"output/stress_replicate_std.log","reported the cap although the last improvement was below 1e-5"
"randomised","very_hard","apollo_lcEM",NA,NA,"lcem_continued_classical_cells",0,"output/stress_replicate_std.log",""
"randomised","very_hard","apollo_lcEM",NA,0.5,"lcem_missed_capped_cells",5,"output/stress_replicate_std.log + output/stress_replicate.rds",""
"randomised","hard_corr","apollo_lcEM",NA,NA,"lcem_capped_cells",5,"output/stress_replicate_std.log",""
"randomised","hard_corr","apollo_lcEM",NA,NA,"lcem_capped_criterion_met_cells",0,"output/stress_replicate_std.log","reported the cap although the last improvement was below 1e-5"
"randomised","hard_corr","apollo_lcEM",NA,NA,"lcem_continued_classical_cells",0,"output/stress_replicate_std.log",""
"randomised","hard_corr","apollo_lcEM",NA,0.5,"lcem_missed_capped_cells",5,"output/stress_replicate_std.log + output/stress_replicate.rds",""
"randomised","hard+very_hard","apollo_lcEM",NA,NA,"lcem_capped_cells",10,"output/stress_replicate_std.log",""
"randomised","hard+very_hard","apollo_lcEM",NA,NA,"lcem_capped_criterion_met_cells",0,"output/stress_replicate_std.log","reported the cap although the last improvement was below 1e-5"
"randomised","hard+very_hard","apollo_lcEM",NA,NA,"lcem_continued_classical_cells",0,"output/stress_replicate_std.log",""
"randomised","hard+very_hard","apollo_lcEM",NA,0.5,"lcem_missed_capped_cells",8,"output/stress_replicate_std.log + output/stress_replicate.rds",""
"randomised","all","apollo_lcEM",NA,NA,"lcem_capped_cells",18,"output/stress_replicate_std.log",""
"randomised","all","apollo_lcEM",NA,NA,"lcem_capped_criterion_met_cells",0,"output/stress_replicate_std.log","reported the cap although the last improvement was below 1e-5"
"randomised","all","apollo_lcEM",NA,NA,"lcem_continued_classical_cells",2,"output/stress_replicate_std.log",""
"randomised","all","apollo_lcEM",NA,0.5,"lcem_missed_capped_cells",16,"output/stress_replicate_std.log + output/stress_replicate.rds",""
"randomised","hard|seed5","klue_ml_screen_default","klue_ml",NA,"change_LL",-3.624131,"output/ladder_carryover_check.csv","LL of klue_ml refitted at klue 0.10.0's default (klue.screen = TRUE) minus the stored LL (comparator)"
"randomised","very_hard|seed1","klue_ml_screen_default","klue_ml",NA,"change_LL",-1.517739,"output/ladder_carryover_check.csv","LL of klue_ml refitted at klue 0.10.0's default (klue.screen = TRUE) minus the stored LL (comparator)"
"randomised","very_hard|seed4","klue_ml_screen_default","klue_ml",NA,"change_LL",-2.291251,"output/ladder_carryover_check.csv","LL of klue_ml refitted at klue 0.10.0's default (klue.screen = TRUE) minus the stored LL (comparator)"
"randomised","hard_corr|seed1","klue_ml_screen_default","klue_ml",NA,"change_LL",2.714192,"output/ladder_carryover_check.csv","LL of klue_ml refitted at klue 0.10.0's default (klue.screen = TRUE) minus the stored LL (comparator)"
"randomised","hard_corr|seed2","klue_ml_screen_default","klue_ml",NA,"change_LL",-0.0013431,"output/ladder_carryover_check.csv","LL of klue_ml refitted at klue 0.10.0's default (klue.screen = TRUE) minus the stored LL (comparator)"
"randomised","all","klue_ml_screen_default","klue_ml",NA,"moved_cells",5,"output/ladder_carryover_check.csv","cells where klue_ml refitted at klue 0.10.0's default (klue.screen = TRUE) ends more than 0.001 LL from the stored LL (comparator)"
"randomised","all","klue_ml_screen_default",NA,0.5,"misses",5,"output/stress_replicate.rds + output/ladder_carryover_check.csv","each cell's best recomputed with klue_ml_screen_default, klue_ml refitted at klue 0.10.0's default (klue.screen = TRUE), in place of the stored klue_ml"
"randomised","all","apollo_searchStart","klue_ml_screen_default",0.5,"misses",2,"output/stress_replicate.rds + output/ladder_carryover_check.csv","each cell's best recomputed with klue_ml_screen_default, klue_ml refitted at klue 0.10.0's default (klue.screen = TRUE), in place of the stored klue_ml"
"randomised","all","klue_ml_screen_default","apollo_searchStart",0.5,"mcnemar_only_method",5,"output/stress_replicate.rds + output/ladder_carryover_check.csv","each cell's best recomputed with klue_ml_screen_default, klue_ml refitted at klue 0.10.0's default (klue.screen = TRUE), in place of the stored klue_ml"
"randomised","all","klue_ml_screen_default","apollo_searchStart",0.5,"mcnemar_only_comparator",2,"output/stress_replicate.rds + output/ladder_carryover_check.csv","each cell's best recomputed with klue_ml_screen_default, klue_ml refitted at klue 0.10.0's default (klue.screen = TRUE), in place of the stored klue_ml"
"randomised","all","klue_ml_screen_default","apollo_searchStart",0.5,"mcnemar_both",0,"output/stress_replicate.rds + output/ladder_carryover_check.csv","each cell's best recomputed with klue_ml_screen_default, klue_ml refitted at klue 0.10.0's default (klue.screen = TRUE), in place of the stored klue_ml"
"randomised","all","klue_ml_screen_default","apollo_searchStart",0.5,"mcnemar_neither",13,"output/stress_replicate.rds + output/ladder_carryover_check.csv","each cell's best recomputed with klue_ml_screen_default, klue_ml refitted at klue 0.10.0's default (klue.screen = TRUE), in place of the stored klue_ml"
"randomised","all","klue_ml_screen_default","apollo_searchStart",0.5,"mcnemar_p_exact",0.453125,"output/stress_replicate.rds + output/ladder_carryover_check.csv","each cell's best recomputed with klue_ml_screen_default, klue_ml refitted at klue 0.10.0's default (klue.screen = TRUE), in place of the stored klue_ml"
"randomised","all","apollo_searchStart","klue_ml_screen_default",0.5,"mcnemar_only_method",2,"output/stress_replicate.rds + output/ladder_carryover_check.csv","each cell's best recomputed with klue_ml_screen_default, klue_ml refitted at klue 0.10.0's default (klue.screen = TRUE), in place of the stored klue_ml"
"randomised","all","apollo_searchStart","klue_ml_screen_default",0.5,"mcnemar_only_comparator",5,"output/stress_replicate.rds + output/ladder_carryover_check.csv","each cell's best recomputed with klue_ml_screen_default, klue_ml refitted at klue 0.10.0's default (klue.screen = TRUE), in place of the stored klue_ml"
"randomised","all","apollo_searchStart","klue_ml_screen_default",0.5,"mcnemar_both",0,"output/stress_replicate.rds + output/ladder_carryover_check.csv","each cell's best recomputed with klue_ml_screen_default, klue_ml refitted at klue 0.10.0's default (klue.screen = TRUE), in place of the stored klue_ml"
"randomised","all","apollo_searchStart","klue_ml_screen_default",0.5,"mcnemar_neither",13,"output/stress_replicate.rds + output/ladder_carryover_check.csv","each cell's best recomputed with klue_ml_screen_default, klue_ml refitted at klue 0.10.0's default (klue.screen = TRUE), in place of the stored klue_ml"
"randomised","all","apollo_searchStart","klue_ml_screen_default",0.5,"mcnemar_p_exact",0.453125,"output/stress_replicate.rds + output/ladder_carryover_check.csv","each cell's best recomputed with klue_ml_screen_default, klue_ml refitted at klue 0.10.0's default (klue.screen = TRUE), in place of the stored klue_ml"
"isolation","all",NA,NA,NA,"n_cells",10,"output/apollo_isolation_blocked.csv",""
"isolation","all","klue_ml",NA,0.5,"misses",1,"output/apollo_isolation_blocked.csv","ladder run: Clustering+ML"
"isolation","all","klue_ml",NA,NA,"secs_min",2.8,"output/apollo_isolation_blocked.csv",""
"isolation","all","klue_ml",NA,NA,"secs_median",3.15,"output/apollo_isolation_blocked.csv",""
"isolation","all","klue_ml",NA,NA,"secs_max",4.8,"output/apollo_isolation_blocked.csv",""
"isolation","all","apollo_searchStart",NA,0.5,"misses",1,"output/apollo_isolation_blocked.csv","ladder run: Apollo's default search"
"isolation","all","apollo_searchStart",NA,NA,"secs_min",4533.9,"output/apollo_isolation_blocked.csv",""
"isolation","all","apollo_searchStart",NA,NA,"secs_median",4667.7,"output/apollo_isolation_blocked.csv",""
"isolation","all","apollo_searchStart",NA,NA,"secs_max",5101.5,"output/apollo_isolation_blocked.csv",""
"isolation","all","apollo_clust",NA,0.5,"misses",0,"output/apollo_isolation_blocked.csv","ladder run: Apollo's estimator from the clustering starts"
"isolation","all","apollo_clust",NA,NA,"secs_min",63.6,"output/apollo_isolation_blocked.csv",""
"isolation","all","apollo_clust",NA,NA,"secs_median",76,"output/apollo_isolation_blocked.csv",""
"isolation","all","apollo_clust",NA,NA,"secs_max",92.7,"output/apollo_isolation_blocked.csv",""
"isolation","all","apollo_ss_published",NA,0.5,"misses",6,"output/apollo_isolation_blocked.csv","ladder run: Apollo's reduced search"
"isolation","all","apollo_ss_published",NA,NA,"secs_min",30.6,"output/apollo_isolation_blocked.csv","stale: dev/rerun_apollo_blocked.R rewrote this arm's LLs but not its seconds; the paper reports seed1_secs"
"isolation","all","apollo_ss_published",NA,NA,"secs_median",290.4,"output/apollo_isolation_blocked.csv","stale: dev/rerun_apollo_blocked.R rewrote this arm's LLs but not its seconds; the paper reports seed1_secs"
"isolation","all","apollo_ss_published",NA,NA,"secs_max",743.3,"output/apollo_isolation_blocked.csv","stale: dev/rerun_apollo_blocked.R rewrote this arm's LLs but not its seconds; the paper reports seed1_secs"
"isolation","all","chk",NA,0.5,"misses",1,"output/apollo_isolation_blocked.csv","clustering+ML refitted on the regenerated data (data check)"
"isolation","all","chk",NA,NA,"secs_min",3.3,"output/apollo_isolation_blocked.csv",""
"isolation","all","chk",NA,NA,"secs_median",3.6,"output/apollo_isolation_blocked.csv",""
"isolation","all","chk",NA,NA,"secs_max",5.2,"output/apollo_isolation_blocked.csv",""
"isolation","all","A0",NA,0.5,"misses",10,"output/apollo_isolation_blocked.csv","one apollo_estimate fit from the pooled-MNL start"
"isolation","all","A0",NA,NA,"secs_min",2.1,"output/apollo_isolation_blocked.csv",""
"isolation","all","A0",NA,NA,"secs_median",3.2,"output/apollo_isolation_blocked.csv",""
"isolation","all","A0",NA,NA,"secs_max",6.1,"output/apollo_isolation_blocked.csv",""
"isolation","all","A4",NA,0.5,"misses",7,"output/apollo_isolation_blocked.csv","one apollo_estimate fit from the generic start"
"isolation","all","A4",NA,NA,"secs_min",2.9,"output/apollo_isolation_blocked.csv",""
"isolation","all","A4",NA,NA,"secs_median",13.25,"output/apollo_isolation_blocked.csv",""
"isolation","all","A4",NA,NA,"secs_max",14.6,"output/apollo_isolation_blocked.csv",""
"isolation","all","A1",NA,0.5,"misses",1,"output/apollo_isolation_blocked.csv","reduced budget within +-0.1 of the pooled-MNL start"
"isolation","all","A1",NA,NA,"secs_min",653.5,"output/apollo_isolation_blocked.csv",""
"isolation","all","A1",NA,NA,"secs_median",938.65,"output/apollo_isolation_blocked.csv",""
"isolation","all","A1",NA,NA,"secs_max",954.4,"output/apollo_isolation_blocked.csv",""
"isolation","all","A3",NA,0.5,"misses",8,"output/apollo_isolation_blocked.csv","reduced budget from the pooled-MNL start, candidates on [-3, 3]"
"isolation","all","A3",NA,NA,"secs_min",722.7,"output/apollo_isolation_blocked.csv",""
"isolation","all","A3",NA,NA,"secs_median",912.7,"output/apollo_isolation_blocked.csv",""
"isolation","all","A3",NA,NA,"secs_max",931,"output/apollo_isolation_blocked.csv",""
"isolation","all","A2",NA,0.5,"misses",0,"output/apollo_isolation_blocked.csv","Apollo's default search from the generic start"
"isolation","all","A2",NA,NA,"secs_min",4907.9,"output/apollo_isolation_blocked.csv",""
"isolation","all","A2",NA,NA,"secs_median",4986.55,"output/apollo_isolation_blocked.csv",""
"isolation","all","A2",NA,NA,"secs_max",5180.7,"output/apollo_isolation_blocked.csv",""
"isolation","all","A5",NA,0.5,"misses",1,"output/apollo_isolation_blocked.csv","Apollo's default search from the pooled-MNL start, analytic gradients"
"isolation","all","A5",NA,NA,"secs_min",606.4,"output/apollo_isolation_blocked.csv",""
"isolation","all","A5",NA,NA,"secs_median",622.2,"output/apollo_isolation_blocked.csv",""
"isolation","all","A5",NA,NA,"secs_max",697.8,"output/apollo_isolation_blocked.csv",""
"isolation","all","A6",NA,0.5,"misses",0,"output/apollo_isolation_blocked.csv","Apollo's estimator from the clustering starts, one covariance matrix"
"isolation","all","A6",NA,NA,"secs_min",17.7,"output/apollo_isolation_blocked.csv",""
"isolation","all","A6",NA,NA,"secs_median",29.35,"output/apollo_isolation_blocked.csv",""
"isolation","all","A6",NA,NA,"secs_max",43.9,"output/apollo_isolation_blocked.csv",""
"isolation","all","A3","A1",0.5,"mcnemar_only_method",7,"output/apollo_isolation_blocked.csv",""
"isolation","all","A3","A1",0.5,"mcnemar_only_comparator",0,"output/apollo_isolation_blocked.csv",""
"isolation","all","A3","A1",0.5,"mcnemar_both",1,"output/apollo_isolation_blocked.csv",""
"isolation","all","A3","A1",0.5,"mcnemar_neither",2,"output/apollo_isolation_blocked.csv",""
"isolation","all","A3","A1",0.5,"mcnemar_p_exact",0.015625,"output/apollo_isolation_blocked.csv",""
"isolation","all","A4","A2",0.5,"mcnemar_only_method",7,"output/apollo_isolation_blocked.csv",""
"isolation","all","A4","A2",0.5,"mcnemar_only_comparator",0,"output/apollo_isolation_blocked.csv",""
"isolation","all","A4","A2",0.5,"mcnemar_both",0,"output/apollo_isolation_blocked.csv",""
"isolation","all","A4","A2",0.5,"mcnemar_neither",3,"output/apollo_isolation_blocked.csv",""
"isolation","all","A4","A2",0.5,"mcnemar_p_exact",0.015625,"output/apollo_isolation_blocked.csv",""
"isolation","all","A4","klue_ml",0.5,"mcnemar_only_method",6,"output/apollo_isolation_blocked.csv",""
"isolation","all","A4","klue_ml",0.5,"mcnemar_only_comparator",0,"output/apollo_isolation_blocked.csv",""
"isolation","all","A4","klue_ml",0.5,"mcnemar_both",1,"output/apollo_isolation_blocked.csv",""
"isolation","all","A4","klue_ml",0.5,"mcnemar_neither",3,"output/apollo_isolation_blocked.csv",""
"isolation","all","A4","klue_ml",0.5,"mcnemar_p_exact",0.03125,"output/apollo_isolation_blocked.csv",""
"isolation","hard|seed1","A5","apollo_searchStart",NA,"speedup",6.51691,"output/apollo_isolation_blocked.csv","the comparator's seconds over the arm's, on the same cell"
"isolation","hard|seed2","A5","apollo_searchStart",NA,"speedup",7.642697,"output/apollo_isolation_blocked.csv","the comparator's seconds over the arm's, on the same cell"
"isolation","hard|seed3","A5","apollo_searchStart",NA,"speedup",7.107061,"output/apollo_isolation_blocked.csv","the comparator's seconds over the arm's, on the same cell"
"isolation","hard|seed4","A5","apollo_searchStart",NA,"speedup",7.269942,"output/apollo_isolation_blocked.csv","the comparator's seconds over the arm's, on the same cell"
"isolation","hard|seed5","A5","apollo_searchStart",NA,"speedup",7.438245,"output/apollo_isolation_blocked.csv","the comparator's seconds over the arm's, on the same cell"
"isolation","very_hard|seed1","A5","apollo_searchStart",NA,"speedup",7.458292,"output/apollo_isolation_blocked.csv","the comparator's seconds over the arm's, on the same cell"
"isolation","very_hard|seed2","A5","apollo_searchStart",NA,"speedup",7.499097,"output/apollo_isolation_blocked.csv","the comparator's seconds over the arm's, on the same cell"
"isolation","very_hard|seed3","A5","apollo_searchStart",NA,"speedup",7.476748,"output/apollo_isolation_blocked.csv","the comparator's seconds over the arm's, on the same cell"
"isolation","very_hard|seed4","A5","apollo_searchStart",NA,"speedup",7.930729,"output/apollo_isolation_blocked.csv","the comparator's seconds over the arm's, on the same cell"
"isolation","very_hard|seed5","A5","apollo_searchStart",NA,"speedup",7.687632,"output/apollo_isolation_blocked.csv","the comparator's seconds over the arm's, on the same cell"
"isolation","all","A5","apollo_searchStart",NA,"speedup_min",6.51691,"output/apollo_isolation_blocked.csv","the comparator's seconds over the arm's, on the same cell"
"isolation","all","A5","apollo_searchStart",NA,"speedup_max",7.930729,"output/apollo_isolation_blocked.csv","the comparator's seconds over the arm's, on the same cell"
