"condition","true_K","kappa","sigma","rep","selected_bic","selected_aic","selected_icl","bic_correct","aic_correct","icl_correct","best_method","ari","rmse","bias","icl_bic"
1,1,0,0.1,1,1,4,1,1,0,1,"kmeans",NA,NA,NA,0
2,1,0,0.15,1,1,5,1,1,0,1,"kmeans",NA,NA,NA,0
3,1,0,0.2,1,2,4,1,0,0,1,"hc_average",NA,NA,NA,138.903047758889
4,1,0,0.25,1,2,4,1,0,0,1,"gmm",NA,NA,NA,237.067066571425
5,1,0,0.1,2,1,3,1,1,0,1,"kmeans",NA,NA,NA,0
6,1,0,0.15,2,1,2,1,1,0,1,"kmeans",NA,NA,NA,0
7,1,0,0.2,2,1,6,1,1,0,1,"kmeans",NA,NA,NA,0
8,1,0,0.25,2,2,6,1,0,0,1,"gmm",NA,NA,NA,231.421559618013
9,1,0,0.1,3,1,2,1,1,0,1,"kmeans",NA,NA,NA,0
10,1,0,0.15,3,1,5,1,1,0,1,"kmeans",NA,NA,NA,0
11,1,0,0.2,3,1,6,1,1,0,1,"kmeans",NA,NA,NA,0
12,1,0,0.25,3,2,6,1,0,0,1,"gmm",NA,NA,NA,246.506182973693
13,1,0,0.1,4,1,5,1,1,0,1,"kmeans",NA,NA,NA,0
14,1,0,0.15,4,1,4,1,1,0,1,"kmeans",NA,NA,NA,0
15,1,0,0.2,4,1,3,1,1,0,1,"kmeans",NA,NA,NA,0
16,1,0,0.25,4,3,6,1,0,0,1,"hc_average",NA,NA,NA,303.21072204049
17,1,0,0.1,5,1,6,1,1,0,1,"kmeans",NA,NA,NA,0
18,1,0,0.15,5,1,4,1,1,0,1,"kmeans",NA,NA,NA,0
19,1,0,0.2,5,1,5,1,1,0,1,"kmeans",NA,NA,NA,0
20,1,0,0.25,5,3,5,1,0,0,1,"gmm",NA,NA,NA,295.424585267104
21,1,0,0.1,6,1,1,1,1,1,1,"kmeans",NA,NA,NA,0
22,1,0,0.15,6,1,6,1,1,0,1,"kmeans",NA,NA,NA,0
23,1,0,0.2,6,2,6,1,0,0,1,"hc_average",NA,NA,NA,230.886988057012
24,1,0,0.25,6,3,6,1,0,0,1,"hc_ward",NA,NA,NA,285.147717570989
25,1,0,0.1,7,1,1,1,1,1,1,"kmeans",NA,NA,NA,0
26,1,0,0.15,7,1,3,1,1,0,1,"kmeans",NA,NA,NA,0
27,1,0,0.2,7,1,6,1,1,0,1,"kmeans",NA,NA,NA,0
28,1,0,0.25,7,3,6,1,0,0,1,"hc_ward",NA,NA,NA,325.767384588282
29,1,0,0.1,8,1,1,1,1,1,1,"kmeans",NA,NA,NA,0
30,1,0,0.15,8,1,2,1,1,0,1,"kmeans",NA,NA,NA,0
31,1,0,0.2,8,2,6,1,0,0,1,"hc_complete",NA,NA,NA,203.829175203079
32,1,0,0.25,8,2,6,1,0,0,1,"pam",NA,NA,NA,237.419664457539
33,1,0,0.1,9,1,4,1,1,0,1,"kmeans",NA,NA,NA,0
34,1,0,0.15,9,1,2,1,1,0,1,"kmeans",NA,NA,NA,0
35,1,0,0.2,9,1,5,1,1,0,1,"kmeans",NA,NA,NA,0
36,1,0,0.25,9,2,4,1,0,0,1,"hc_ward",NA,NA,NA,184.904382663579
37,1,0,0.1,10,1,2,1,1,0,1,"kmeans",NA,NA,NA,0
38,1,0,0.15,10,1,2,1,1,0,1,"kmeans",NA,NA,NA,0
39,1,0,0.2,10,1,4,1,1,0,1,"kmeans",NA,NA,NA,0
40,1,0,0.25,10,3,6,1,0,0,1,"hc_ward",NA,NA,NA,328.206261943021
41,1,0,0.1,11,1,2,1,1,0,1,"kmeans",NA,NA,NA,0
42,1,0,0.15,11,1,6,1,1,0,1,"kmeans",NA,NA,NA,0
43,1,0,0.2,11,2,6,1,0,0,1,"hc_average",NA,NA,NA,232.834884434547
44,1,0,0.25,11,1,6,1,1,0,1,"kmeans",NA,NA,NA,0
45,1,0,0.1,12,1,3,1,1,0,1,"kmeans",NA,NA,NA,0
46,1,0,0.15,12,1,3,1,1,0,1,"kmeans",NA,NA,NA,0
47,1,0,0.2,12,1,5,1,1,0,1,"kmeans",NA,NA,NA,0
48,1,0,0.25,12,2,6,1,0,0,1,"hc_average",NA,NA,NA,219.294349740455
49,1,0,0.1,13,1,6,1,1,0,1,"kmeans",NA,NA,NA,0
50,1,0,0.15,13,1,4,1,1,0,1,"kmeans",NA,NA,NA,0
51,1,0,0.2,13,1,4,1,1,0,1,"kmeans",NA,NA,NA,0
52,1,0,0.25,13,3,6,1,0,0,1,"hc_average",NA,NA,NA,309.543225553816
53,1,0,0.1,14,1,6,1,1,0,1,"kmeans",NA,NA,NA,0
54,1,0,0.15,14,1,3,1,1,0,1,"kmeans",NA,NA,NA,0
55,1,0,0.2,14,2,5,1,0,0,1,"gmm",NA,NA,NA,73.4162690572454
56,1,0,0.25,14,2,6,1,0,0,1,"hc_ward",NA,NA,NA,245.30470889436
57,1,0,0.1,15,1,3,1,1,0,1,"kmeans",NA,NA,NA,0
58,1,0,0.15,15,1,3,1,1,0,1,"kmeans",NA,NA,NA,0
59,1,0,0.2,15,1,6,1,1,0,1,"kmeans",NA,NA,NA,0
60,1,0,0.25,15,2,6,1,0,0,1,"pam",NA,NA,NA,229.567792568489
61,1,0,0.1,16,1,4,1,1,0,1,"kmeans",NA,NA,NA,0
62,1,0,0.15,16,1,4,1,1,0,1,"kmeans",NA,NA,NA,0
63,1,0,0.2,16,1,5,1,1,0,1,"kmeans",NA,NA,NA,0
64,1,0,0.25,16,2,6,1,0,0,1,"hc_ward",NA,NA,NA,252.994334683686
65,1,0,0.1,17,1,2,1,1,0,1,"kmeans",NA,NA,NA,0
66,1,0,0.15,17,1,3,1,1,0,1,"kmeans",NA,NA,NA,0
67,1,0,0.2,17,1,5,1,1,0,1,"kmeans",NA,NA,NA,0
68,1,0,0.25,17,2,6,1,0,0,1,"hc_complete",NA,NA,NA,243.461396340108
69,1,0,0.1,18,1,2,1,1,0,1,"kmeans",NA,NA,NA,0
70,1,0,0.15,18,1,4,1,1,0,1,"kmeans",NA,NA,NA,0
71,1,0,0.2,18,1,6,1,1,0,1,"kmeans",NA,NA,NA,0
72,1,0,0.25,18,3,6,1,0,0,1,"pam",NA,NA,NA,242.274010557023
73,1,0,0.1,19,1,2,1,1,0,1,"kmeans",NA,NA,NA,0
74,1,0,0.15,19,1,2,1,1,0,1,"kmeans",NA,NA,NA,0
75,1,0,0.2,19,2,4,1,0,0,1,"gmm",NA,NA,NA,181.606798319807
76,1,0,0.25,19,2,6,1,0,0,1,"hc_average",NA,NA,NA,141.268674578479
77,1,0,0.1,20,1,2,1,1,0,1,"kmeans",NA,NA,NA,0
78,1,0,0.15,20,1,6,1,1,0,1,"kmeans",NA,NA,NA,0
79,1,0,0.2,20,1,6,1,1,0,1,"kmeans",NA,NA,NA,0
80,1,0,0.25,20,2,5,1,0,0,1,"gmm",NA,NA,NA,240.52973518217
81,2,0.5,0.1,1,2,6,2,1,0,1,"gmm",0.986666519512823,0.0325693931378692,-0.00736151957428307,9.74187227229691
82,3,0.5,0.1,1,3,6,3,1,0,1,"kmeans",0.762181494802593,0.0600694769375688,-0.0116419737253849,149.370016004176
83,4,0.5,0.1,1,4,4,4,1,1,1,"kmeans",0.640411495606233,0.0689929641728204,0.0132924562583759,416.857850349036
84,5,0.5,0.1,1,4,5,3,0,1,0,"kmeans",0.506982493601013,NA,NA,566.492231886963
85,2,0.75,0.1,1,2,2,2,1,1,1,"kmeans",1,0.0792392292223702,-0.00471099422871145,0.0118877007261303
86,3,0.75,0.1,1,3,6,3,1,0,1,"kmeans",0.940740021591382,0.0411261981624336,0.000236438531147901,33.2422648867286
87,4,0.75,0.1,1,4,5,4,1,0,1,"hc_ward",0.875559174508027,0.0763661204419357,-0.0214070327434429,155.245878386143
88,5,0.75,0.1,1,5,6,5,1,0,1,"hc_average",0.776554414679912,0.0630769973727733,0.010440432508135,370.984075901207
89,2,1,0.1,1,2,2,2,1,1,1,"hc_complete",1,0.0571687579798239,0.016759410481542,0.000771380018976247
90,3,1,0.1,1,3,3,3,1,1,1,"kmeans",0.980112753008633,0.0480167231657208,0.0224740107908767,12.631152836602
91,4,1,0.1,1,4,5,4,1,0,1,"hc_ward",0.960383789887861,0.0903894206038716,-0.0022756221557083,55.0451140489422
92,5,1,0.1,1,5,6,5,1,0,1,"pam",0.852857777452535,0.07395287408155,0.0127024899462439,200.309472391086
93,2,1.25,0.1,1,2,3,2,1,0,1,"kmeans",1,0.0901270031601634,0.00722741202176986,0.00000176564251118081
94,3,1.25,0.1,1,3,6,3,1,0,1,"hc_ward",1,0.0883406182608581,-0.0370188639301476,4.22152243571136
95,4,1.25,0.1,1,4,5,4,1,0,1,"gmm",0.951775082736776,0.071748018978589,-0.0161497826932664,40.3393900380986
96,5,1.25,0.1,1,5,5,5,1,1,1,"gmm",0.931504309130031,0.0786851994685977,0.00784226254234668,128.752680806053
97,2,1.5,0.1,1,2,2,2,1,1,1,"kmeans",1,0.0707843437803222,-0.00884597973401142,0.000000000144200812308708
98,3,1.5,0.1,1,3,4,3,1,0,1,"pam",1,0.0732592094948669,-0.0205332641126374,0.0992925164298558
99,4,1.5,0.1,1,4,4,4,1,1,1,"hc_ward",0.97349689286602,0.0833282356861794,0.00237857573078615,20.9873196357118
100,5,1.5,0.1,1,5,5,5,1,1,1,"hc_ward",0.925728060898176,0.0940533588443379,0.0226427748985961,114.826805328787
101,2,0.5,0.15,1,2,4,2,1,0,1,"gmm",1,0.054478172542094,0.00990727842578674,15.9407292443595
102,3,0.5,0.15,1,3,6,3,1,0,1,"kmeans",0.765267865608712,0.0449128947885567,0.01928994347648,140.309154726635
103,4,0.5,0.15,1,4,6,3,1,0,0,"hc_ward",0.486764238242783,0.0628884994431689,-0.00578851023939546,441.117953246591
104,5,0.5,0.15,1,5,6,3,1,0,0,"pam",0.428077318025528,0.0742659725639598,-0.00340196662109789,724.334346992415
105,2,0.75,0.15,1,2,3,2,1,0,1,"kmeans",1,0.0489488075679075,0.0218418982214087,0.103349536425879
106,3,0.75,0.15,1,3,6,3,1,0,1,"gmm",0.922233704739863,0.0499344728195163,0.0102689140884482,44.6706569354548
107,4,0.75,0.15,1,4,5,4,1,0,1,"hc_average",0.804487159676449,0.0651891963356848,0.0104919237688237,166.154452639607
108,5,0.75,0.15,1,5,6,5,1,0,1,"hc_complete",0.698650069986878,0.0738639715936372,-0.0101177872148716,407.45352245337
109,2,1,0.15,1,2,6,2,1,0,1,"gmm",1,0.0755106831722687,0.00821342281465103,0.000601368879946081
110,3,1,0.15,1,3,3,3,1,1,1,"kmeans",0.986696695759173,0.0594210841096855,-0.0138990069046979,10.7318388153547
111,4,1,0.15,1,4,5,4,1,0,1,"hc_ward",0.913227298079754,0.0915848705662615,0.00956647650943995,82.222799596873
112,5,1,0.15,1,5,6,5,1,0,1,"gmm",0.809040199089367,0.119575282469283,0.0123808021101405,264.667274568975
113,2,1.25,0.15,1,2,5,2,1,0,1,"hc_complete",1,0.0428412188317068,0.00502938877912646,0.000000938359641115189
114,3,1.25,0.15,1,3,6,3,1,0,1,"gmm",0.986696296296296,0.079833560299518,-0.00499913640468771,4.24125326532736
115,4,1.25,0.15,1,4,6,4,1,0,1,"pam",0.960323645378465,0.0646142165215934,0.021421598400498,46.0581943539506
116,5,1.25,0.15,1,5,6,5,1,0,1,"gmm",0.909020058086599,0.0696124523521114,-0.00081242358360071,157.465593198682
117,2,1.5,0.15,1,2,3,2,1,0,1,"kmeans",1,0.0905938286603208,0.0281137027661792,0.00000000350242812696077
118,3,1.5,0.15,1,3,6,3,1,0,1,"pam",1,0.0899990117513389,0.0156217537473242,0.431901387515235
119,4,1.5,0.15,1,4,6,4,1,0,1,"gmm",0.982371494524499,0.109926412939031,-0.0122679700649953,29.9096862183809
120,5,1.5,0.15,1,5,6,5,1,0,1,"kmeans",0.950954765545303,0.148018637290328,0.0240297007203775,98.69233985419
121,2,0.5,0.2,1,2,5,2,1,0,1,"kmeans",0.9085385669592,0.0925321150534663,0.0238358607986183,16.696559433955
122,3,0.5,0.2,1,3,6,3,1,0,1,"kmeans",0.708874010448469,0.0721643406175767,0.00419993843378082,167.675946450233
123,4,0.5,0.2,1,4,6,3,1,0,0,"hc_ward",0.560320763953558,0.0510967219433847,0.0119032430836734,455.865230844239
124,5,0.5,0.2,1,5,6,3,1,0,0,"hc_ward",0.356189107662185,0.0932144735757323,-0.0171210583138142,749.646336842946
125,2,0.75,0.2,1,2,5,2,1,0,1,"kmeans",1,0.110330232538723,0.00381827146785996,1.08111808460892
126,3,0.75,0.2,1,3,6,3,1,0,1,"pam",0.921629273377068,0.0758719528930294,-0.00194980424020643,47.1467766554965
127,4,0.75,0.2,1,4,6,4,1,0,1,"gmm",0.806718691936083,0.0636945804888374,0.0144147091592189,200.897007603532
128,5,0.75,0.2,1,5,6,5,1,0,1,"pam",0.607963699561472,0.081493988855162,0.000692202331542974,460.98171597472
129,2,1,0.2,1,2,3,2,1,0,1,"kmeans",1,0.107237868308193,-0.00252951740639395,0.0077493737395874
130,3,1,0.2,1,3,6,3,1,0,1,"pam",0.973504797530535,0.0941254500867752,0.0079171605484989,14.0004223718598
131,4,1,0.2,1,4,6,4,1,0,1,"pam",0.891825540564394,0.10130984975771,0.00513787995008152,104.491532843764
132,5,1,0.2,1,5,6,5,1,0,1,"hc_complete",0.79791712296381,0.0820805052155256,0.0179753713609935,275.755487061917
133,2,1.25,0.2,1,2,6,2,1,0,1,"hc_average",1,0.09735995204891,0.00988398824399339,0.0000514818120700275
134,3,1.25,0.2,1,3,6,3,1,0,1,"hc_complete",1,0.0949148763771921,0.00536429856825342,7.52607769831972
135,4,1.25,0.2,1,4,6,4,1,0,1,"hc_ward",0.956426265497488,0.137457600413557,0.00700871448439882,45.9110363838237
136,5,1.25,0.2,1,5,6,5,1,0,1,"pam",0.859804471447154,0.115731826680891,-0.00488471002353334,133.42961748513
137,2,1.5,0.2,1,2,5,2,1,0,1,"kmeans",1,0.111166806603275,-0.00867129193816689,0.0000000116491232461939
138,3,1.5,0.2,1,3,6,3,1,0,1,"hc_ward",1,0.166169119377655,0.0127466202258275,2.38287142054646
139,4,1.5,0.2,1,4,5,4,1,0,1,"pam",0.991126191500508,0.098042109470691,0.00313981960412232,16.8489659448619
140,5,1.5,0.2,1,5,6,5,1,0,1,"gmm",0.894508942755176,0.116915665254136,0.00901435777013501,137.92477438792
141,2,0.5,0.25,1,2,6,2,1,0,1,"hc_ward",0.947201193139448,0.054222517268526,0.0045095666843387,21.8306367279088
142,3,0.5,0.25,1,3,6,3,1,0,1,"pam",0.672252951665873,0.062525910179113,-0.0000403566374231214,180.672040198445
143,4,0.5,0.25,1,5,6,3,0,0,0,"pam",0.462246628522293,NA,NA,541.233922458527
144,5,0.5,0.25,1,6,6,3,0,0,0,"kmeans",0.297260752005146,NA,NA,842.76534405442
145,2,0.75,0.25,1,3,6,2,0,0,1,"gmm",0.986666519512823,NA,NA,102.286179863046
146,3,0.75,0.25,1,3,6,3,1,0,1,"pam",0.883475282595786,0.13640587682097,0.0147753494994349,56.4914024679315
147,4,0.75,0.25,1,4,6,4,1,0,1,"hc_complete",0.75576324728675,0.0561315537735823,0.019335994837432,202.122246222226
148,5,0.75,0.25,1,5,6,4,1,0,0,"gmm",0.583865986393851,0.0964007526140517,0.0185101377621407,489.019055010912
149,2,1,0.25,1,2,6,2,1,0,1,"pam",1,0.0858467499488678,-0.0184879339168432,0.00643232826009104
150,3,1,0.25,1,3,6,3,1,0,1,"gmm",0.966989500353508,0.121828359927073,-0.00202921511547601,21.9760089042074
151,4,1,0.25,1,4,6,4,1,0,1,"pam",0.859445080921194,0.116531417753103,0.00364093185841788,108.413666827791
152,5,1,0.25,1,5,6,5,1,0,1,"gmm",0.79153398248026,0.115197621322383,0.00595860190428807,276.407698447108
153,2,1.25,0.25,1,2,5,2,1,0,1,"kmeans",1,0.12354771563166,-0.000810994036448975,0.000161855701985781
154,3,1.25,0.25,1,3,6,3,1,0,1,"gmm",0.993325876599186,0.12301659443676,0.0215183795823789,4.76207768304261
155,4,1.25,0.25,1,4,6,4,1,0,1,"hc_average",0.934591416554403,0.146039767969375,0.010854165245178,47.3839035702906
156,5,1.25,0.25,1,5,6,5,1,0,1,"kmeans",0.830335674906587,0.117421850332452,-0.00959775837022707,178.118159887052
157,2,1.5,0.25,1,2,5,2,1,0,1,"kmeans",1,0.177815219068846,-0.016769674417551,0.00000000914391773798364
158,3,1.5,0.25,1,3,6,3,1,0,1,"hc_ward",0.993325876599186,0.13875656190451,0.0130597095624462,3.48726460911717
159,4,1.5,0.25,1,4,6,4,1,0,1,"hc_complete",0.991096280388745,0.131755447649256,-0.0245240050686639,24.0317648017234
160,5,1.5,0.25,1,5,6,5,1,0,1,"hc_ward",0.90011502294926,0.106675704709018,-0.0176326543534816,123.78156742799
161,2,0.5,0.1,2,2,5,2,1,0,1,"kmeans",1,0.0461323065003416,0.0229100023542592,14.9561758787246
162,3,0.5,0.1,2,3,4,3,1,0,1,"hc_ward",0.804041618299037,0.050916527744167,0.0128299765109698,142.304856031867
163,4,0.5,0.1,2,4,6,3,1,0,0,"pam",0.634768825979785,0.0325731041179406,0.00996101507547767,426.383696080907
164,5,0.5,0.1,2,4,6,3,0,0,0,"hc_complete",0.434609045124854,NA,NA,576.528231205924
165,2,0.75,0.1,2,2,5,2,1,0,1,"gmm",1,0.0379351806225468,-0.007129847377004,0.829704550085637
166,3,0.75,0.1,2,3,4,3,1,0,1,"kmeans",0.960313297080217,0.0601533855784661,-0.00449236308144444,36.7398660109416
167,4,0.75,0.1,2,4,6,4,1,0,1,"kmeans",0.8554842760525,0.0387890237573094,0.00332718827272122,147.17018530666
168,5,0.75,0.1,2,5,6,5,1,0,1,"hc_ward",0.747777760498592,0.052584492971589,0.0153189645131503,406.851592380329
169,2,1,0.1,2,2,2,2,1,1,1,"hc_complete",1,0.0624891917327306,0.0145906754150809,0.0000621883325854551
170,3,1,0.1,2,3,3,3,1,1,1,"gmm",0.986696695759173,0.0645321614116014,0.00499508510989016,8.06345852022862
171,4,1,0.1,2,4,6,4,1,0,1,"kmeans",0.909170049645186,0.0708172487446826,0.0124905920971659,73.1987937086777
172,5,1,0.1,2,5,6,5,1,0,1,"hc_ward",0.843222328485139,0.0966276288302664,0.00208318227957741,216.916766479288
173,2,1.25,0.1,2,2,2,2,1,1,1,"hc_complete",1,0.0977886647199159,0.0103136602312059,0.0000246604265932326
174,3,1.25,0.1,2,3,5,3,1,0,1,"kmeans",1,0.0681538453773753,-0.0115959333044836,2.61845460026667
175,4,1.25,0.1,2,4,6,4,1,0,1,"hc_complete",0.960381418750949,0.079933000599794,-0.0110846236220853,33.0580624482818
176,5,1.25,0.1,2,5,6,5,1,0,1,"pam",0.900450982086858,0.0881939988821715,0.0226332861927913,150.033039606363
177,2,1.5,0.1,2,2,3,2,1,0,1,"kmeans",1,0.14390434165729,0.00303873500846759,0.00000000000970215628665288
178,3,1.5,0.1,2,3,3,3,1,1,1,"pam",1,0.0742342932992539,-0.00285764536937337,0.675632554043731
179,4,1.5,0.1,2,4,4,4,1,1,1,"gmm",0.982281895756867,0.100316123399851,0.0219574729793999,16.9015937815512
180,5,1.5,0.1,2,5,6,5,1,0,1,"hc_complete",0.938318337769386,0.0930874713082763,-0.0265542655990171,95.1723561350615
181,2,0.5,0.15,2,2,5,2,1,0,1,"kmeans",0.960267167426621,0.0709365396671445,0.00587653827961449,19.2082113854341
182,3,0.5,0.15,2,3,5,3,1,0,1,"kmeans",0.786447410087451,0.0457235090398162,0.0113984488321072,137.750591737273
183,4,0.5,0.15,2,4,6,3,1,0,0,"hc_complete",0.536099081364426,0.0995229476125223,0.00808925695323302,440.486292627086
184,5,0.5,0.15,2,5,6,3,1,0,0,"hc_ward",0.481856775325848,0.0845188424019665,-0.0027291827913762,738.235392173294
185,2,0.75,0.15,2,2,3,2,1,0,1,"kmeans",1,0.0485097249867842,-0.00519489159234836,0.285466162404392
186,3,0.75,0.15,2,3,3,3,1,1,1,"kmeans",0.947082914199312,0.0537973011850858,-0.025476517759373,38.8743615955569
187,4,0.75,0.15,2,4,6,4,1,0,1,"pam",0.784342339896682,0.0732458777035129,-0.00245333292596108,174.943015704505
188,5,0.75,0.15,2,5,6,5,1,0,1,"hc_average",0.683013314256596,0.0587002066226304,0.0067534416251709,383.667323499629
189,2,1,0.15,2,2,5,2,1,0,1,"hc_complete",1,0.126305578892962,0.00968605624262546,0.0000719284127366801
190,3,1,0.15,2,3,6,3,1,0,1,"kmeans",0.986674274747877,0.0706716856210885,0.00625806377060269,12.0281434841911
191,4,1,0.15,2,4,6,4,1,0,1,"hc_complete",0.938885014738686,0.0730353677618339,-0.00555925561804597,61.8003089333665
192,5,1,0.15,2,5,6,5,1,0,1,"hc_complete",0.837909547168917,0.067664646210103,-0.00501352288013566,221.547546755612
193,2,1.25,0.15,2,2,2,2,1,1,1,"gmm",1,0.089650892852728,0.00690321375514559,0.00000015141192837915
194,3,1.25,0.15,2,3,5,3,1,0,1,"kmeans",0.993325876599186,0.0805501194089555,0.00218294318296515,2.45290662613695
195,4,1.25,0.15,2,4,6,4,1,0,1,"kmeans",0.986644520507034,0.0616890278959906,-0.0112478583352921,27.7728805627075
196,5,1.25,0.15,2,5,6,5,1,0,1,"hc_ward",0.896391660396567,0.139633024109609,0.0118263985003325,122.223636454132
197,2,1.5,0.15,2,2,4,2,1,0,1,"gmm",1,0.103180304651585,-0.0209595441946784,0.00000200221726933374
198,3,1.5,0.15,2,3,3,3,1,1,1,"kmeans",1,0.0828292490297659,0.0191091140015501,0.341223585220015
199,4,1.5,0.15,2,4,4,4,1,1,1,"hc_ward",0.986674498008464,0.103869434923611,-0.0133219771318503,15.9933710779844
200,5,1.5,0.15,2,5,6,5,1,0,1,"kmeans",0.93462672856456,0.104728292986807,0.0128150573705742,113.260355603422
201,2,0.5,0.2,2,3,6,2,0,0,1,"hc_average",0.986666519512823,NA,NA,115.79726026678
202,3,0.5,0.2,2,3,5,3,1,0,1,"pam",0.757915220026711,0.0567631249975809,0.0114790452258044,174.661209389543
203,4,0.5,0.2,2,4,6,4,1,0,1,"pam",0.615138090702926,0.06341183962471,0.0042910208870222,387.331044356489
204,5,0.5,0.2,2,5,6,3,1,0,0,"hc_complete",0.442257963360103,0.0921354691896311,0.00788972907799191,737.203623494534
205,2,0.75,0.2,2,2,6,2,1,0,1,"kmeans",1,0.0924208577515115,0.00751888712507922,1.57348329578246
206,3,0.75,0.2,2,3,6,3,1,0,1,"kmeans",0.921900648819995,0.0553235613287988,-0.00207573016830619,57.7300638106347
207,4,0.75,0.2,2,4,6,4,1,0,1,"hc_ward",0.758360467721163,0.074180576904467,0.00512861664722684,211.210521737579
208,5,0.75,0.2,2,5,6,5,1,0,1,"kmeans",0.637815591328747,0.0586701614354834,0.00597957343165077,421.571016340935
209,2,1,0.2,2,2,5,2,1,0,1,"kmeans",1,0.0920696916164576,0.0299901662373102,0.0231467307716202
210,3,1,0.2,2,3,6,3,1,0,1,"kmeans",0.986674074681319,0.117911247956635,-0.0283589560854392,14.0096926699614
211,4,1,0.2,2,4,6,4,1,0,1,"pam",0.900957820950567,0.0757574347320248,0.00861880548462633,86.1825252175796
212,5,1,0.2,2,5,6,5,1,0,1,"pam",0.818156044599914,0.104794048949401,0.00908534742914317,253.112864536943
213,2,1.25,0.2,2,2,6,2,1,0,1,"hc_complete",1,0.0847924698985224,0.0153204617757558,0.000000170484618090854
214,3,1.25,0.2,2,3,5,3,1,0,1,"kmeans",1,0.0937287331143393,0.007183817697853,3.3592550046077
215,4,1.25,0.2,2,4,6,4,1,0,1,"pam",0.969106142017369,0.0872197848949657,0.00549115738124671,42.9271852483737
216,5,1.25,0.2,2,5,6,5,1,0,1,"pam",0.866232004368125,0.0658543118413726,-0.00100053416719851,166.318883107835
217,2,1.5,0.2,2,2,2,2,1,1,1,"kmeans",1,0.12554776011352,0.0185938733133236,0.00000000300942533614991
218,3,1.5,0.2,2,3,6,3,1,0,1,"hc_ward",1,0.104808465479156,-0.00468731161191485,0.482274427914636
219,4,1.5,0.2,2,4,6,4,1,0,1,"hc_average",0.982326695475863,0.150298663117818,-0.0174504453234282,24.9981096971868
220,5,1.5,0.2,2,5,6,5,1,0,1,"pam",0.906913562556526,0.0943386500823131,0.0116814629092753,110.379308842868
221,2,0.5,0.25,2,2,6,2,1,0,1,"gmm",0.921336959679666,0.095801106934473,0.0105027346091527,19.8492540475754
222,3,0.5,0.25,2,5,6,3,0,0,1,"hc_ward",0.610452986882521,NA,NA,293.570484621635
223,4,0.5,0.25,2,5,6,4,0,0,1,"hc_ward",0.465118908009745,NA,NA,513.415665078337
224,5,0.5,0.25,2,5,6,3,1,0,0,"gmm",0.312689514014186,0.254363994846352,0.0151500020365128,681.449798428453
225,2,0.75,0.25,2,2,6,2,1,0,1,"hc_average",1,0.0893808453720097,-0.00987846909483327,1.44845833484786
226,3,0.75,0.25,2,3,6,3,1,0,1,"pam",0.876862136746582,0.124524549335479,0.00345021341348425,57.7254403487723
227,4,0.75,0.25,2,4,6,4,1,0,1,"gmm",0.687382918130408,0.0883261123567812,0.00501297824597007,217.775795060485
228,5,0.75,0.25,2,5,6,4,1,0,0,"kmeans",0.571519251228,0.0996668514963594,0.0032303723291764,486.644399551787
229,2,1,0.25,2,2,6,2,1,0,1,"kmeans",1,0.101335259375013,-0.034371821116929,1.29314826526447
230,3,1,0.25,2,3,6,3,1,0,1,"kmeans",0.980044444444444,0.0934944835527335,0.0228180084098139,21.1503875700527
231,4,1,0.25,2,4,6,4,1,0,1,"pam",0.917291241912637,0.121799395583973,0.00532574384572921,107.105872177334
232,5,1,0.25,2,5,6,5,1,0,1,"pam",0.76108556824689,0.134204807355874,0.0271682029173692,298.213443299976
233,2,1.25,0.25,2,2,5,2,1,0,1,"kmeans",1,0.130540551074482,0.0415544911489172,0.000306426965972283
234,3,1.25,0.25,2,3,6,3,1,0,1,"hc_ward",0.993325876599186,0.159151565216556,-0.017767686420601,5.90878065131442
235,4,1.25,0.25,2,4,6,4,1,0,1,"pam",0.947385633683598,0.133942186353208,-0.003013280644804,55.4418435554211
236,5,1.25,0.25,2,5,6,5,1,0,1,"pam",0.842690400924962,0.0727520816598057,0.0102355717152987,162.390047330795
237,2,1.5,0.25,2,2,5,2,1,0,1,"kmeans",1,0.172786267409623,-0.00855695813134019,0.00000000971611672084406
238,3,1.5,0.25,2,3,5,3,1,0,1,"kmeans",0.993325876599186,0.150623526939159,0.0162278557260687,2.01796865900335
239,4,1.5,0.25,2,4,6,4,1,0,1,"pam",0.969045661242056,0.161668928371822,0.027060935246849,19.378851698044
240,5,1.5,0.25,2,5,6,5,1,0,1,"kmeans",0.909491972783505,0.151227107317472,0.00649910875523359,129.947621808305
241,2,0.5,0.1,3,2,4,2,1,0,1,"gmm",0.960267120019818,0.0443934239982782,-0.00761445845866951,15.2722027993431
242,3,0.5,0.1,3,3,3,3,1,1,1,"kmeans",0.833975414564276,0.0536288226090109,0.0131896820499433,145.30529678443
243,4,0.5,0.1,3,4,6,4,1,0,1,"gmm",0.65546079577153,0.0400085664972103,0.00361507261317055,410.70767511399
244,5,0.5,0.1,3,5,6,3,1,0,0,"hc_average",0.428872436345305,0.0868499356471493,0.000655310445931916,770.480600203226
245,2,0.75,0.1,3,2,2,2,1,1,1,"kmeans",1,0.0852924886714811,-0.00308367829399584,0.198598740065803
246,3,0.75,0.1,3,3,4,3,1,0,1,"kmeans",0.953861494750897,0.0786367393676592,0.033226565371601,39.0696662684728
247,4,0.75,0.1,3,4,5,4,1,0,1,"pam",0.855895336304597,0.0774119755586639,0.0195404546211316,151.086619607425
248,5,0.75,0.1,3,5,6,5,1,0,1,"gmm",0.726022334182119,0.0668160290073583,0.0170845388285248,389.782214179221
249,2,1,0.1,3,2,3,2,1,0,1,"hc_complete",1,0.089485340528669,-0.0367340387259032,0.00643026145003774
250,3,1,0.1,3,3,6,3,1,0,1,"kmeans",1,0.128069013977605,0.0153964238057062,2.5736684241922
251,4,1,0.1,3,4,5,4,1,0,1,"kmeans",0.93045552035748,0.0631498508209167,-0.00383134115039837,71.9925976259037
252,5,1,0.1,3,5,6,5,1,0,1,"pam",0.868320543005467,0.0570129547289862,0.000481378927379197,209.859856528582
253,2,1.25,0.1,3,2,2,2,1,1,1,"hc_average",1,0.101950411727725,0.00021358492847175,0.0000000968092229899102
254,3,1.25,0.1,3,3,4,3,1,0,1,"kmeans",0.993325876599186,0.0518995349835548,-0.0184039821573017,0.740630353627482
255,4,1.25,0.1,3,4,5,4,1,0,1,"hc_ward",0.982237095367494,0.0702741138699946,-0.0126806143861143,33.352231173698
256,5,1.25,0.1,3,5,6,5,1,0,1,"hc_average",0.924958247145199,0.0562255200553924,0.00276883108062283,124.363718344226
257,2,1.5,0.1,3,2,3,2,1,0,1,"kmeans",1,0.0924878983016006,0.0104406250738147,0.00000000258773880127202
258,3,1.5,0.1,3,3,3,3,1,1,1,"kmeans",1,0.0672506784792512,-0.0113334335751599,0.1440490919761
259,4,1.5,0.1,3,4,6,4,1,0,1,"hc_ward",0.982281895756867,0.0875624015802227,-0.0126370460374538,14.6981171362143
260,5,1.5,0.1,3,5,5,5,1,1,1,"gmm",0.950724514501399,0.0643186229126796,0.00627599001445388,89.3569368609933
261,2,0.5,0.15,3,2,6,2,1,0,1,"kmeans",0.97342223807771,0.0341634294208632,-0.00357598935688161,13.7764392518365
262,3,0.5,0.15,3,3,6,3,1,0,1,"pam",0.782044977117218,0.0839837098581287,-0.00204288793951295,141.861931751572
263,4,0.5,0.15,3,4,6,3,1,0,0,"hc_ward",0.615198336964425,0.0629954263803908,0.00642920179210167,423.071904789449
264,5,0.5,0.15,3,5,6,3,1,0,0,"kmeans",0.48379979944767,0.0878166848632447,0.00163131047989598,715.78944814623
265,2,0.75,0.15,3,2,4,2,1,0,1,"hc_average",1,0.0452414521212731,0.0300252905783564,1.85458223814337
266,3,0.75,0.15,3,3,6,3,1,0,1,"pam",0.947703120944626,0.0333910938674989,0.0144400061818733,34.2240179502647
267,4,0.75,0.15,3,4,6,4,1,0,1,"hc_ward",0.855706825713077,0.0480696489555144,-0.00907962744726001,184.157949679118
268,5,0.75,0.15,3,5,6,5,1,0,1,"hc_ward",0.728766690148015,0.0835882866948145,0.00663001782236035,402.50516155578
269,2,1,0.15,3,2,3,2,1,0,1,"kmeans",1,0.0842513664768996,-0.00934984783937159,0.000375086211059361
270,3,1,0.15,3,3,6,3,1,0,1,"kmeans",1,0.0713324867735805,0.013615751220344,10.2404083590647
271,4,1,0.15,3,4,6,4,1,0,1,"hc_complete",0.925735415527556,0.0634907080542264,0.0183389832533463,78.8741944615407
272,5,1,0.15,3,5,6,5,1,0,1,"hc_average",0.82640672379628,0.0601726727224546,0.00550081462899145,222.361339277506
273,2,1.25,0.15,3,2,3,2,1,0,1,"hc_complete",1,0.059511364626292,0.00201110373606356,0.000000157474905373765
274,3,1.25,0.15,3,3,6,3,1,0,1,"hc_ward",1,0.0575825645512241,-0.0234285261479284,0.630691695336976
275,4,1.25,0.15,3,4,5,4,1,0,1,"hc_ward",0.977891412152728,0.0773153340045341,-0.00480163112369661,35.1528052013337
276,5,1.25,0.15,3,5,6,5,1,0,1,"pam",0.912635185750838,0.0732287037157843,-0.00468390694748546,148.325609289167
277,2,1.5,0.15,3,2,2,2,1,1,1,"kmeans",1,0.122937877611307,-0.0491050244007652,0.00000000000224773072332445
278,3,1.5,0.15,3,3,3,3,1,1,1,"pam",1,0.0757024568400826,0.00988123148921114,0.327255197083927
279,4,1.5,0.15,3,4,5,4,1,0,1,"kmeans",0.986674099206963,0.0928976522276893,-0.0102425762133986,15.5931035667467
280,5,1.5,0.15,3,5,5,5,1,1,1,"hc_ward",0.928441984946445,0.129014711924521,0.0104437369400741,99.2409905191033
281,2,0.5,0.2,3,2,6,2,1,0,1,"gmm",0.895829629638468,0.0517932657696769,0.0123012524478687,28.4698324737274
282,3,0.5,0.2,3,3,6,3,1,0,1,"pam",0.747691355036594,0.0781967811474814,-0.000115499511495263,160.112165658724
283,4,0.5,0.2,3,4,6,4,1,0,1,"gmm",0.539610547759987,0.0795836110863204,0.00191436911079606,401.582781605325
284,5,0.5,0.2,3,5,6,3,1,0,0,"hc_ward",0.374680573492584,0.0727364054023805,0.0134984049068271,726.403364202813
285,2,0.75,0.2,3,2,5,2,1,0,1,"pam",1,0.0622625992718358,-0.0276213816626714,0.802589250697994
286,3,0.75,0.2,3,3,5,3,1,0,1,"kmeans",0.902749679025069,0.0651826491334141,0.00244949782279544,40.3733338542023
287,4,0.75,0.2,3,4,6,4,1,0,1,"pam",0.776980486306073,0.0933177472214095,0.00546368496355328,211.86751709747
288,5,0.75,0.2,3,5,6,5,1,0,1,"kmeans",0.631781748647507,0.110307034793006,0.00180273077549796,459.299620328463
289,2,1,0.2,3,2,4,2,1,0,1,"kmeans",1,0.0920530389269934,0.00943006734781348,0.00774261748671006
290,3,1,0.2,3,3,4,3,1,0,1,"pam",0.986696296296296,0.110995314305958,0.00105440230845317,15.3707566553137
291,4,1,0.2,3,4,6,4,1,0,1,"hc_ward",0.925912632393502,0.0983263828014972,0.0120320399020577,92.9612440763842
292,5,1,0.2,3,5,6,5,1,0,1,"kmeans",0.814501953575199,0.100736521320348,0.0158861433482353,245.101779457573
293,2,1.25,0.2,3,2,4,2,1,0,1,"hc_complete",1,0.0939928225690282,0.00058421225117482,0.0000014473262977714
294,3,1.25,0.2,3,3,6,3,1,0,1,"gmm",0.993325876599186,0.12426097047879,0.0167066592847674,6.35465064838772
295,4,1.25,0.2,3,4,6,4,1,0,1,"kmeans",0.95586386786479,0.0870274593065915,-0.000143408197953596,38.542809680657
296,5,1.25,0.2,3,5,6,5,1,0,1,"hc_average",0.869101105901718,0.090376588139884,0.0165538547599115,154.728108761642
297,2,1.5,0.2,3,2,2,2,1,1,1,"kmeans",1,0.0961478789491944,0.00958333558767197,0.000000000128043381376868
298,3,1.5,0.2,3,3,5,3,1,0,1,"hc_ward",0.993325876599186,0.131608521529234,-0.000588983969213493,5.42645750923851
299,4,1.5,0.2,3,4,5,4,1,0,1,"pam",0.951723473609992,0.11258535964863,0.0162107019355355,33.3972401368612
300,5,1.5,0.2,3,5,6,5,1,0,1,"kmeans",0.938130525588792,0.10236819746591,0.00317085795224828,91.8602496770161
301,2,0.5,0.25,3,2,6,2,1,0,1,"kmeans",0.883209413391586,0.0749494222642819,0.0102381020647142,31.3438795148252
302,3,0.5,0.25,3,3,6,3,1,0,1,"kmeans",0.662344400093284,0.0885745126368369,0.0226596015564059,190.7213738852
303,4,0.5,0.25,3,4,6,3,1,0,0,"hc_ward",0.433766087549123,0.107350594198992,0.0101666898326906,448.746925589549
304,5,0.5,0.25,3,4,6,4,0,0,0,"pam",0.290328678392389,NA,NA,557.786999761946
305,2,0.75,0.25,3,2,6,2,1,0,1,"hc_ward",1,0.082737212550405,0.0201606274073566,1.66725825347517
306,3,0.75,0.25,3,3,6,3,1,0,1,"kmeans",0.902615756159371,0.0676144928944164,0.0120969771297254,61.1545620190364
307,4,0.75,0.25,3,4,6,4,1,0,1,"gmm",0.735182915083184,0.0723707783452366,0.0177739303333543,219.766211885326
308,5,0.75,0.25,3,5,6,5,1,0,1,"pam",0.597971558275718,0.101310839162362,0.0103881049118528,471.612208039937
309,2,1,0.25,3,2,5,2,1,0,1,"kmeans",1,0.0856995532317791,-0.00293716397516701,0.089134472401855
310,3,1,0.25,3,3,6,3,1,0,1,"pam",0.979978531578032,0.0901770401778803,0.0134861347675041,15.6187970806285
311,4,1,0.25,3,4,6,4,1,0,1,"kmeans",0.87578621663284,0.100024206591824,0.0014230791128433,102.352309951454
312,5,1,0.25,3,5,6,5,1,0,1,"hc_ward",0.780260132764276,0.15076135853287,0.00382735652151217,270.959870566147
313,2,1.25,0.25,3,2,6,2,1,0,1,"hc_complete",1,0.0932169595802523,0.0244617799482458,0.0000012799193266373
314,3,1.25,0.25,3,3,6,3,1,0,1,"hc_ward",0.993325876599186,0.112744663092751,-0.00144750342036108,6.85630722566017
315,4,1.25,0.25,3,4,6,4,1,0,1,"kmeans",0.956270854770523,0.128948387781284,0.0256083849022077,51.0096630360954
316,5,1.25,0.25,3,5,6,5,1,0,1,"hc_complete",0.810956010723449,0.118083694136095,-0.00867044472063399,172.502979592804
317,2,1.5,0.25,3,2,4,2,1,0,1,"hc_complete",1,0.119915314490672,0.0395163693578873,0.00000245654535560035
318,3,1.5,0.25,3,3,5,3,1,0,1,"hc_ward",1,0.138033916684381,-0.0123644010842185,0.129563520314853
319,4,1.5,0.25,3,4,6,4,1,0,1,"gmm",0.98232722437331,0.152022164372435,0.00909088032931989,27.7691744364305
320,5,1.5,0.25,3,5,6,5,1,0,1,"gmm",0.922049171672602,0.175051656104559,0.0262666822095705,139.302230320517
321,2,0.5,0.1,4,2,3,2,1,0,1,"hc_ward",1,0.0335766866841718,0.000640172938525568,9.4510242423858
322,3,0.5,0.1,4,3,4,3,1,0,1,"pam",0.804949772426656,0.0608570975787469,-0.0110201198281722,162.642255202412
323,4,0.5,0.1,4,4,5,3,1,0,0,"pam",0.578753826700082,0.0625524903784766,0.0187829470498019,426.883901158133
324,5,0.5,0.1,4,5,6,3,1,0,0,"hc_complete",0.480283277231618,0.0788801740124235,-0.00589051303190123,728.599486962487
325,2,0.75,0.1,4,2,3,2,1,0,1,"kmeans",1,0.0549986500270326,-0.0340576070403915,0.225417154091818
326,3,0.75,0.1,4,3,6,3,1,0,1,"gmm",0.947299769982809,0.0421345236824931,0.00863282013026111,33.0418275701079
327,4,0.75,0.1,4,4,6,4,1,0,1,"gmm",0.851313824809895,0.0611060953640262,-0.0234107068201807,148.658618215964
328,5,0.75,0.1,4,5,5,5,1,1,1,"pam",0.711446559765867,0.100995412560549,-0.00923321043421184,397.744806886411
329,2,1,0.1,4,2,3,2,1,0,1,"kmeans",1,0.0684718047693321,0.0149324805889303,0.00346235945783203
330,3,1,0.1,4,3,3,3,1,1,1,"gmm",0.986674074681319,0.0591393673435636,-0.011191492758671,13.0058217174038
331,4,1,0.1,4,4,5,4,1,0,1,"pam",0.934568491753908,0.0598963042019222,-0.00313400762732334,67.2844659942363
332,5,1,0.1,4,5,6,5,1,0,1,"pam",0.860254740141067,0.0417577054896803,0.000407988086406614,202.976244717092
333,2,1.25,0.1,4,2,2,2,1,1,1,"pam",1,0.0891137445012922,0.0390547914094355,0.0000000600146988911784
334,3,1.25,0.1,4,3,5,3,1,0,1,"kmeans",1,0.069556389093798,-0.000728983045140306,3.11622851285999
335,4,1.25,0.1,4,4,5,4,1,0,1,"pam",0.960885875549378,0.0461030945607124,0.00740909137362959,37.0424495008286
336,5,1.25,0.1,4,5,6,5,1,0,1,"hc_complete",0.896743612464869,0.0660261292370113,0.00639784849791971,120.003081933241
337,2,1.5,0.1,4,2,2,2,1,1,1,"kmeans",1,0.0474695977766993,-0.00700293747255952,0.0000000000262901560603203
338,3,1.5,0.1,4,3,5,3,1,0,1,"hc_average",1,0.104080853135447,-0.00659590038770087,0.0906424746913092
339,4,1.5,0.1,4,4,5,4,1,0,1,"kmeans",0.995548106885902,0.117282914124966,0.000276097244997417,19.5679374193622
340,5,1.5,0.1,4,5,5,5,1,1,1,"hc_ward",0.950987944384688,0.0869262378254299,0.00611233630361632,108.850712197601
341,2,0.5,0.15,4,2,6,2,1,0,1,"hc_ward",0.947201193139448,0.0413130023215373,0.0153391209373245,19.166178540017
342,3,0.5,0.15,4,3,6,3,1,0,1,"hc_average",0.725849920785757,0.10735303223682,0.00778079892859356,179.65677232772
343,4,0.5,0.15,4,4,6,3,1,0,0,"gmm",0.567815762492161,0.0616898805278303,0.0265421710262477,427.591111302494
344,5,0.5,0.15,4,5,6,3,1,0,0,"kmeans",0.422805325100727,0.116284783032507,0.0026111746316389,777.8540439536
345,2,0.75,0.15,4,2,5,2,1,0,1,"gmm",1,0.050938360643922,0.0403200731532011,0.193572626227763
346,3,0.75,0.15,4,3,5,3,1,0,1,"hc_ward",0.934648094340197,0.082985654303485,0.0150789836500118,42.3269236619343
347,4,0.75,0.15,4,4,5,4,1,0,1,"hc_ward",0.839190570040909,0.0568617962034686,-0.00711327863079686,171.618569375231
348,5,0.75,0.15,4,5,6,5,1,0,1,"hc_ward",0.686031889309791,0.0643275075308924,0.000753300030137627,377.766883131516
349,2,1,0.15,4,2,4,2,1,0,1,"hc_complete",1,0.0650193494924968,0.0168978458178261,0.000470117337186976
350,3,1,0.15,4,3,5,3,1,0,1,"hc_ward",0.986696695759173,0.089050193780682,0.00110346272401604,9.94193258582503
351,4,1,0.15,4,4,4,4,1,1,1,"kmeans",0.91353666780598,0.118643619397918,0.000199785874766018,74.8558907823668
352,5,1,0.15,4,5,6,5,1,0,1,"hc_complete",0.848802685751517,0.0887244988975686,0.00408521103690681,250.344179489913
353,2,1.25,0.15,4,2,5,2,1,0,1,"kmeans",1,0.070085627881707,0.0104208259870394,0.000000144010601651715
354,3,1.25,0.15,4,3,5,3,1,0,1,"kmeans",0.993325876599186,0.0792666119939558,0.0169404482280737,5.15128873065053
355,4,1.25,0.15,4,4,6,4,1,0,1,"kmeans",0.969021445754669,0.0746392613423096,0.00736611498131865,32.3197952844486
356,5,1.25,0.15,4,5,6,5,1,0,1,"hc_complete",0.878860826985535,0.0811834335297082,0.00401844671994863,146.165034421434
357,2,1.5,0.15,4,2,3,2,1,0,1,"kmeans",1,0.105324102694313,-0.0228242136293525,0.000000000248703581066428
358,3,1.5,0.15,4,3,3,3,1,1,1,"hc_ward",1,0.0734295944327372,0.0252137544270388,0.31775658743138
359,4,1.5,0.15,4,4,6,4,1,0,1,"kmeans",0.986734450320012,0.0813425738340284,-0.00502751296771419,19.0013135392389
360,5,1.5,0.15,4,5,6,5,1,0,1,"hc_average",0.938048747514728,0.0948675944148214,0.00921908663750502,93.6539601159543
361,2,0.5,0.2,4,2,6,2,1,0,1,"kmeans",0.947201193139448,0.111551514744303,0.00840998784736192,20.648966161639
362,3,0.5,0.2,4,3,6,3,1,0,1,"kmeans",0.67662901507266,0.0526899859818707,0.0138940655100536,169.551243282416
363,4,0.5,0.2,4,4,6,3,1,0,0,"kmeans",0.563014770121751,0.0512636316262149,0.00823682863945459,401.846940048829
364,5,0.5,0.2,4,4,6,3,0,0,0,"hc_ward",0.352977136025483,NA,NA,596.303215355933
365,2,0.75,0.2,4,2,5,2,1,0,1,"hc_complete",1,0.0611160158702827,0.00424301831340979,1.42328301529927
366,3,0.75,0.2,4,3,6,3,1,0,1,"kmeans",0.903037661707797,0.07572079401098,-0.000081523695970657,52.2447395493511
367,4,0.75,0.2,4,4,6,4,1,0,1,"kmeans",0.75479571910939,0.0707837826042947,0.0168408138881207,189.3670767022
368,5,0.75,0.2,4,5,6,4,1,0,0,"pam",0.60109247453949,0.076984693199842,0.00981513528420548,432.427340466493
369,2,1,0.2,4,2,4,2,1,0,1,"hc_complete",1,0.109733832844968,-0.0110067461806348,0.00454879399897671
370,3,1,0.2,4,3,6,3,1,0,1,"pam",0.979978531578032,0.104210922707709,-0.000764664964544859,15.9998108369571
371,4,1,0.2,4,4,6,4,1,0,1,"hc_average",0.909757456848533,0.100031156909636,0.0000755515122975212,85.2062531022714
372,5,1,0.2,4,5,6,5,1,0,1,"hc_ward",0.823795739032316,0.0788918676962792,0.0116998235386266,236.385724241314
373,2,1.25,0.2,4,2,2,2,1,1,1,"hc_complete",1,0.121403145341645,-0.0299757806969899,0.0000155544182925518
374,3,1.25,0.2,4,3,5,3,1,0,1,"kmeans",1,0.124264259024239,-0.0108173987786696,6.40889212183704
375,4,1.25,0.2,4,4,6,4,1,0,1,"hc_average",0.95174458301371,0.0827269848344661,-0.000435295545914219,47.2150230059657
376,5,1.25,0.2,4,5,6,5,1,0,1,"hc_ward",0.853593207945758,0.133422173347531,-0.00757945411809504,154.212871457997
377,2,1.5,0.2,4,2,5,2,1,0,1,"kmeans",1,0.0640513076822445,0.0251103281117584,0.00000000254466077709182
378,3,1.5,0.2,4,3,5,3,1,0,1,"kmeans",1,0.104441788493684,0.00256553837714439,0.543654602449816
379,4,1.5,0.2,4,4,6,4,1,0,1,"hc_ward",0.986734450320012,0.125623097917311,0.0128920051721293,24.634682484311
380,5,1.5,0.2,4,5,6,5,1,0,1,"pam",0.941587098429289,0.119252991590857,0.000179884420774361,100.538846599965
381,2,0.5,0.25,4,2,6,2,1,0,1,"hc_average",0.947201193139448,0.087710567360786,-0.000248834805839876,16.8535616967957
382,3,0.5,0.25,4,3,6,3,1,0,1,"hc_average",0.611722380946732,0.129241869003623,0.0194529842287282,172.55130915779
383,4,0.5,0.25,4,5,6,3,0,0,0,"pam",0.451782936456738,NA,NA,550.6292729829
384,5,0.5,0.25,4,5,6,3,1,0,0,"hc_ward",0.308294768026969,0.126021890943533,0.00709810708619716,771.509533997231
385,2,0.75,0.25,4,2,6,2,1,0,1,"hc_ward",1,0.129626540792094,0.0251720720852355,4.28128862719797
386,3,0.75,0.25,4,3,6,3,1,0,1,"kmeans",0.890299793264023,0.10441906444474,-0.000695068147500326,50.8405244126136
387,4,0.75,0.25,4,4,6,4,1,0,1,"hc_complete",0.71374595105252,0.076933449388329,-0.0044619071995725,233.24621822288
388,5,0.75,0.25,4,6,6,4,0,0,0,"pam",0.60120460579413,NA,NA,561.157683128543
389,2,1,0.25,4,2,5,2,1,0,1,"kmeans",1,0.0947190540620733,0.027308555094248,0.0271598107765691
390,3,1,0.25,4,3,6,3,1,0,1,"kmeans",0.947169808882186,0.12353437399616,-0.0148688024405937,24.7115341589363
391,4,1,0.25,4,4,6,4,1,0,1,"gmm",0.91739615846446,0.116973411199603,-0.0055628345858939,96.1981235958822
392,5,1,0.25,4,5,6,5,1,0,1,"pam",0.748501707248626,0.116389936518177,0.00218404277272847,307.881734741418
393,2,1.25,0.25,4,2,4,2,1,0,1,"kmeans",1,0.10739123771892,-0.0118175956517168,0.00000173467054864423
394,3,1.25,0.25,4,3,6,3,1,0,1,"gmm",1,0.098151758475629,-0.00190212785568619,1.78451511347519
395,4,1.25,0.25,4,4,6,4,1,0,1,"hc_average",0.921940796545728,0.12498943041392,-0.001428965281022,65.4622078528974
396,5,1.25,0.25,4,5,6,5,1,0,1,"pam",0.872967734274477,0.131192032122591,0.00390542903971076,167.67850369478
397,2,1.5,0.25,4,2,4,2,1,0,1,"kmeans",1,0.106290212602187,-0.0206167442042109,0.000000000451081562100682
398,3,1.5,0.25,4,3,6,3,1,0,1,"gmm",1,0.103862082147531,0.0222694734789435,0.488874595079459
399,4,1.5,0.25,4,4,6,4,1,0,1,"pam",0.973542946681863,0.137428703148878,-0.00444929176862777,27.2358005543279
400,5,1.5,0.25,4,5,6,5,1,0,1,"hc_ward",0.896900912985145,0.151861702395815,0.00164388211342233,116.569589010219
401,2,0.5,0.1,5,2,5,2,1,0,1,"kmeans",0.97342223807771,0.0498504488401376,0.012052101172033,8.91146769150653
402,3,0.5,0.1,5,3,4,3,1,0,1,"pam",0.799650365429457,0.0748699983494681,0.0178559725352984,114.702166059047
403,4,0.5,0.1,5,4,6,3,1,0,0,"kmeans",0.648029193253229,0.0594802791424948,0.00925876063396647,437.461235488545
404,5,0.5,0.1,5,4,6,3,0,0,0,"kmeans",0.488088972915019,NA,NA,606.468380431521
405,2,0.75,0.1,5,2,3,2,1,0,1,"kmeans",1,0.0385648877725032,0.0107522165243124,0.202356467497292
406,3,0.75,0.1,5,3,5,3,1,0,1,"pam",0.980111558695234,0.0394787252214725,-0.0121854725628663,26.2134182904996
407,4,0.75,0.1,5,4,4,4,1,1,1,"gmm",0.84300434532967,0.0974885846856797,0.00345719019028973,155.067841687466
408,5,0.75,0.1,5,5,6,5,1,0,1,"gmm",0.72532728631883,0.0870303380367915,-0.0100945562696041,396.54719224423
409,2,1,0.1,5,2,2,2,1,1,1,"gmm",1,0.0686201987586445,-0.015360872026787,0.0000968543299800235
410,3,1,0.1,5,3,4,3,1,0,1,"pam",0.993325876599186,0.0705725855560541,-0.00844681772238116,7.74518581332507
411,4,1,0.1,5,4,5,4,1,0,1,"hc_ward",0.947520803966445,0.0697253163114574,-0.0109866927663243,69.163767023614
412,5,1,0.1,5,5,6,5,1,0,1,"hc_ward",0.869179060540797,0.108999867795176,0.0064293601273754,206.901792316527
413,2,1.25,0.1,5,2,2,2,1,1,1,"hc_complete",1,0.0688446998310971,-0.0149077463938489,0.0000330915337251085
414,3,1.25,0.1,5,3,3,3,1,1,1,"kmeans",0.993325876599186,0.054209284252097,-0.0197204257359958,2.4342866801108
415,4,1.25,0.1,5,4,5,4,1,0,1,"pam",0.964792133952803,0.105229833384555,0.00422936472880743,37.8095008508576
416,5,1.25,0.1,5,5,6,5,1,0,1,"gmm",0.887021968394798,0.063380269838925,0.00214848595454222,131.06634085995
417,2,1.5,0.1,5,2,3,2,1,0,1,"gmm",1,0.0342732032088266,-0.00574192466408018,0.0000000000475937613361245
418,3,1.5,0.1,5,3,5,3,1,0,1,"hc_ward",1,0.12270498026895,-0.000769533939045145,0.12015254781047
419,4,1.5,0.1,5,4,4,4,1,1,1,"hc_ward",0.995548106885902,0.119811649517926,0.0340606737871384,15.2477090147649
420,5,1.5,0.1,5,5,6,5,1,0,1,"hc_average",0.94200917341172,0.135256076643541,0.0191991129734201,81.6193067041137
421,2,0.5,0.15,5,2,4,2,1,0,1,"gmm",0.908538676085297,0.0626479427129643,0.00775154739477356,23.9469683197809
422,3,0.5,0.15,5,3,6,3,1,0,1,"hc_average",0.723299423419802,0.0876464034899627,-0.0030187086261985,170.4699043267
423,4,0.5,0.15,5,4,6,3,1,0,0,"kmeans",0.543894372113993,0.0569351814562225,0.00880853829377254,455.418600065156
424,5,0.5,0.15,5,4,6,3,0,0,0,"hc_average",0.390122430307212,NA,NA,591.192402308424
425,2,0.75,0.15,5,2,3,2,1,0,1,"kmeans",1,0.0648966345984341,0.0135529266540423,0.0940971080979282
426,3,0.75,0.15,5,3,6,3,1,0,1,"pam",0.95395492848498,0.056011557758948,0.02155543043793,34.3440174772066
427,4,0.75,0.15,5,4,6,4,1,0,1,"pam",0.764120059112377,0.0852452624312059,0.0127125080005463,193.634667360041
428,5,0.75,0.15,5,5,6,5,1,0,1,"gmm",0.677859488903433,0.0642071048197104,-0.000106331643625446,408.434376347967
429,2,1,0.15,5,2,3,2,1,0,1,"hc_complete",1,0.0461590372302345,-0.0151580126710759,0.00458548959715055
430,3,1,0.15,5,3,6,3,1,0,1,"hc_ward",0.986696296296296,0.0443653938709689,-0.00771938707445914,10.1486924485411
431,4,1,0.15,5,4,5,4,1,0,1,"hc_average",0.917721753512424,0.0715245496506808,0.0109778630506396,69.7132754233753
432,5,1,0.15,5,5,6,5,1,0,1,"kmeans",0.835412923929205,0.0775120029000206,0.00181360339824348,258.851764652643
433,2,1.25,0.15,5,2,2,2,1,1,1,"hc_ward",1,0.0837359378623777,-0.00312447866864935,0.00000158713190319385
434,3,1.25,0.15,5,3,6,3,1,0,1,"pam",1,0.0740269159824172,0.00351613443783728,2.08330917407989
435,4,1.25,0.15,5,4,6,4,1,0,1,"pam",0.973454012256545,0.0563381367617084,-0.013261330897653,39.6527489894341
436,5,1.25,0.15,5,5,6,5,1,0,1,"pam",0.893767948728922,0.0914118897345332,-0.00393605862495726,159.386075621966
437,2,1.5,0.15,5,2,2,2,1,1,1,"kmeans",1,0.0891307923342199,0.0377456061094359,0.000000000234459410000838
438,3,1.5,0.15,5,3,5,3,1,0,1,"pam",0.986696695759173,0.104597798586549,-0.00820201582906708,3.25267503842666
439,4,1.5,0.15,5,4,6,4,1,0,1,"pam",0.960323645378465,0.129439170534179,0.0151610675732907,31.2980608033942
440,5,1.5,0.15,5,5,6,5,1,0,1,"hc_ward",0.931469642594421,0.101102778732768,0.00751285418543988,105.968408705959
441,2,0.5,0.2,5,2,5,2,1,0,1,"hc_ward",0.934224547647885,0.0779176975385823,0.00736369406958685,19.2151441790871
442,3,0.5,0.2,5,3,6,3,1,0,1,"pam",0.718445937983817,0.0688722411664853,-0.0079007803824541,187.51598716749
443,4,0.5,0.2,5,5,6,4,0,0,1,"hc_average",0.524069389928307,NA,NA,488.356627674713
444,5,0.5,0.2,5,5,6,3,1,0,0,"pam",0.350068764833202,0.123610006646537,-0.0164879563163149,763.467685047958
445,2,0.75,0.2,5,2,5,2,1,0,1,"hc_ward",0.973422222222222,0.0667282758650541,-0.00356241911844031,1.86417978806579
446,3,0.75,0.2,5,3,6,3,1,0,1,"kmeans",0.915159864579823,0.0806945472079786,-0.00918236820793398,45.2245240821088
447,4,0.75,0.2,5,4,6,4,1,0,1,"pam",0.753257829748551,0.0954786158639377,0.00203466522619538,230.453488641671
448,5,0.75,0.2,5,5,6,5,1,0,1,"pam",0.62074202776085,0.104340313732158,0.00292877681307224,438.902091551846
449,2,1,0.2,5,2,6,2,1,0,1,"hc_complete",1,0.0807922284136492,-0.0249072554480861,0.00990104675278901
450,3,1,0.2,5,3,6,3,1,0,1,"kmeans",0.986674074681319,0.0967511646943533,-0.00962455163399957,18.2795934812842
451,4,1,0.2,5,4,6,4,1,0,1,"pam",0.896347849688601,0.0962434950405966,-0.00489083387900817,91.141667228085
452,5,1,0.2,5,5,6,5,1,0,1,"kmeans",0.80951930574559,0.114339367577585,0.00693494854805003,248.66991522782
453,2,1.25,0.2,5,2,5,2,1,0,1,"gmm",1,0.0863830412354583,0.0305514151430638,0.00000280914849052836
454,3,1.25,0.2,5,3,6,3,1,0,1,"hc_ward",0.993325876599186,0.0909407874544287,0.00686760349523848,3.45859812879928
455,4,1.25,0.2,5,4,6,4,1,0,1,"hc_ward",0.986674099206963,0.0707482126539882,0.00814641399569575,28.2478423257382
456,5,1.25,0.2,5,5,6,5,1,0,1,"hc_ward",0.890468566486926,0.106130327151669,0.00182347167546002,172.755653092765
457,2,1.5,0.2,5,2,4,2,1,0,1,"gmm",1,0.118664361673084,-0.0428371420801441,0.00018289567218422
458,3,1.5,0.2,5,3,5,3,1,0,1,"pam",1,0.117955109446633,-0.00337649393637968,0.484658184436287
459,4,1.5,0.2,5,4,6,4,1,0,1,"gmm",0.956003510184369,0.0923933433025755,0.0141826575245013,28.6235460268813
460,5,1.5,0.2,5,5,6,5,1,0,1,"pam",0.909640641930049,0.0791378147117898,-0.0197982751731579,98.2835442783034
461,2,0.5,0.25,5,2,6,2,1,0,1,"gmm",0.934224547647885,0.0866372182699053,0.00396606515504645,23.6514709575328
462,3,0.5,0.25,5,3,6,3,1,0,1,"kmeans",0.638768870863704,0.0628200335306625,-0.0048214696949978,175.963793341874
463,4,0.5,0.25,5,5,6,3,0,0,0,"hc_ward",0.32174942655954,NA,NA,568.152897380135
464,5,0.5,0.25,5,5,6,3,1,0,0,"pam",0.273174716093313,0.178360984041309,0.0122469149816062,711.950555852319
465,2,0.75,0.25,5,2,6,2,1,0,1,"gmm",0.97342223807771,0.107660035065156,0.0153570167503744,2.68918288697575
466,3,0.75,0.25,5,3,6,3,1,0,1,"gmm",0.877694513026444,0.108909635606865,0.0146880011634322,56.8357641211859
467,4,0.75,0.25,5,4,6,4,1,0,1,"kmeans",0.761270715086453,0.0855764221918108,0.000624412122088227,186.47033080684
468,5,0.75,0.25,5,5,6,4,1,0,0,"pam",0.582988911444767,0.0992470296218577,0.00974429142109746,456.021779150611
469,2,1,0.25,5,2,5,2,1,0,1,"pam",1,0.096073742553479,0.0231974097454732,0.0168877442612615
470,3,1,0.25,5,3,6,3,1,0,1,"kmeans",0.953729649901072,0.12290405170985,-0.00673261808880703,19.1020643014632
471,4,1,0.25,5,4,6,4,1,0,1,"pam",0.827957774889693,0.121188121793887,0.00873828057268344,118.977408148339
472,5,1,0.25,5,5,6,5,1,0,1,"hc_average",0.784435748314254,0.0859942354838209,-0.00157936370052051,288.361406528314
473,2,1.25,0.25,5,2,6,2,1,0,1,"kmeans",1,0.14008719728318,0.00862445093285517,0.00000926482763627408
474,3,1.25,0.25,5,5,6,3,0,0,1,"pam",0.986696296296296,NA,NA,173.523093160644
475,4,1.25,0.25,5,4,6,4,1,0,1,"kmeans",0.938791107920198,0.124987324722722,0.00577382118567126,47.8756446186499
476,5,1.25,0.25,5,5,6,5,1,0,1,"hc_ward",0.8863374326339,0.096100099649104,-0.00250697003247789,167.490121228669
477,2,1.5,0.25,5,2,2,2,1,1,1,"kmeans",1,0.0451962453877677,-0.0168630744281958,0.0000000000637318123364916
478,3,1.5,0.25,5,3,6,3,1,0,1,"hc_ward",0.993325876599186,0.100881839151297,-0.012588918295753,1.4223949103311
479,4,1.5,0.25,5,4,6,4,1,0,1,"hc_complete",0.964871562177265,0.148995071693646,-0.0133618868236502,24.9402897779559
480,5,1.5,0.25,5,5,6,5,1,0,1,"hc_ward",0.909148412236316,0.159886615854359,-0.000909272779644122,109.390252717323
481,2,0.5,0.1,6,2,3,2,1,0,1,"gmm",0.986666519512823,0.0492008467758175,0.0181832068705302,12.0150870356313
482,3,0.5,0.1,6,3,6,3,1,0,1,"hc_ward",0.773075984196682,0.0855012518575988,0.0157012984105443,159.716056710794
483,4,0.5,0.1,6,4,4,4,1,1,1,"kmeans",0.63748400313396,0.0471583939907304,0.0101357433293268,427.899909983294
484,5,0.5,0.1,6,4,6,3,0,0,0,"pam",0.456865039341279,NA,NA,626.478854918483
485,2,0.75,0.1,6,2,3,2,1,0,1,"kmeans",1,0.0815985412300099,0.00703886112094599,0.088557638744592
486,3,0.75,0.1,6,3,5,3,1,0,1,"pam",0.973370870643579,0.0585964927541456,-0.00677767569976732,31.0968360162034
487,4,0.75,0.1,6,4,5,4,1,0,1,"pam",0.848072355552217,0.0718959084545127,0.00746385881897098,173.136944768849
488,5,0.75,0.1,6,5,6,5,1,0,1,"pam",0.712761790515432,0.0576789761333584,0.00644300964418207,383.731463543992
489,2,1,0.1,6,2,3,2,1,0,1,"hc_complete",1,0.050696861419485,-0.0056205981900593,0.0000618782105568789
490,3,1,0.1,6,3,3,3,1,1,1,"pam",0.993325876599186,0.0559318192619383,0.0225976812596506,5.9948714111183
491,4,1,0.1,6,4,6,4,1,0,1,"pam",0.918205467206357,0.0667070572444099,-0.0146450613446904,81.5830916222427
492,5,1,0.1,6,5,6,5,1,0,1,"pam",0.826558947336679,0.0719111416670183,0.000467976515359381,227.891570086922
493,2,1.25,0.1,6,2,4,2,1,0,1,"hc_average",1,0.0797735712785345,-0.058662003981442,0.00000901139596466713
494,3,1.25,0.1,6,3,3,3,1,1,1,"pam",1,0.070253035975358,0.00486584358512257,0.895874159743573
495,4,1.25,0.1,6,4,4,4,1,1,1,"hc_ward",0.973469099130291,0.0985133989726845,-0.0019962717027304,25.6873796437383
496,5,1.25,0.1,6,5,5,5,1,1,1,"hc_complete",0.900254501343295,0.100573650216709,0.00830286517334658,150.02401464638
497,2,1.5,0.1,6,2,2,2,1,1,1,"kmeans",1,0.0916633180834276,-0.0025999322237113,0.000000000116054124859123
498,3,1.5,0.1,6,3,3,3,1,1,1,"gmm",1,0.119662251026009,-0.0085866416175006,0.111959768694013
499,4,1.5,0.1,6,4,5,4,1,0,1,"kmeans",0.973498479136521,0.0860797227560446,-0.00922085443399432,19.6599252507589
500,5,1.5,0.1,6,5,6,5,1,0,1,"hc_complete",0.912930218569722,0.0872941209929268,-0.00685700161237697,91.3609514284908
501,2,0.5,0.15,6,2,4,2,1,0,1,"kmeans",0.947201193139448,0.038527543615925,0.006996333487742,14.4873576745203
502,3,0.5,0.15,6,3,6,3,1,0,1,"kmeans",0.782955675455774,0.0741328054736223,0.00714266706942302,178.02999548372
503,4,0.5,0.15,6,4,4,3,1,1,0,"gmm",0.588537063603556,0.0608611617180603,-0.00735357408552892,405.367116695232
504,5,0.5,0.15,6,5,6,3,1,0,0,"hc_ward",0.427701121744415,0.092866647273465,0.00945804497035628,772.707443846895
505,2,0.75,0.15,6,2,3,2,1,0,1,"kmeans",1,0.0622282491205826,0.0307509057167003,0.382939188334209
506,3,0.75,0.15,6,3,5,3,1,0,1,"kmeans",0.914810410585734,0.0578662602561041,0.0124183440167973,38.643778800166
507,4,0.75,0.15,6,4,6,4,1,0,1,"hc_ward",0.808042872128495,0.0778810554049595,0.0118221386471696,185.127411028623
508,5,0.75,0.15,6,5,5,5,1,1,1,"pam",0.687885370506302,0.0779946782705047,0.00655160350388595,406.793371871175
509,2,1,0.15,6,2,3,2,1,0,1,"gmm",1,0.0569496684996855,0.00109699848703382,0.0166269394429824
510,3,1,0.15,6,3,3,3,1,1,1,"kmeans",0.993325876599186,0.0611089893688425,0.00135441228353064,9.56703285458973
511,4,1,0.15,6,4,6,4,1,0,1,"hc_complete",0.973735909071973,0.0613885675857023,0.0132773052359152,73.5909273550778
512,5,1,0.15,6,5,6,5,1,0,1,"gmm",0.838029466569968,0.0831138011011844,0.0238088576477962,215.853727141101
513,2,1.25,0.15,6,2,3,2,1,0,1,"pam",1,0.0808284628371238,0.0314469117744837,0.00000162746687545432
514,3,1.25,0.15,6,3,5,3,1,0,1,"gmm",0.986696695759173,0.0760336212821998,-0.000853039750287062,3.24376882676425
515,4,1.25,0.15,6,4,6,4,1,0,1,"gmm",0.956125246878175,0.0703449855715872,-0.0175448844449944,44.0031260277563
516,5,1.25,0.15,6,5,6,5,1,0,1,"gmm",0.918659800067741,0.0921253049752203,-0.000894448240401106,132.913257026387
517,2,1.5,0.15,6,2,2,2,1,1,1,"kmeans",1,0.11686866471049,0.0208771850265715,0.000000000433529578424519
518,3,1.5,0.15,6,3,5,3,1,0,1,"pam",1,0.106058058132122,-0.0281511796788361,1.23167907669976
519,4,1.5,0.15,6,4,6,4,1,0,1,"pam",0.969167080517373,0.0791545859007573,-0.00110652723915063,18.29219066853
520,5,1.5,0.15,6,5,6,5,1,0,1,"hc_ward",0.944234482575774,0.102651539016522,-0.0106120098774801,87.7492535150056
521,2,0.5,0.2,6,2,5,2,1,0,1,"kmeans",0.908538676085297,0.0618541816295007,0.01187119175151,25.6659833081122
522,3,0.5,0.2,6,3,6,3,1,0,1,"kmeans",0.758882758102773,0.0777364240619301,0.00228277771465584,154.354139912964
523,4,0.5,0.2,6,4,6,3,1,0,0,"kmeans",0.568362652790137,0.0626872372377262,0.0163060628567394,476.646777700825
524,5,0.5,0.2,6,5,6,3,1,0,0,"pam",0.373327104234159,0.0841624377084773,-0.00444773470772506,744.73326624349
525,2,0.75,0.2,6,2,6,2,1,0,1,"hc_ward",1,0.0826901237546124,-0.00821100179378273,1.25221144528433
526,3,0.75,0.2,6,3,6,3,1,0,1,"gmm",0.891014016380107,0.0793635329537342,0.00253564090298809,54.0094652021752
527,4,0.75,0.2,6,4,5,4,1,0,1,"hc_ward",0.807389951699017,0.0619704658775411,0.00558517443420257,183.784003950918
528,5,0.75,0.2,6,5,6,4,1,0,0,"hc_ward",0.589253094277074,0.105424177950394,0.00426359038801597,518.651231683543
529,2,1,0.2,6,2,5,2,1,0,1,"hc_complete",1,0.101548301050333,0.0264107761998004,0.00366621794698356
530,3,1,0.2,6,3,6,3,1,0,1,"kmeans",0.980111558695234,0.061815509437525,0.00326642799215497,9.60058566646745
531,4,1,0.2,6,4,6,4,1,0,1,"hc_ward",0.900843314409856,0.0825722736967532,0.0193816904581982,92.5209868370706
532,5,1,0.2,6,5,6,5,1,0,1,"pam",0.787246459742859,0.0820795794957024,0.000749758846513799,259.44692684756
533,2,1.25,0.2,6,2,2,2,1,1,1,"hc_ward",1,0.157270135202665,-0.0126642242657579,0.00000873516816609511
534,3,1.25,0.2,6,3,5,3,1,0,1,"gmm",0.986696695759173,0.116839611523683,-0.0231535807077159,2.90268128331133
535,4,1.25,0.2,6,4,5,4,1,0,1,"pam",0.960486525865204,0.0999201115552761,0.015248929438228,48.1368072558184
536,5,1.25,0.2,6,5,6,5,1,0,1,"hc_complete",0.909278394254449,0.124796919609478,-0.01007582029806,164.426698079325
537,2,1.5,0.2,6,2,2,2,1,1,1,"hc_complete",1,0.161422385009223,-0.015175982470292,0.00000544328457111896
538,3,1.5,0.2,6,3,3,3,1,1,1,"hc_ward",1,0.111947358218821,-0.0288849191453004,1.57351459984342
539,4,1.5,0.2,6,4,6,4,1,0,1,"kmeans",0.964597807831896,0.140062781258203,0.00535342415217301,29.1074247623453
540,5,1.5,0.2,6,5,6,5,1,0,1,"hc_ward",0.918765811596038,0.118663894566578,0.0187031111632377,112.050130165287
541,2,0.5,0.25,6,2,6,2,1,0,1,"gmm",0.947201224637599,0.0821799939987476,0.013119995587782,19.9849617578536
542,3,0.5,0.25,6,4,6,3,0,0,1,"kmeans",0.678633899590846,NA,NA,268.370055905977
543,4,0.5,0.25,6,4,6,3,1,0,0,"kmeans",0.449993253202006,0.106023641220138,-0.0022202674897621,447.770613288024
544,5,0.5,0.25,6,6,6,3,0,0,0,"kmeans",0.351269669797895,NA,NA,784.669211598343
545,2,0.75,0.25,6,2,6,2,1,0,1,"hc_average",1,0.0838451707012616,-0.0193471949939653,1.05704455852909
546,3,0.75,0.25,6,3,6,3,1,0,1,"kmeans",0.846151876901101,0.0586316824993974,0.0089922267896052,55.8745776024016
547,4,0.75,0.25,6,4,6,4,1,0,1,"hc_complete",0.745891415042357,0.108858816969947,0.00749979282873918,231.824798196197
548,5,0.75,0.25,6,5,6,5,1,0,1,"kmeans",0.615018367084311,0.128877497643752,0.0171325757535696,441.457282152702
549,2,1,0.25,6,2,6,2,1,0,1,"kmeans",1,0.1075221508708,-0.00629476525916252,1.39467089830196
550,3,1,0.25,6,3,6,3,1,0,1,"gmm",0.966897240791282,0.11338905717678,0.00703027936396231,16.4471121743958
551,4,1,0.25,6,4,6,4,1,0,1,"hc_ward",0.863432945237019,0.111332783352646,-0.00558019525414956,120.791950339948
552,5,1,0.25,6,5,6,5,1,0,1,"pam",0.760998736858383,0.103446743160377,0.0178358091628559,260.565232201147
553,2,1.25,0.25,6,2,4,2,1,0,1,"kmeans",1,0.127867264745551,-0.0381224899157773,0.000127635898657128
554,3,1.25,0.25,6,3,6,3,1,0,1,"gmm",0.986696296296296,0.122585702508699,0.000276711325324404,6.4099069775278
555,4,1.25,0.25,6,4,6,4,1,0,1,"gmm",0.921973484705855,0.122697420201756,0.0025388839823178,53.1512597095211
556,5,1.25,0.25,6,5,6,5,1,0,1,"gmm",0.881543486335397,0.108437987064475,0.0276447603598958,176.168815314797
557,2,1.5,0.25,6,2,3,2,1,0,1,"pam",1,0.148700643365471,-0.0207842403068248,0.00000000132790252889884
558,3,1.5,0.25,6,3,6,3,1,0,1,"kmeans",0.986696296296296,0.0890282769912169,-0.0180468365901013,1.67543814744531
559,4,1.5,0.25,6,4,6,4,1,0,1,"hc_ward",0.986674099206963,0.13111168976736,-0.00130854747891284,23.0435838421941
560,5,1.5,0.25,6,5,6,5,1,0,1,"pam",0.916221692717818,0.147692834953445,0.0297103024437999,129.845706838453
561,2,0.5,0.1,7,2,5,2,1,0,1,"hc_ward",0.947201224637599,0.0289063527137631,-0.0052775899608191,10.8736128706487
562,3,0.5,0.1,7,3,3,3,1,1,1,"pam",0.841286231922781,0.0519552098096611,-0.00174817060484857,149.719550231226
563,4,0.5,0.1,7,4,6,3,1,0,0,"pam",0.61200601109138,0.0656815606864652,-0.000544175357009968,411.560418026684
564,5,0.5,0.1,7,5,5,3,1,1,0,"gmm",0.513679915991519,0.0882355059325446,0.0135973959269508,798.525432223419
565,2,0.75,0.1,7,2,3,2,1,0,1,"kmeans",1,0.0821899459731371,-0.0295679571121271,0.360973625016898
566,3,0.75,0.1,7,3,4,3,1,0,1,"kmeans",0.954086777542935,0.0470485003933174,0.000409331234425149,32.6296624913657
567,4,0.75,0.1,7,4,6,4,1,0,1,"gmm",0.863031393745402,0.0438025398718974,0.0100871602228518,148.72453385451
568,5,0.75,0.1,7,5,6,5,1,0,1,"hc_complete",0.711676113102648,0.0646311275906168,0.0114224215993435,359.358701738817
569,2,1,0.1,7,2,2,2,1,1,1,"hc_complete",1,0.0737589028630519,0.0131120721721779,0.000330402793901791
570,3,1,0.1,7,3,3,3,1,1,1,"pam",0.993325876599186,0.0275277677175671,0.00461896152552311,8.18945535264798
571,4,1,0.1,7,4,5,4,1,0,1,"pam",0.938820886023861,0.0565699747707814,0.020197748636644,66.2761017891817
572,5,1,0.1,7,5,5,5,1,1,1,"pam",0.844048899645297,0.049490125783731,0.0162677740915595,216.876910979166
573,2,1.25,0.1,7,2,2,2,1,1,1,"kmeans",1,0.0696225873529512,-0.00172813145702725,0.000000251251084048124
574,3,1.25,0.1,7,3,6,3,1,0,1,"hc_average",0.993325876599186,0.0829309481635616,-0.00670949258572187,3.68869207817999
575,4,1.25,0.1,7,4,4,4,1,1,1,"hc_ward",0.964671451861667,0.0568375481253784,0.0178444998225334,31.3264180180825
576,5,1.25,0.1,7,5,6,5,1,0,1,"pam",0.90663049909755,0.0799762471431318,0.0231082757899268,138.397236783218
577,2,1.5,0.1,7,2,4,2,1,0,1,"kmeans",1,0.109466627957184,-0.014259204151474,0.0000000147363455265464
578,3,1.5,0.1,7,3,3,3,1,1,1,"hc_ward",1,0.100342100396798,0.0116375415467578,1.26305963803391
579,4,1.5,0.1,7,4,4,4,1,1,1,"kmeans",0.969195934581487,0.137534051812287,0.0073453255935804,21.9508315430787
580,5,1.5,0.1,7,5,5,5,1,1,1,"kmeans",0.919350972663411,0.0873912026566045,0.0119255587644282,96.2876245953438
581,2,0.5,0.15,7,2,4,2,1,0,1,"pam",0.947201224637599,0.0604931459514012,0.000486333180695195,21.8261016210722
582,3,0.5,0.15,7,3,4,3,1,0,1,"pam",0.724299974316365,0.0453126508545194,0.00713665313287806,169.645596458637
583,4,0.5,0.15,7,4,4,3,1,1,0,"pam",0.557248343433062,0.0660110802238734,-0.00563331151789706,422.096970241386
584,5,0.5,0.15,7,5,6,3,1,0,0,"pam",0.479187496458321,0.0996139536084625,0.00490843230374868,763.207256792728
585,2,0.75,0.15,7,2,3,2,1,0,1,"kmeans",0.986666519512823,0.0747137620983372,-0.00894666171513296,1.13124070286479
586,3,0.75,0.15,7,3,6,3,1,0,1,"kmeans",0.947255127687157,0.0479859425728406,-0.0115172781874971,43.676827139517
587,4,0.75,0.15,7,4,5,4,1,0,1,"gmm",0.84368142005206,0.0745487862107713,0.0167579845787424,159.145678706682
588,5,0.75,0.15,7,5,6,5,1,0,1,"hc_average",0.718481141990847,0.0497771917807576,-0.00725338200076272,433.110879213578
589,2,1,0.15,7,2,3,2,1,0,1,"kmeans",1,0.0573535506323344,0.00915796373457908,0.529233827397161
590,3,1,0.15,7,3,6,3,1,0,1,"gmm",1,0.0688910870953735,0.00085754939293071,8.82702526009847
591,4,1,0.15,7,4,5,4,1,0,1,"hc_ward",0.904928101232146,0.0651390698049987,0.0088063450202095,74.926894883329
592,5,1,0.15,7,5,6,5,1,0,1,"hc_ward",0.853586008906473,0.0897370552293991,0.000921490334519068,235.434693493174
593,2,1.25,0.15,7,2,5,2,1,0,1,"pam",1,0.0579436015642137,-0.0141397283343769,0.0000013794504505388
594,3,1.25,0.15,7,3,5,3,1,0,1,"gmm",0.993325876599186,0.104122509575865,0.0150709997197613,5.41155620872242
595,4,1.25,0.15,7,4,5,4,1,0,1,"kmeans",0.969074976595378,0.0888388357929035,0.0174146442734682,32.5791155032331
596,5,1.25,0.15,7,5,6,5,1,0,1,"kmeans",0.887773186541719,0.0950580353395983,0.000592772834464952,146.383078476415
597,2,1.5,0.15,7,2,2,2,1,1,1,"kmeans",1,0.123435224997361,0.0215277798378151,0.00000000374288255226916
598,3,1.5,0.15,7,3,5,3,1,0,1,"kmeans",0.993325876599186,0.0646773896346236,-0.0268370715452315,0.190354919539985
599,4,1.5,0.15,7,4,6,4,1,0,1,"gmm",0.986674099206963,0.0869231935463234,-0.00524587134804153,15.5938676625093
600,5,1.5,0.15,7,5,6,5,1,0,1,"gmm",0.935057645684657,0.0794491719566667,0.0102902339097136,91.7434685482242
601,2,0.5,0.2,7,2,5,2,1,0,1,"gmm",0.895829940361245,0.0557160540000978,0.0115565950946224,23.6687494069759
602,3,0.5,0.2,7,3,6,3,1,0,1,"hc_complete",0.623356224813067,0.0609395071692667,0.0178998687166493,174.540936121068
603,4,0.5,0.2,7,4,6,3,1,0,0,"hc_average",0.512758384380426,0.0859276046919783,-0.00888808039688037,428.804890769675
604,5,0.5,0.2,7,5,6,3,1,0,0,"kmeans",0.397452578024025,0.118058097894124,0.0125771154527373,786.915558201787
605,2,0.75,0.2,7,2,6,2,1,0,1,"hc_ward",0.986666519512823,0.068561238259802,-0.0177650824111679,2.82133496298937
606,3,0.75,0.2,7,3,6,3,1,0,1,"hc_ward",0.903262514160248,0.0936975415788538,-0.00512583206440304,49.2003961629636
607,4,0.75,0.2,7,4,6,4,1,0,1,"hc_ward",0.792056187537086,0.0667142317302178,0.00514016698818696,208.688907343028
608,5,0.75,0.2,7,5,6,5,1,0,1,"gmm",0.620761631408041,0.122905042583097,0.000424031172556227,473.899470507522
609,2,1,0.2,7,2,2,2,1,1,1,"kmeans",1,0.0980293345230631,0.0386026555405603,0.00205409125132841
610,3,1,0.2,7,3,6,3,1,0,1,"hc_ward",0.980067813488498,0.0682059373969757,0.0239655335051584,13.5188295660594
611,4,1,0.2,7,4,5,4,1,0,1,"hc_ward",0.90079555420695,0.0617263074163341,0.00498572484643339,68.9773779015846
612,5,1,0.2,7,5,6,5,1,0,1,"kmeans",0.778498608691246,0.116893298270185,0.0170243755406267,263.996840752854
613,2,1.25,0.2,7,2,5,2,1,0,1,"hc_average",1,0.100051094290538,0.0126036212740776,0.0000130185161495985
614,3,1.25,0.2,7,3,5,3,1,0,1,"hc_ward",0.993325876599186,0.121586957369212,0.015915734091461,3.70170675692867
615,4,1.25,0.2,7,4,5,4,1,0,1,"pam",0.947301824904755,0.141643655166302,0.0163354338857615,47.0788039514698
616,5,1.25,0.2,7,5,6,5,1,0,1,"hc_ward",0.859505223098728,0.0805968871941727,0.011024106751858,163.66433090647
617,2,1.5,0.2,7,2,6,2,1,0,1,"pam",1,0.0718548131915157,-0.00674222374482763,0.000000000902264615050733
618,3,1.5,0.2,7,3,6,3,1,0,1,"gmm",1,0.118231347621802,0.00811020562794164,1.06564334486495
619,4,1.5,0.2,7,4,6,4,1,0,1,"gmm",0.969018664696219,0.0930971526217305,-0.00689411525785348,16.295372494411
620,5,1.5,0.2,7,5,6,5,1,0,1,"pam",0.8944694899154,0.136916064829103,0.0106898637326121,124.463252004742
621,2,0.5,0.25,7,3,6,2,0,0,1,"hc_average",0.883209413391586,NA,NA,122.132997114322
622,3,0.5,0.25,7,4,6,3,0,0,1,"pam",0.638830640849457,NA,NA,271.891717233494
623,4,0.5,0.25,7,5,6,3,0,0,0,"hc_complete",0.416620638114104,NA,NA,548.326450208865
624,5,0.5,0.25,7,5,6,3,1,0,0,"gmm",0.271134290989469,0.189686583781982,0.0155811099384795,714.248079430043
625,2,0.75,0.25,7,2,4,2,1,0,1,"kmeans",0.97342223807771,0.095362690138684,0.0213733086007044,2.17184752925074
626,3,0.75,0.25,7,4,6,3,0,0,1,"hc_average",0.927834645636018,NA,NA,150.716743719342
627,4,0.75,0.25,7,5,6,4,0,0,1,"gmm",0.742341102543578,NA,NA,315.288478905213
628,5,0.75,0.25,7,5,6,4,1,0,0,"gmm",0.560684235874596,0.105157693915973,0.00693088317960149,495.501424581377
629,2,1,0.25,7,2,3,2,1,0,1,"hc_ward",1,0.138558766480059,0.0117911254932024,0.488721687238403
630,3,1,0.25,7,3,6,3,1,0,1,"hc_ward",0.934142157714293,0.119706344901373,-0.00170778766782398,15.4064209798624
631,4,1,0.25,7,4,6,4,1,0,1,"hc_ward",0.879970750386312,0.133943676498816,0.00188604755222586,107.133661723428
632,5,1,0.25,7,5,6,5,1,0,1,"pam",0.714369305036685,0.106940423490749,0.0104984700870109,295.883173714155
633,2,1.25,0.25,7,2,6,2,1,0,1,"hc_complete",1,0.129520026698867,0.014498969649696,0.0000631048646278462
634,3,1.25,0.25,7,3,6,3,1,0,1,"kmeans",0.993325876599186,0.119057284215539,-0.0236329528592065,5.96041642673113
635,4,1.25,0.25,7,4,6,4,1,0,1,"gmm",0.926600756832492,0.128413797971549,0.00523004305357724,61.0237288618456
636,5,1.25,0.25,7,5,6,5,1,0,1,"hc_ward",0.86062428066058,0.116082238657802,-0.021006597693201,165.954593926401
637,2,1.5,0.25,7,2,3,2,1,0,1,"hc_complete",1,0.180708800093371,-0.0283405276815058,0.000000235220870720273
638,3,1.5,0.25,7,3,6,3,1,0,1,"gmm",0.993325876599186,0.160017833111772,0.00879578797429033,2.24880122192597
639,4,1.5,0.25,7,4,6,4,1,0,1,"gmm",0.960767935477432,0.208014279162997,0.00930475152240726,33.7136137033395
640,5,1.5,0.25,7,5,6,5,1,0,1,"gmm",0.906413673731385,0.150562792687723,0.00685467060039444,129.463608039752
641,2,0.5,0.1,8,2,6,2,1,0,1,"gmm",0.960267120019818,0.0450701673866344,0.00655984265078093,15.0206442117731
642,3,0.5,0.1,8,3,6,3,1,0,1,"kmeans",0.788777656922798,0.0417116989318125,0.00891160952549187,147.67888870371
643,4,0.5,0.1,8,4,6,4,1,0,1,"kmeans",0.597626361905679,0.0952305894897232,0.0276377272037066,420.417739024489
644,5,0.5,0.1,8,5,6,3,1,0,0,"pam",0.519369953847803,0.0732991630320575,0.00526087087627018,763.536701861202
645,2,0.75,0.1,8,2,5,2,1,0,1,"kmeans",1,0.069153274070558,0.0060258383352955,0.0591238738406631
646,3,0.75,0.1,8,3,4,3,1,0,1,"kmeans",0.947858190089644,0.0682328418629422,0.0273550841500845,26.4097701547937
647,4,0.75,0.1,8,4,6,4,1,0,1,"pam",0.823659538096951,0.0785840485416449,0.0022784796207021,209.622762481989
648,5,0.75,0.1,8,5,6,5,1,0,1,"kmeans",0.742489847556624,0.0691549213566791,0.00749701049085281,424.378631797318
649,2,1,0.1,8,2,2,2,1,1,1,"pam",1,0.0624227243130146,0.00296424572849028,0.00122243397107214
650,3,1,0.1,8,3,5,3,1,0,1,"kmeans",0.993325876599186,0.102858151658374,-0.0363569967240429,10.7459589959384
651,4,1,0.1,8,4,6,4,1,0,1,"hc_ward",0.934628042614656,0.0847476369814586,0.00886643574354322,81.478114623231
652,5,1,0.1,8,5,6,5,1,0,1,"kmeans",0.851213269660755,0.0693740042264788,-0.00648685029794803,206.804403866463
653,2,1.25,0.1,8,2,4,2,1,0,1,"gmm",1,0.0812927989347428,-0.00115898923021623,0.000000109546416820594
654,3,1.25,0.1,8,3,4,3,1,0,1,"kmeans",1,0.080083941057388,-0.0204314611342678,0.391162128780314
655,4,1.25,0.1,8,4,6,4,1,0,1,"pam",0.965235041316532,0.0612679527747945,-0.00595303821305073,34.9656253157739
656,5,1.25,0.1,8,5,6,5,1,0,1,"kmeans",0.918242831303762,0.0844729242723359,-0.0208090009240436,130.600369043111
657,2,1.5,0.1,8,2,5,2,1,0,1,"kmeans",1,0.0895197969010903,-0.0181978378902006,0.0000000927504148401823
658,3,1.5,0.1,8,3,3,3,1,1,1,"gmm",1,0.0883775580800753,0.00254437704530029,0.781564567501688
659,4,1.5,0.1,8,4,4,4,1,1,1,"hc_ward",0.98673365630548,0.0891642651538709,0.0123717708056391,22.5974501350444
660,5,1.5,0.1,8,5,6,5,1,0,1,"pam",0.938123234720458,0.126544864556225,0.00323110735989975,100.64918056383
661,2,0.5,0.15,8,2,4,2,1,0,1,"kmeans",0.973422222222222,0.0337771349158765,0.0209936645882109,12.5313340473733
662,3,0.5,0.15,8,3,6,3,1,0,1,"hc_ward",0.719217306588532,0.0927027377480345,0.00511465244513557,122.050471499647
663,4,0.5,0.15,8,4,6,4,1,0,1,"hc_ward",0.610103270076745,0.0655016910416258,0.00354050364535014,419.780296758943
664,5,0.5,0.15,8,4,6,3,0,0,0,"hc_ward",0.449473629276106,NA,NA,606.417704585078
665,2,0.75,0.15,8,2,4,2,1,0,1,"gmm",0.97342223807771,0.0699106524714633,-0.0135958303502099,2.22533623122411
666,3,0.75,0.15,8,3,3,3,1,1,1,"kmeans",0.947703120944626,0.070041162545387,0.0158318193060364,34.0124599991034
667,4,0.75,0.15,8,4,6,4,1,0,1,"hc_complete",0.819729734395861,0.0542993788985219,-0.00284573107219442,184.483841841315
668,5,0.75,0.15,8,5,6,5,1,0,1,"hc_average",0.694068827864714,0.0854152025088053,0.00666377656725546,455.169838369819
669,2,1,0.15,8,2,4,2,1,0,1,"hc_average",1,0.055175936990928,-0.00980621025566662,0.0199084652348635
670,3,1,0.15,8,3,6,3,1,0,1,"hc_ward",0.986674074681319,0.115765698259786,-0.0243025832110083,13.9824014400927
671,4,1,0.15,8,4,6,4,1,0,1,"gmm",0.897018634567646,0.0735721990633005,0.00622917478192985,77.3484071186132
672,5,1,0.15,8,5,6,5,1,0,1,"gmm",0.808691035447909,0.0616527035951706,-0.00167518195271953,237.140376108084
673,2,1.25,0.15,8,2,3,2,1,0,1,"pam",1,0.0735277157167895,-0.03219284029782,0.000000206031465084569
674,3,1.25,0.15,8,3,5,3,1,0,1,"hc_ward",1,0.103857755869382,0.0241359918702801,2.45503803203899
675,4,1.25,0.15,8,4,6,4,1,0,1,"hc_average",0.964699642770761,0.0792199433314378,0.00779688066944099,36.0206594645394
676,5,1.25,0.15,8,5,6,5,1,0,1,"kmeans",0.89985125794776,0.0539977515205633,0.00641256404232245,128.506020659697
677,2,1.5,0.15,8,2,2,2,1,1,1,"kmeans",1,0.0988500921796382,0.023121875865715,0.000000000234579188498
678,3,1.5,0.15,8,3,6,3,1,0,1,"kmeans",1,0.139796875147374,-0.0447689370964568,0.974075949476515
679,4,1.5,0.15,8,4,6,4,1,0,1,"hc_ward",0.977859648626542,0.0791094613679329,0.0100887598541627,19.0165648222947
680,5,1.5,0.15,8,5,6,5,1,0,1,"pam",0.928148598130158,0.115514749304206,0.00677493205650987,73.8180379477132
681,2,0.5,0.2,8,2,6,2,1,0,1,"pam",0.934224547647885,0.0525157011316368,-0.008738485956086,17.8202097489827
682,3,0.5,0.2,8,3,6,3,1,0,1,"pam",0.607154966681601,0.0589888056755706,0.0236007737182442,154.127428563541
683,4,0.5,0.2,8,4,6,3,1,0,0,"hc_complete",0.468765039396341,0.106840625830976,0.00818398667795485,453.600840876067
684,5,0.5,0.2,8,5,6,3,1,0,0,"kmeans",0.375597670979241,0.0737268183148078,-0.00281638528043489,775.52260894648
685,2,0.75,0.2,8,2,5,2,1,0,1,"hc_ward",1,0.0730381570003615,0.00685027213528908,1.28141253218688
686,3,0.75,0.2,8,3,6,3,1,0,1,"pam",0.953817545148001,0.0986741352701722,0.00230325007851709,38.8575328506641
687,4,0.75,0.2,8,4,6,4,1,0,1,"kmeans",0.796006594249332,0.121663303932594,-0.00533614604621937,206.693524727959
688,5,0.75,0.2,8,5,6,4,1,0,0,"hc_average",0.662049005505021,0.0691930132005533,-0.000135967072288652,452.213600677561
689,2,1,0.2,8,2,3,2,1,0,1,"kmeans",1,0.0839601276119186,0.0347917258668986,0.000433008040382265
690,3,1,0.2,8,3,6,3,1,0,1,"hc_ward",0.966809948062669,0.0870482731612326,0.0152558904967239,16.9302958756808
691,4,1,0.2,8,4,6,4,1,0,1,"kmeans",0.896302261112189,0.101883353856718,0.00889196019754876,94.2405739481025
692,5,1,0.2,8,5,6,5,1,0,1,"kmeans",0.78112658119105,0.0891841411702663,0.0214645537223592,268.943571922976
693,2,1.25,0.2,8,2,4,2,1,0,1,"kmeans",1,0.100377278744507,-0.031363887597384,0.000000848621609214646
694,3,1.25,0.2,8,3,5,3,1,0,1,"pam",0.993325876599186,0.142618346047319,0.017389981561549,1.91581704481084
695,4,1.25,0.2,8,4,6,4,1,0,1,"hc_ward",0.960411788328745,0.116924106869739,0.00566941322498574,49.8431645093391
696,5,1.25,0.2,8,5,6,5,1,0,1,"kmeans",0.884290483880711,0.121536813088867,-0.00669281029285345,160.316688517484
697,2,1.5,0.2,8,2,3,2,1,0,1,"kmeans",1,0.0868991924750566,-0.0184402621827492,0.000000000360505411352285
698,3,1.5,0.2,8,3,6,3,1,0,1,"hc_ward",1,0.0734079511168518,0.00766310672428463,1.16710732117802
699,4,1.5,0.2,8,4,5,4,1,0,1,"kmeans",0.982373077088261,0.118889138749979,0.0000698264376260255,20.727364329263
700,5,1.5,0.2,8,5,6,5,1,0,1,"hc_average",0.915185307592632,0.0939417952288224,-0.00227159266840344,124.42070461016
701,2,0.5,0.25,8,2,3,2,1,0,1,"pam",0.883209552738855,0.0959297294783691,0.00788992535062963,15.766304220128
702,3,0.5,0.25,8,4,6,3,0,0,1,"pam",0.671107762321413,NA,NA,265.672138973341
703,4,0.5,0.25,8,4,6,4,1,0,1,"gmm",0.402174690572158,0.0980576424388017,0.00731347830297388,431.977581562454
704,5,0.5,0.25,8,5,6,3,1,0,0,"kmeans",0.329631424475464,0.0980490588934526,0.0264747301825546,745.872992001833
705,2,0.75,0.25,8,2,5,2,1,0,1,"kmeans",0.986666519512823,0.108314451484663,0.0120166996425738,1.38684239621959
706,3,0.75,0.25,8,3,5,3,1,0,1,"kmeans",0.927684366687923,0.125750581436292,-0.0188987788620418,54.6310872237737
707,4,0.75,0.25,8,4,6,4,1,0,1,"pam",0.73075768829389,0.107857557377912,0.00480814318955979,218.082039122451
708,5,0.75,0.25,8,5,6,4,1,0,0,"gmm",0.578923973603062,0.0895735891236813,-0.000434485288920521,482.512100824202
709,2,1,0.25,8,2,5,2,1,0,1,"gmm",1,0.112395714291446,-0.0052312680296457,0.0639709791008899
710,3,1,0.25,8,3,6,3,1,0,1,"kmeans",0.986696695759173,0.0774669043380735,0.036946456018259,12.5459070547594
711,4,1,0.25,8,4,6,4,1,0,1,"gmm",0.86719068283748,0.114058183691966,-0.0209494275604308,105.924366399051
712,5,1,0.25,8,5,6,5,1,0,1,"pam",0.737871429370792,0.0841892980187686,0.0123125701789931,267.638628995003
713,2,1.25,0.25,8,2,4,2,1,0,1,"hc_complete",1,0.123469224849998,0.00244551397353875,0.0000964299266222595
714,3,1.25,0.25,8,3,6,3,1,0,1,"hc_ward",1,0.144847395542367,0.00723956339063029,6.26780432361238
715,4,1.25,0.25,8,4,6,4,1,0,1,"gmm",0.926221465927829,0.0858031588233927,0.0329130955041602,48.961290889453
716,5,1.25,0.25,8,5,6,5,1,0,1,"kmeans",0.798032481072435,0.128862518566304,0.0109602592896298,195.6642074392
717,2,1.5,0.25,8,2,3,2,1,0,1,"hc_complete",1,0.147500661272304,0.00443096089045268,0.0000000396454909930463
718,3,1.5,0.25,8,3,6,3,1,0,1,"hc_complete",1,0.120290047597235,-0.00290595538075649,1.70268689499035
719,4,1.5,0.25,8,4,5,4,1,0,1,"pam",0.960777325948817,0.137355453813885,0.0243015572781116,34.0742595464056
720,5,1.5,0.25,8,5,6,5,1,0,1,"hc_average",0.890743419617049,0.140710602183015,0.00163819894235371,111.239703950101
721,2,0.5,0.1,9,2,2,2,1,1,1,"hc_complete",0.986666519512823,0.042642839153387,0.00544748310646876,11.8197116635095
722,3,0.5,0.1,9,3,5,3,1,0,1,"pam",0.798375362405456,0.0750758643847882,-0.0130662544377867,133.071140602922
723,4,0.5,0.1,9,4,5,4,1,0,1,"kmeans",0.683731322447232,0.0657299901140682,-0.013338411958829,369.835550852479
724,5,0.5,0.1,9,4,6,3,0,0,0,"gmm",0.502700604141413,NA,NA,575.481255113391
725,2,0.75,0.1,9,2,4,2,1,0,1,"kmeans",1,0.0481851160324536,-0.00245074689981684,0.0706579998297705
726,3,0.75,0.1,9,3,6,3,1,0,1,"pam",0.947613839034161,0.0582401836919384,-0.0165595361346032,34.9267026864403
727,4,0.75,0.1,9,4,6,4,1,0,1,"pam",0.795385392248183,0.0681529240358537,-0.01683050232998,188.21037340503
728,5,0.75,0.1,9,5,5,5,1,1,1,"gmm",0.712886040975768,0.0713195357610188,-0.00304965477357303,397.097127950311
729,2,1,0.1,9,2,2,2,1,1,1,"kmeans",1,0.0723675510755162,-0.01649505361219,0.000510642154336592
730,3,1,0.1,9,3,6,3,1,0,1,"gmm",0.986696296296296,0.0444295628772664,0.0184740917477535,8.27336748874661
731,4,1,0.1,9,4,5,4,1,0,1,"pam",0.943290147327638,0.0523707420983866,0.00758794414660648,80.1390755802889
732,5,1,0.1,9,5,6,5,1,0,1,"kmeans",0.896908448492896,0.0837647276173493,-0.0288088785971152,213.796115332962
733,2,1.25,0.1,9,2,6,2,1,0,1,"hc_complete",1,0.0545457678921656,0.0196561367381685,0.00000438083505964257
734,3,1.25,0.1,9,3,3,3,1,1,1,"pam",1,0.0687287127162535,0.0158711247377196,2.13400806497405
735,4,1.25,0.1,9,4,5,4,1,0,1,"gmm",0.969106604280612,0.0902426039912205,0.0334896135823186,32.9439308601908
736,5,1.25,0.1,9,5,6,5,1,0,1,"kmeans",0.906754700410642,0.0683361458352568,-0.00987689719426501,141.459904112992
737,2,1.5,0.1,9,2,2,2,1,1,1,"kmeans",1,0.0868114632243355,0.000708194832563336,0.000000000114978198413536
738,3,1.5,0.1,9,3,3,3,1,1,1,"pam",1,0.134109359357514,-0.0351313275000137,0.167999676900127
739,4,1.5,0.1,9,4,4,4,1,1,1,"kmeans",0.991126191500508,0.0547575679363071,0.00743666557209589,18.1172747767886
740,5,1.5,0.1,9,5,5,5,1,1,1,"kmeans",0.944220687985002,0.0862420351177656,-0.0134716010229092,68.8586293071909
741,2,0.5,0.15,9,2,5,2,1,0,1,"pam",0.973422222222222,0.0494423909881731,-0.0000587598410043771,13.3123469479762
742,3,0.5,0.15,9,3,6,3,1,0,1,"kmeans",0.793362772826261,0.0604258613785433,0.0200957890531533,155.611819113823
743,4,0.5,0.15,9,4,6,3,1,0,0,"pam",0.578125046442997,0.0505535488345596,-0.0159007498173887,421.320142393005
744,5,0.5,0.15,9,5,6,3,1,0,0,"kmeans",0.4672741007728,0.0665175684679374,0.000949154931831191,743.208277596956
745,2,0.75,0.15,9,2,3,2,1,0,1,"kmeans",1,0.0667944694668391,-0.0155130993135507,0.127211012818714
746,3,0.75,0.15,9,3,4,3,1,0,1,"gmm",0.94104896353997,0.097694523076645,-0.00478346790527221,40.606967813831
747,4,0.75,0.15,9,4,6,4,1,0,1,"kmeans",0.835421007852234,0.0406242656464035,-0.0124664677346609,168.387159267639
748,5,0.75,0.15,9,5,6,5,1,0,1,"kmeans",0.717909029985825,0.0615402406900646,-0.00377296813886333,434.720630037683
749,2,1,0.15,9,2,4,2,1,0,1,"kmeans",1,0.0636948154448348,-0.00365842162368144,0.000119135165485439
750,3,1,0.15,9,3,5,3,1,0,1,"gmm",0.96694386891783,0.123087966168572,0.00865207205223316,12.3722981455906
751,4,1,0.15,9,4,5,4,1,0,1,"gmm",0.943080858280676,0.12190378280499,-0.00764448772200151,86.5759980098675
752,5,1,0.15,9,5,6,5,1,0,1,"gmm",0.832118121542798,0.105315453618045,-0.0170543370485735,228.992067126465
753,2,1.25,0.15,9,2,2,2,1,1,1,"kmeans",1,0.0573204801541395,0.00657820246919672,0.0000000199051277908883
754,3,1.25,0.15,9,3,3,3,1,1,1,"gmm",0.993325876599186,0.0827935902715174,-0.021237145123065,3.29850303560911
755,4,1.25,0.15,9,4,5,4,1,0,1,"pam",0.964672509021151,0.0750979379828274,0.0121011435614288,34.1921194170044
756,5,1.25,0.15,9,5,5,5,1,1,1,"hc_ward",0.931511331160528,0.0795035258503665,0.00632587796400517,125.847655811685
757,2,1.5,0.15,9,2,2,2,1,1,1,"kmeans",1,0.0550736320919149,-0.0328055454569676,0.000000000759244763054153
758,3,1.5,0.15,9,3,3,3,1,1,1,"gmm",1,0.0986936924641523,0.0197429099405853,1.58803181776688
759,4,1.5,0.15,9,4,4,4,1,1,1,"hc_ward",0.977861636276839,0.15205128723678,-0.024601472203627,29.1733604260327
760,5,1.5,0.15,9,5,6,5,1,0,1,"gmm",0.909317378635792,0.109267958467615,0.0130812048584447,93.763730830266
761,2,0.5,0.2,9,2,5,2,1,0,1,"hc_ward",0.947201224637599,0.0351225571600421,-0.000899438198327431,16.4588763471741
762,3,0.5,0.2,9,3,6,3,1,0,1,"kmeans",0.696889211035443,0.0699991494175093,0.00762458115255021,196.445971403555
763,4,0.5,0.2,9,4,6,3,1,0,0,"hc_ward",0.503580993309281,0.0637893401391018,-0.00219912145435452,426.876910504713
764,5,0.5,0.2,9,5,6,3,1,0,0,"hc_average",0.32117809923875,0.0851189268786987,-0.0053285919246969,744.743232663435
765,2,0.75,0.2,9,2,4,2,1,0,1,"hc_ward",1,0.102169479092355,0.0516155584892966,0.281103981846881
766,3,0.75,0.2,9,3,6,3,1,0,1,"pam",0.89687707115332,0.0902276953937854,0.00425115350294076,49.7057900433454
767,4,0.75,0.2,9,4,6,4,1,0,1,"hc_average",0.764970207199365,0.0810339057863839,0.0220583212772825,184.209997472605
768,5,0.75,0.2,9,5,6,4,1,0,0,"kmeans",0.662054136156325,0.115649099769372,0.00651077071607451,447.596876654231
769,2,1,0.2,9,2,6,2,1,0,1,"kmeans",1,0.0865973602456243,-0.0342459414596776,0.0651250614250237
770,3,1,0.2,9,3,5,3,1,0,1,"kmeans",0.980022272763451,0.0948473619390226,0.012881507079125,7.13472967688641
771,4,1,0.2,9,4,6,4,1,0,1,"hc_complete",0.91318843384684,0.0948525552111991,0.00549542076782063,91.7407802795945
772,5,1,0.2,9,5,6,5,1,0,1,"pam",0.803378894475899,0.102501288592091,-0.0131830444932743,234.10074837033
773,2,1.25,0.2,9,2,5,2,1,0,1,"hc_complete",1,0.10576083569772,-0.0309111065176888,0.000000295477397090806
774,3,1.25,0.2,9,3,6,3,1,0,1,"kmeans",0.993325876599186,0.0963238232823946,-0.00247008522151775,6.01665974502206
775,4,1.25,0.2,9,4,6,4,1,0,1,"gmm",0.964713739174423,0.098417660645224,0.0143639682561426,46.7146989444193
776,5,1.25,0.2,9,5,6,5,1,0,1,"hc_ward",0.871661943587454,0.103935098819668,0.00309892042069982,151.881408084794
777,2,1.5,0.2,9,2,2,2,1,1,1,"gmm",1,0.124580222531432,-0.0172368959311437,0.000000000935621372677836
778,3,1.5,0.2,9,3,6,3,1,0,1,"kmeans",0.993325876599186,0.119523882727501,-0.0109296799349931,2.09181740665391
779,4,1.5,0.2,9,4,6,4,1,0,1,"kmeans",0.969164312243152,0.105924733366127,-0.0131582449513175,24.804732581527
780,5,1.5,0.2,9,5,6,5,1,0,1,"pam",0.941190257347253,0.0782530853635743,-0.000882892299994757,116.964242174705
781,2,0.5,0.25,9,2,6,2,1,0,1,"hc_ward",0.870678675210335,0.0721128447013543,-0.0123375031853215,26.7426662646339
782,3,0.5,0.25,9,3,6,3,1,0,1,"pam",0.615066026598557,0.0660845440999699,0.0199440582191102,191.902232125127
783,4,0.5,0.25,9,4,6,3,1,0,0,"pam",0.463587365417479,0.0769198179282233,0.00531582013878436,430.96498686799
784,5,0.5,0.25,9,5,6,3,1,0,0,"hc_complete",0.299188467071527,0.154741775760685,0.00200461119020849,740.821433275695
785,2,0.75,0.25,9,2,5,2,1,0,1,"kmeans",1,0.0689751931162853,0.000843335786402757,1.94087850535409
786,3,0.75,0.25,9,3,6,3,1,0,1,"pam",0.915269558895671,0.120198747657332,-0.00846075491584156,63.9726387722801
787,4,0.75,0.25,9,4,6,4,1,0,1,"hc_ward",0.760518005102844,0.073806271758808,0.0088755529571294,214.904376077829
788,5,0.75,0.25,9,5,6,4,1,0,0,"kmeans",0.574499516472021,0.108921350815608,0.00709564785110232,481.274759213215
789,2,1,0.25,9,3,6,2,0,0,1,"hc_ward",1,NA,NA,88.975914255694
790,3,1,0.25,9,3,6,3,1,0,1,"kmeans",0.966988013605251,0.102650958285106,0.0148949663288873,12.1615491856265
791,4,1,0.25,9,4,6,4,1,0,1,"hc_ward",0.881205588219277,0.1051112840599,0.0160255033247106,121.336096687192
792,5,1,0.25,9,5,6,5,1,0,1,"hc_ward",0.754283565820268,0.107522177435553,0.0205737592186622,267.273933487059
793,2,1.25,0.25,9,2,5,2,1,0,1,"hc_complete",1,0.117499447221007,-0.00524327570928432,0.0000083395347902602
794,3,1.25,0.25,9,3,6,3,1,0,1,"kmeans",0.980067813488498,0.1401569138777,0.0287875922019423,10.5010689150638
795,4,1.25,0.25,9,4,6,4,1,0,1,"kmeans",0.913682893679745,0.101231489906934,0.00172779559986028,56.0488434255303
796,5,1.25,0.25,9,5,6,5,1,0,1,"hc_average",0.880908923961151,0.126131894498727,-0.0185705055137747,185.161615302886
797,2,1.5,0.25,9,2,6,2,1,0,1,"hc_complete",1,0.112504548810603,0.0143297138180919,0.0000000684947266011104
798,3,1.5,0.25,9,3,5,3,1,0,1,"hc_ward",1,0.138843588283096,-0.0179113506586755,1.38812876858988
799,4,1.5,0.25,9,4,6,4,1,0,1,"pam",0.94320251674253,0.143600501212423,-0.00286162714232556,35.1536228174263
800,5,1.5,0.25,9,5,6,5,1,0,1,"pam",0.888141947559332,0.141765429410711,-0.00702970498015654,120.194295075196
801,2,0.5,0.1,10,2,6,2,1,0,1,"hc_ward",1,0.0680316731205244,-0.0105338400382785,5.63261738043458
802,3,0.5,0.1,10,3,3,3,1,1,1,"pam",0.828749933649549,0.059842740269565,-0.00996840822093338,123.899898337491
803,4,0.5,0.1,10,4,5,3,1,0,0,"hc_ward",0.661389609611068,0.0707219705045577,0.00479688389109411,411.813941826125
804,5,0.5,0.1,10,5,6,3,1,0,0,"gmm",0.491263650111549,0.125548004439498,-0.00536816202979575,756.251058958052
805,2,0.75,0.1,10,2,2,2,1,1,1,"kmeans",1,0.0491643622560828,-0.00222349427205621,0.0593032041399356
806,3,0.75,0.1,10,3,3,3,1,1,1,"kmeans",0.940915034642295,0.0622451150835256,0.0112769517998753,37.592402421197
807,4,0.75,0.1,10,4,6,4,1,0,1,"gmm",0.867506135792867,0.0656976827714066,-0.00784198928945305,158.270747480292
808,5,0.75,0.1,10,5,6,5,1,0,1,"kmeans",0.723108668707421,0.0645739256304684,-0.00130833679714782,361.444952511548
809,2,1,0.1,10,2,2,2,1,1,1,"kmeans",1,0.0732320116155651,-0.00423357408362405,0.00199534403072726
810,3,1,0.1,10,3,4,3,1,0,1,"gmm",0.993325876599186,0.073099293678774,-0.0165280129047433,8.24016987229363
811,4,1,0.1,10,4,5,4,1,0,1,"gmm",0.943078319744649,0.0670505781919017,-0.0109282769318204,67.4700260309918
812,5,1,0.1,10,5,5,5,1,1,1,"kmeans",0.871787340915388,0.049478217218765,0.0127371570756605,229.493149699079
813,2,1.25,0.1,10,2,2,2,1,1,1,"hc_complete",1,0.0578194462834767,-0.0140851878887374,0.000000407446267120342
814,3,1.25,0.1,10,3,3,3,1,1,1,"hc_ward",1,0.10554401480595,0.0202209632662346,1.36514344756063
815,4,1.25,0.1,10,4,5,4,1,0,1,"hc_ward",0.991111103046433,0.077221014807534,0.000532869344195516,31.8490457594246
816,5,1.25,0.1,10,5,5,5,1,1,1,"pam",0.907071710860075,0.109754951979188,-0.0127772488355894,112.750605778188
817,2,1.5,0.1,10,2,3,2,1,0,1,"kmeans",1,0.11932416398689,-0.0644413429493418,0.0000000000325644931994154
818,3,1.5,0.1,10,3,3,3,1,1,1,"pam",1,0.105381631111679,0.0103916504808296,0.0721728077662231
819,4,1.5,0.1,10,4,6,4,1,0,1,"hc_ward",0.977919205725058,0.0899440527660618,-0.00122281971407281,22.6082404656543
820,5,1.5,0.1,10,5,5,5,1,1,1,"kmeans",0.970163079141705,0.152211207222417,0.0102843554365237,77.1449364329398
821,2,0.5,0.15,10,2,3,2,1,0,1,"pam",0.973422222222222,0.0404449841298146,-0.0128416956136526,15.4022445683728
822,3,0.5,0.15,10,3,6,3,1,0,1,"hc_average",0.729530665585696,0.0592896208684905,0.016571639740326,174.102806719233
823,4,0.5,0.15,10,4,6,4,1,0,1,"gmm",0.539022303344405,0.0712721278878675,0.00437823489277727,412.78096629245
824,5,0.5,0.15,10,5,6,3,1,0,0,"hc_ward",0.454355547441053,0.108781750348259,0.000206101459979304,749.567789736848
825,2,0.75,0.15,10,2,3,2,1,0,1,"gmm",1,0.0592292023962405,-0.01350452024137,1.04950803482703
826,3,0.75,0.15,10,3,5,3,1,0,1,"pam",0.934623321061379,0.0864534151771465,0.0102845670829504,40.1513133410739
827,4,0.75,0.15,10,4,6,4,1,0,1,"hc_ward",0.811755904891128,0.0781096392334283,-0.0049641075233509,162.360109965665
828,5,0.75,0.15,10,5,6,5,1,0,1,"pam",0.632665000709655,0.0838888469840739,0.00409499757097161,415.949673092498
829,2,1,0.15,10,2,2,2,1,1,1,"hc_average",1,0.067203140431072,-0.0194287688792818,0.000417706236122331
830,3,1,0.15,10,3,6,3,1,0,1,"hc_ward",0.986629632452225,0.0663873827594183,0.0103324415293724,13.1417736473414
831,4,1,0.15,10,4,6,4,1,0,1,"hc_ward",0.943006024425865,0.0725227767866362,0.00714704198267068,81.530769090199
832,5,1,0.15,10,5,6,5,1,0,1,"pam",0.859615550412378,0.0500759854821405,-0.000374780556832187,228.548439169984
833,2,1.25,0.15,10,2,2,2,1,1,1,"hc_complete",1,0.0864217679074128,-0.0560178190111786,0.00000323589869648209
834,3,1.25,0.15,10,3,5,3,1,0,1,"kmeans",1,0.0428071421252257,-0.00933252477353397,1.17017908648359
835,4,1.25,0.15,10,4,5,4,1,0,1,"pam",0.973500858186272,0.0930971642502229,-0.00798889331212639,40.1586480923227
836,5,1.25,0.15,10,5,6,5,1,0,1,"pam",0.922402205687808,0.10613323211689,0.00617921060735563,150.580947308586
837,2,1.5,0.15,10,2,5,2,1,0,1,"kmeans",1,0.108531353646836,0.0554432051454669,0.000000000134391931949837
838,3,1.5,0.15,10,3,3,3,1,1,1,"hc_ward",1,0.100699195456315,0.00252489156810645,1.24252813270641
839,4,1.5,0.15,10,4,5,4,1,0,1,"pam",0.982281895756867,0.0916610678653136,0.0139077380401511,16.6547572346613
840,5,1.5,0.15,10,5,6,5,1,0,1,"hc_ward",0.928281663749789,0.135715813619084,0.0106169911437003,103.209192569427
841,2,0.5,0.2,10,2,4,2,1,0,1,"pam",0.973422222222222,0.0511417409962431,-0.0034369754543894,17.9175616396883
842,3,0.5,0.2,10,3,6,3,1,0,1,"kmeans",0.630428501149898,0.0789828904998453,-0.0000841039396659397,186.170985268127
843,4,0.5,0.2,10,4,6,4,1,0,1,"kmeans",0.547111881032632,0.0826386997490888,-0.0013736103542398,392.457542399849
844,5,0.5,0.2,10,5,6,3,1,0,0,"kmeans",0.364464477501284,0.100330335657606,0.00804153272129947,768.894252977485
845,2,0.75,0.2,10,2,4,2,1,0,1,"kmeans",0.986666519512823,0.0704488444709809,-0.00514391982578518,1.8053976157282
846,3,0.75,0.2,10,3,4,3,1,0,1,"hc_average",0.90250195818132,0.107679144019237,0.0236367281336783,47.1806378945372
847,4,0.75,0.2,10,4,6,4,1,0,1,"hc_average",0.763978471578486,0.0793984537820786,0.0167043321590876,206.526739799228
848,5,0.75,0.2,10,5,6,5,1,0,1,"hc_ward",0.641978903088129,0.0826040300751979,-0.0041429652974371,403.239296559987
849,2,1,0.2,10,2,5,2,1,0,1,"kmeans",1,0.072138982054658,0.00397999150052345,0.00974929767608865
850,3,1,0.2,10,3,6,3,1,0,1,"pam",1,0.0664491636186149,-0.00531212045483009,9.19137152426195
851,4,1,0.2,10,4,6,4,1,0,1,"pam",0.883972565730267,0.0843792839500593,-0.00955438942351837,85.460364090158
852,5,1,0.2,10,5,6,5,1,0,1,"gmm",0.782835876353618,0.0880051810617683,0.00331808655502266,285.922171630723
853,2,1.25,0.2,10,2,4,2,1,0,1,"kmeans",1,0.0826539462579786,-0.0126023532834346,0.000041402131558628
854,3,1.25,0.2,10,3,5,3,1,0,1,"hc_ward",1,0.100435595168559,0.0188523092120629,3.67026937904957
855,4,1.25,0.2,10,4,5,4,1,0,1,"gmm",0.95606766713924,0.0973471322115627,-0.00346976256962614,40.506213958055
856,5,1.25,0.2,10,5,6,5,1,0,1,"kmeans",0.852195411084553,0.097249263217633,-0.00783629465823831,149.751049512788
857,2,1.5,0.2,10,2,4,2,1,0,1,"gmm",1,0.124093824421578,-0.0399364376942541,0.000000106751358382832
858,3,1.5,0.2,10,3,5,3,1,0,1,"kmeans",0.993325876599186,0.15970071356283,0.00096144393797124,3.78467542715174
859,4,1.5,0.2,10,4,4,4,1,1,1,"kmeans",0.969077752889708,0.0853300246313644,-0.00589386200992612,22.8326336602199
860,5,1.5,0.2,10,5,6,5,1,0,1,"kmeans",0.911925351006749,0.0868933904148355,-0.00282968316276525,110.70382164548
861,2,0.5,0.25,10,3,6,2,0,0,1,"gmm",0.908538676085297,NA,NA,110.919907827745
862,3,0.5,0.25,10,3,6,3,1,0,1,"kmeans",0.620684032691617,0.0891100402481991,-0.00319997729805647,161.620402227927
863,4,0.5,0.25,10,4,6,3,1,0,0,"pam",0.460378106572059,0.12024323201915,0.00625633951382483,434.776438331518
864,5,0.5,0.25,10,5,6,3,1,0,0,"kmeans",0.322052827272187,0.132904109828852,0.0151630839583465,695.899624790373
865,2,0.75,0.25,10,2,6,2,1,0,1,"kmeans",0.973422222222222,0.0906580084607256,-0.0012071848721451,6.17778147393654
866,3,0.75,0.25,10,3,6,3,1,0,1,"kmeans",0.921417856523836,0.083625926287925,0.0243941144192632,53.4991327905604
867,4,0.75,0.25,10,5,6,4,0,0,1,"kmeans",0.665401483467656,NA,NA,355.305841483381
868,5,0.75,0.25,10,5,6,5,1,0,1,"hc_complete",0.566698727940133,0.0936507730552173,-0.00656718663368672,448.979381656566
869,2,1,0.25,10,2,4,2,1,0,1,"kmeans",1,0.0849963280008112,-0.0467123030565346,0.0615519214770975
870,3,1,0.25,10,4,6,3,0,0,1,"kmeans",0.98006721499138,NA,NA,94.1149576022166
871,4,1,0.25,10,4,6,4,1,0,1,"kmeans",0.876832089386881,0.134683897364101,-0.0019661214285234,93.8067354568969
872,5,1,0.25,10,5,6,5,1,0,1,"hc_ward",0.779731596560755,0.0937756133281833,0.0119633615455884,283.466454685238
873,2,1.25,0.25,10,2,6,2,1,0,1,"kmeans",1,0.156406693305977,-0.00747792463228476,0.00127434258885919
874,3,1.25,0.25,10,3,6,3,1,0,1,"gmm",0.986696695759173,0.0825506393330394,-0.00101894593633228,5.62230788766041
875,4,1.25,0.25,10,4,6,4,1,0,1,"kmeans",0.926643836973291,0.108360730192734,0.00781934556565052,55.6082394998581
876,5,1.25,0.25,10,5,6,5,1,0,1,"hc_ward",0.842245329216229,0.152093312537617,0.00770517303547081,168.913513720207
877,2,1.5,0.25,10,2,6,2,1,0,1,"hc_average",1,0.142501856937981,0.0312213469009987,0.000000000224441967249772
878,3,1.5,0.25,10,3,6,3,1,0,1,"gmm",0.980112753008633,0.171507227677155,-0.0339507513600075,3.88658833463479
879,4,1.5,0.25,10,4,6,4,1,0,1,"kmeans",0.956225709045343,0.186516825640946,0.0324345040948593,33.4334488492817
880,5,1.5,0.25,10,5,6,5,1,0,1,"kmeans",0.898020396876878,0.138172375083809,0.0035794956426481,143.447714653642
881,2,0.5,0.1,11,2,2,2,1,1,1,"gmm",1,0.0356683478842354,-0.00554251623722018,8.55782042622661
882,3,0.5,0.1,11,3,3,3,1,1,1,"pam",0.792793714993348,0.0864000906448947,-0.00416562984190589,125.802719313059
883,4,0.5,0.1,11,4,6,4,1,0,1,"pam",0.694373942213159,0.061215282166459,-0.00168437225250319,349.171354356256
884,5,0.5,0.1,11,5,6,3,1,0,0,"hc_average",0.502052545832568,0.124980599977512,0.00479613206047608,801.947280508349
885,2,0.75,0.1,11,2,2,2,1,1,1,"gmm",1,0.0687459287753284,0.0298069690147241,0.369675196688921
886,3,0.75,0.1,11,3,4,3,1,0,1,"kmeans",0.947259086771696,0.0438549119068389,0.0105033194436837,31.1102854389599
887,4,0.75,0.1,11,4,5,4,1,0,1,"hc_ward",0.835565185761528,0.0743647850964626,0.023913042106637,160.518717062719
888,5,0.75,0.1,11,5,5,5,1,1,1,"hc_ward",0.772302903319109,0.0684924824122623,0.00425419603691904,361.100164965382
889,2,1,0.1,11,2,2,2,1,1,1,"kmeans",1,0.0874871439226291,-0.0396030368555413,0.000237404591409881
890,3,1,0.1,11,3,3,3,1,1,1,"pam",1,0.0988040404798716,0.0136980602814869,4.42294710092592
891,4,1,0.1,11,4,5,4,1,0,1,"kmeans",0.926079176025656,0.059507821991067,0.00532620107118765,77.9450788750227
892,5,1,0.1,11,5,6,5,1,0,1,"hc_average",0.862443612589282,0.0897970647669477,-0.0142876425111256,195.753634963609
893,2,1.25,0.1,11,2,2,2,1,1,1,"hc_complete",1,0.123589570633528,0.0196963884081255,0.000000300397211637575
894,3,1.25,0.1,11,3,3,3,1,1,1,"kmeans",1,0.0924338776663201,-0.0426227136814302,1.59121916332344
895,4,1.25,0.1,11,4,5,4,1,0,1,"pam",0.982282956209342,0.102786767299762,-0.0104121240922616,49.7484139943106
896,5,1.25,0.1,11,5,6,5,1,0,1,"pam",0.884434919494695,0.0847854438321434,0.0194473105100296,147.399792560123
897,2,1.5,0.1,11,2,3,2,1,0,1,"kmeans",1,0.0939784908399607,0.0423456370572505,0.000000000326348589390556
898,3,1.5,0.1,11,3,3,3,1,1,1,"hc_ward",1,0.139371770491366,-0.0256022287491749,0.861332995897352
899,4,1.5,0.1,11,4,5,4,1,0,1,"gmm",0.977861636276839,0.0907931725035663,0.0211306868503538,20.9352743224397
900,5,1.5,0.1,11,5,6,5,1,0,1,"hc_ward",0.944492886744113,0.137589767115235,0.00465299722481787,88.8088835699994
901,2,0.5,0.15,11,2,2,2,1,1,1,"hc_average",0.947201224637599,0.0349624511407184,0.0127335754339614,11.1242042816684
902,3,0.5,0.15,11,3,5,3,1,0,1,"hc_average",0.67450436958722,0.0618883116488539,0.0130869582615447,187.589262223029
903,4,0.5,0.15,11,4,6,4,1,0,1,"gmm",0.621816148886352,0.0513208012506705,-0.00188867997364337,411.114737653824
904,5,0.5,0.15,11,5,6,3,1,0,0,"kmeans",0.440463789273455,0.0717959915120753,0.00110490329416252,778.391185188881
905,2,0.75,0.15,11,2,5,2,1,0,1,"gmm",1,0.077825976571489,0.0133648724390883,0.485559994267918
906,3,0.75,0.15,11,3,4,3,1,0,1,"hc_average",0.921883605727495,0.0934602323745181,0.00346968982192496,45.0399557260942
907,4,0.75,0.15,11,4,5,4,1,0,1,"kmeans",0.851238191215787,0.100458831354953,-0.0102419414417311,187.204365279677
908,5,0.75,0.15,11,5,6,5,1,0,1,"hc_complete",0.728016519076035,0.0604935862209914,0.00240686523085869,386.456634885934
909,2,1,0.15,11,2,2,2,1,1,1,"hc_complete",1,0.0922816785318499,-0.0095940661993801,0.0000721594946405574
910,3,1,0.15,11,3,4,3,1,0,1,"hc_ward",0.980111558695234,0.0611372545420717,-0.00528283718395013,12.2002055725057
911,4,1,0.15,11,4,4,4,1,1,1,"hc_average",0.938810117272096,0.0829969097318601,0.0145057663329746,65.7397279411645
912,5,1,0.15,11,5,6,5,1,0,1,"kmeans",0.821389641013492,0.0718771758087592,-0.012110778561833,260.972995118765
913,2,1.25,0.15,11,2,3,2,1,0,1,"pam",1,0.0815604817496779,-0.032778768198955,0.00000044475668572114
914,3,1.25,0.15,11,3,5,3,1,0,1,"pam",1,0.068876234798084,-0.0208805759220644,1.68328559920593
915,4,1.25,0.15,11,4,6,4,1,0,1,"kmeans",0.956569019047063,0.10502780977662,-0.000194518131847082,41.1636466279004
916,5,1.25,0.15,11,5,6,5,1,0,1,"kmeans",0.876191476489127,0.110669214127326,0.00384414106204568,136.394932109734
917,2,1.5,0.15,11,2,3,2,1,0,1,"kmeans",1,0.0726439396119731,0.0126970927694021,0.000000000557761428777295
918,3,1.5,0.15,11,3,3,3,1,1,1,"gmm",1,0.086494273688495,-0.0158324563780127,0.355163853794964
919,4,1.5,0.15,11,4,6,4,1,0,1,"hc_complete",0.982281895756867,0.107779369998513,-0.0145687803327125,19.7901695628077
920,5,1.5,0.15,11,5,6,5,1,0,1,"gmm",0.909343754727285,0.10059961595595,-0.0127551561235457,112.142542320646
921,2,0.5,0.2,11,2,6,2,1,0,1,"kmeans",0.934224547647885,0.0807852506689673,0.00921867984435625,21.9831821017726
922,3,0.5,0.2,11,3,6,3,1,0,1,"pam",0.722261139921797,0.0655497718325084,0.0175156763165077,147.979699833806
923,4,0.5,0.2,11,4,6,3,1,0,0,"pam",0.529129464136413,0.0633906705133768,0.00394533491585212,457.673500449052
924,5,0.5,0.2,11,5,6,3,1,0,0,"hc_ward",0.372966201423106,0.125178872793179,0.0031067077805013,736.616032156426
925,2,0.75,0.2,11,2,3,2,1,0,1,"hc_ward",1,0.047792323329921,0.00610524508026158,0.174935780574915
926,3,0.75,0.2,11,3,6,3,1,0,1,"kmeans",0.87170846456915,0.0662387727702856,0.00213675482404327,50.1064289811191
927,4,0.75,0.2,11,4,6,4,1,0,1,"hc_ward",0.799992373907419,0.072529104926448,0.00493969189422417,210.891340281002
928,5,0.75,0.2,11,5,6,4,1,0,0,"gmm",0.644692348622319,0.121567596644829,-0.00773092621945098,424.082052010931
929,2,1,0.2,11,2,4,2,1,0,1,"kmeans",1,0.0640755354535851,0.0498092885992578,0.00107901840073386
930,3,1,0.2,11,3,6,3,1,0,1,"kmeans",0.980111558695234,0.0922428056762526,-0.0275210594920198,18.2257073231322
931,4,1,0.2,11,4,5,4,1,0,1,"pam",0.896574855901683,0.0859428655834335,0.00183372680481413,78.1476019822413
932,5,1,0.2,11,5,6,5,1,0,1,"hc_average",0.786955183810342,0.0710031295830459,0.00999342401520896,276.678616384515
933,2,1.25,0.2,11,2,4,2,1,0,1,"kmeans",1,0.13534167278004,0.00692066626022271,0.000001572192364584
934,3,1.25,0.2,11,3,5,3,1,0,1,"pam",0.980066915729343,0.159889535012304,0.000487370533314755,5.58409466774401
935,4,1.25,0.2,11,4,6,4,1,0,1,"kmeans",0.982326431015269,0.0553050263987754,-0.0134226395989245,28.0558754484941
936,5,1.25,0.2,11,5,6,5,1,0,1,"pam",0.897471938732046,0.104620871768082,0.0110326019113281,175.509831215051
937,2,1.5,0.2,11,2,2,2,1,1,1,"kmeans",1,0.0894092591742891,0.0386425250114106,0.0000000000573487250076071
938,3,1.5,0.2,11,3,6,3,1,0,1,"kmeans",1,0.172599344416972,0.00544895612995161,0.557347531580552
939,4,1.5,0.2,11,4,6,4,1,0,1,"hc_ward",0.98232722437331,0.10070382653758,0.00680789547428915,19.5389964101163
940,5,1.5,0.2,11,5,6,5,1,0,1,"pam",0.885336370427459,0.112625655453322,0.00464322928933182,118.34672602754
941,2,0.5,0.25,11,2,6,2,1,0,1,"hc_average",0.97342223807771,0.0600785140687441,0.0118802498616041,25.4738009137958
942,3,0.5,0.25,11,3,6,3,1,0,1,"pam",0.692619746408392,0.0867763359720592,-0.002998502304528,170.294132369288
943,4,0.5,0.25,11,5,6,3,0,0,0,"hc_ward",0.36094232926578,NA,NA,530.823945758589
944,5,0.5,0.25,11,5,6,3,1,0,0,"kmeans",0.286376172453628,0.168160368166436,0.0178761239035484,763.657646202608
945,2,0.75,0.25,11,3,6,2,0,0,1,"hc_ward",1,NA,NA,99.8569112997742
946,3,0.75,0.25,11,3,6,3,1,0,1,"kmeans",0.909052246040572,0.0733325762302704,0.00480243879621729,55.2025537230379
947,4,0.75,0.25,11,4,6,4,1,0,1,"hc_ward",0.729543695952528,0.0772820985556618,0.00940458772588093,222.222830548913
948,5,0.75,0.25,11,5,6,4,1,0,0,"gmm",0.570129064784945,0.0967287993938599,-0.00703843476862503,458.504758379076
949,2,1,0.25,11,2,6,2,1,0,1,"kmeans",1,0.103188344664271,-0.00275948773985681,0.0184836291199525
950,3,1,0.25,11,3,6,3,1,0,1,"gmm",0.95377637270596,0.123628351613955,-0.0293897439519765,23.891116216662
951,4,1,0.25,11,4,6,4,1,0,1,"gmm",0.851054291199165,0.0884576508125948,0.0156178831842723,102.387029804861
952,5,1,0.25,11,5,6,5,1,0,1,"kmeans",0.747104578972582,0.14915002026823,0.00775009649177465,261.71966062298
953,2,1.25,0.25,11,2,6,2,1,0,1,"hc_complete",1,0.115402198559104,-0.0000565888723365604,0.00000178593559067446
954,3,1.25,0.25,11,3,6,3,1,0,1,"hc_ward",0.993325876599186,0.119045251400288,0.00533388374036333,3.0580405837283
955,4,1.25,0.25,11,4,6,4,1,0,1,"pam",0.925931547334735,0.104504102410889,0.0263320844661694,50.5423257987935
956,5,1.25,0.25,11,5,6,5,1,0,1,"pam",0.836181484342458,0.108141681111249,0.0131304000590016,167.138561671198
957,2,1.5,0.25,11,2,3,2,1,0,1,"kmeans",1,0.138623589837042,-0.0176738407197827,0.00000000357341198719121
958,3,1.5,0.25,11,3,6,3,1,0,1,"hc_ward",1,0.162862228182547,-0.0110346578098806,0.832313494186823
959,4,1.5,0.25,11,4,6,4,1,0,1,"kmeans",0.973497686025007,0.141422992318015,-0.00730356692322612,29.8025889604682
960,5,1.5,0.25,11,5,6,5,1,0,1,"hc_average",0.887717954925032,0.143579313557481,0.0163281236610313,126.080917298777
961,2,0.5,0.1,12,2,4,2,1,0,1,"hc_average",1,0.0221564289812647,-0.00599964185513735,8.60924972651086
962,3,0.5,0.1,12,3,3,3,1,1,1,"hc_average",0.782005713287836,0.0689375829076655,-0.000488465573715924,144.618961813067
963,4,0.5,0.1,12,4,6,4,1,0,1,"hc_average",0.628960557070706,0.0453244880548456,0.00988265412676076,373.63131115559
964,5,0.5,0.1,12,5,6,3,1,0,0,"gmm",0.517163413187489,0.0866841587189285,-0.0122662500358738,760.795256551166
965,2,0.75,0.1,12,2,5,2,1,0,1,"kmeans",0.986666519512823,0.0469861747058272,0.0161591139339982,0.310564359404894
966,3,0.75,0.1,12,3,3,3,1,1,1,"kmeans",0.973571959360504,0.0348448653659219,0.00833875915529626,23.5130000459132
967,4,0.75,0.1,12,4,6,4,1,0,1,"hc_average",0.851389280619349,0.0711501474101456,0.00333280337734843,155.683719472445
968,5,0.75,0.1,12,5,6,5,1,0,1,"hc_complete",0.759013258822583,0.0713019381492589,0.00325572999466371,374.180543148375
969,2,1,0.1,12,2,4,2,1,0,1,"kmeans",1,0.062152075868479,-0.0226085172112006,0.000454681386400118
970,3,1,0.1,12,3,5,3,1,0,1,"kmeans",1,0.0754672825677469,-0.0203192555496675,11.2614290178879
971,4,1,0.1,12,4,5,4,1,0,1,"hc_complete",0.930471769325735,0.0742272841173547,0.00677621075992306,74.6456303359536
972,5,1,0.1,12,5,5,5,1,1,1,"gmm",0.843900760657776,0.0694382411387133,-0.0124123328326258,222.130901398007
973,2,1.25,0.1,12,2,2,2,1,1,1,"hc_complete",1,0.102874189499761,0.0123837181338596,0.0000000371683081305425
974,3,1.25,0.1,12,3,4,3,1,0,1,"pam",1,0.0851075508938865,0.00313984062437888,1.84542139544622
975,4,1.25,0.1,12,4,5,4,1,0,1,"hc_average",0.982373077088261,0.0957010787523864,0.00485638592576103,28.4805782947206
976,5,1.25,0.1,12,5,6,5,1,0,1,"gmm",0.912194320828662,0.0572503141407674,-0.00523098783730942,143.020147123969
977,2,1.5,0.1,12,2,2,2,1,1,1,"kmeans",1,0.059983316357735,-0.0246790567480924,0.000000000025861292840819
978,3,1.5,0.1,12,3,4,3,1,0,1,"pam",1,0.10415105970599,0.00629059576807612,0.147348040712788
979,4,1.5,0.1,12,4,6,4,1,0,1,"pam",0.986674498008464,0.0983793674545316,0.00161263342597185,18.3259632887189
980,5,1.5,0.1,12,5,6,5,1,0,1,"pam",0.934432738566615,0.11210833529074,0.0177435850833405,99.5751020725745
981,2,0.5,0.15,12,2,6,2,1,0,1,"hc_average",0.883209552738855,0.051858404316239,-0.00268574017955528,23.2458259034974
982,3,0.5,0.15,12,3,6,3,1,0,1,"kmeans",0.810343716983933,0.0494496030716269,0.0128864452507446,134.683830937593
983,4,0.5,0.15,12,4,6,4,1,0,1,"hc_ward",0.606762041018786,0.0644080242571673,-0.0236710672788933,411.42624093865
984,5,0.5,0.15,12,5,6,3,1,0,0,"pam",0.407103764009251,0.102450317555111,0.0149115846084756,762.376319684608
985,2,0.75,0.15,12,2,4,2,1,0,1,"kmeans",0.97342223807771,0.0793953947014254,0.00918206662103783,1.37441191464161
986,3,0.75,0.15,12,3,5,3,1,0,1,"kmeans",0.884950295445851,0.0753605385660604,-0.00110723403290681,40.8367366150868
987,4,0.75,0.15,12,4,5,4,1,0,1,"kmeans",0.808656497849755,0.0617481425320727,-0.0151402432475453,160.50203367546
988,5,0.75,0.15,12,5,6,5,1,0,1,"hc_ward",0.72533916783789,0.0889338757618277,0.0212672435703306,401.818709058765
989,2,1,0.15,12,2,3,2,1,0,1,"hc_complete",1,0.0702191755739954,-0.0299648426399946,0.0127413213684017
990,3,1,0.15,12,3,5,3,1,0,1,"kmeans",0.993325876599186,0.0710350090340707,-0.0353446111711473,9.72146700784996
991,4,1,0.15,12,4,5,4,1,0,1,"hc_ward",0.91752267488933,0.113659872440233,-0.0108141748705228,77.458673760117
992,5,1,0.15,12,5,6,5,1,0,1,"hc_average",0.823651034581947,0.0891109486491593,-0.025892388381329,224.509732780866
993,2,1.25,0.15,12,2,2,2,1,1,1,"hc_complete",1,0.0978754593922306,0.016940491432373,0.0000014417436260812
994,3,1.25,0.15,12,3,5,3,1,0,1,"kmeans",1,0.0785101949821914,-0.0105281192585805,3.10862534184827
995,4,1.25,0.15,12,4,4,4,1,1,1,"hc_ward",0.960596344879581,0.0737483860151508,0.00318377271193935,24.1002161131811
996,5,1.25,0.15,12,5,6,5,1,0,1,"pam",0.89927764273738,0.0706067406792534,-0.00853270698653297,134.23483625784
997,2,1.5,0.15,12,2,2,2,1,1,1,"kmeans",1,0.103437734190519,-0.0137465445300137,0.00000000351286024223808
998,3,1.5,0.15,12,3,3,3,1,1,1,"kmeans",1,0.104972784804894,-0.0186728602489172,0.853096470426208
999,4,1.5,0.15,12,4,4,4,1,1,1,"hc_ward",0.97797909234103,0.0941438677621624,0.00170681952303273,15.7049953330895
1000,5,1.5,0.15,12,5,6,5,1,0,1,"pam",0.937926334350027,0.093543381801486,-0.0164713362232922,110.14840525453
1001,2,0.5,0.2,12,2,5,2,1,0,1,"gmm",0.883209413391586,0.034403337413132,-0.00999667403859712,20.4744388032854
1002,3,0.5,0.2,12,3,6,3,1,0,1,"kmeans",0.739224368990685,0.0913032067065596,0.0146520594913857,172.738684160578
1003,4,0.5,0.2,12,4,6,3,1,0,0,"pam",0.546973011481537,0.0957345127645234,-0.0081379671890382,474.380577570486
1004,5,0.5,0.2,12,5,6,3,1,0,0,"pam",0.37161016638722,0.101703011918417,0.0211017714640834,815.600238708367
1005,2,0.75,0.2,12,2,4,2,1,0,1,"pam",1,0.0779795003339367,-0.00601555024203272,0.930769960711762
1006,3,0.75,0.2,12,3,6,3,1,0,1,"kmeans",0.903996743200364,0.0736696958865408,0.00470849032486573,48.4855340820325
1007,4,0.75,0.2,12,4,6,4,1,0,1,"gmm",0.770101169310494,0.0974535443031618,-0.0101554478825904,201.683791394833
1008,5,0.75,0.2,12,5,6,5,1,0,1,"hc_ward",0.627352741384038,0.109397677550063,0.00279771786492172,457.553958884123
1009,2,1,0.2,12,2,4,2,1,0,1,"kmeans",1,0.10565419076041,0.0327634586632777,0.000658913488422439
1010,3,1,0.2,12,3,6,3,1,0,1,"gmm",0.98006721499138,0.098193246206904,0.0166744248560887,6.09944094933348
1011,4,1,0.2,12,4,6,4,1,0,1,"pam",0.885921697024307,0.0788291334834688,-0.011846319199075,87.0739754112388
1012,5,1,0.2,12,5,6,5,1,0,1,"kmeans",0.79703457850278,0.0556135368029705,0.00838118049052401,245.574541593061
1013,2,1.25,0.2,12,2,6,2,1,0,1,"hc_complete",1,0.109137259010232,-0.0137181987107355,0.0000825467488481587
1014,3,1.25,0.2,12,3,6,3,1,0,1,"kmeans",1,0.105694720470331,0.00454425478380038,3.43269029824816
1015,4,1.25,0.2,12,4,6,4,1,0,1,"hc_average",0.947448331122213,0.0905094077043653,0.0203744379351978,46.1870966556821
1016,5,1.25,0.2,12,5,6,5,1,0,1,"pam",0.841058691553666,0.115249694550806,0.00218461259877615,161.79188204556
1017,2,1.5,0.2,12,2,6,2,1,0,1,"kmeans",1,0.0446878543781115,-0.0319265909501112,0.00000000129620520586054
1018,3,1.5,0.2,12,3,4,3,1,0,1,"hc_average",1,0.0931191661197965,0.0295606644518882,1.27636282967125
1019,4,1.5,0.2,12,4,5,4,1,0,1,"gmm",0.960409418761247,0.108292156969914,0.0346775622005429,36.0100336119049
1020,5,1.5,0.2,12,5,5,5,1,1,1,"kmeans",0.931465740533868,0.107311552049448,-0.0143853404827408,92.5455096861276
1021,2,0.5,0.25,12,3,6,2,0,0,1,"hc_ward",0.921336959679666,NA,NA,119.396411694076
1022,3,0.5,0.25,12,4,6,3,0,0,1,"pam",0.626252427874513,NA,NA,281.684050750923
1023,4,0.5,0.25,12,5,6,3,0,0,0,"kmeans",0.418655616160638,NA,NA,543.257781118026
1024,5,0.5,0.25,12,6,6,3,0,0,0,"hc_complete",0.347505083611184,NA,NA,847.558715383546
1025,2,0.75,0.25,12,2,6,2,1,0,1,"gmm",0.973422222222222,0.100377310674963,0.0093615954158107,5.38102559228797
1026,3,0.75,0.25,12,3,6,3,1,0,1,"kmeans",0.902124705651808,0.105244259380415,0.0145796332406703,63.4382964281582
1027,4,0.75,0.25,12,4,6,4,1,0,1,"pam",0.735083606649043,0.0937154785553216,-0.00124363504776082,228.097194580616
1028,5,0.75,0.25,12,5,6,4,1,0,0,"hc_ward",0.57920925826527,0.0825231485530031,0.00648255851616972,459.428374460296
1029,2,1,0.25,12,2,4,2,1,0,1,"hc_complete",1,0.092241547887262,0.00305284444082659,0.00394518752327456
1030,3,1,0.25,12,3,6,3,1,0,1,"hc_complete",0.973504797530535,0.0978429727703437,-0.00717851096563386,12.9785399736029
1031,4,1,0.25,12,5,6,4,0,0,1,"hc_complete",0.856312534111549,NA,NA,207.859671728817
1032,5,1,0.25,12,5,6,5,1,0,1,"kmeans",0.734776537134996,0.122833350142892,0.0245668518744992,284.79128917356
1033,2,1.25,0.25,12,2,3,2,1,0,1,"kmeans",1,0.109160736078654,0.00134472833851524,0.000000219035963723904
1034,3,1.25,0.25,12,3,6,3,1,0,1,"kmeans",0.986696695759173,0.162610054528166,-0.00478614049620956,7.65765354946318
1035,4,1.25,0.25,12,4,6,4,1,0,1,"hc_ward",0.934771063925659,0.164244134383637,0.023329279277381,63.6100213900332
1036,5,1.25,0.25,12,5,6,5,1,0,1,"kmeans",0.84775984284251,0.142726200348486,-0.0024544262096864,166.464340965744
1037,2,1.5,0.25,12,2,5,2,1,0,1,"gmm",1,0.142256648279928,-0.0392350259913091,0.00551895050471325
1038,3,1.5,0.25,12,3,6,3,1,0,1,"kmeans",0.993325876599186,0.166543607921005,0.0144240332765179,1.86338838484145
1039,4,1.5,0.25,12,4,6,4,1,0,1,"kmeans",0.96041297300613,0.165950620816348,-0.0153779137670907,31.646397973731
1040,5,1.5,0.25,12,5,6,5,1,0,1,"pam",0.887755074807371,0.1321006822797,-0.00135229449554616,119.672115091853
1041,2,0.5,0.1,13,2,4,2,1,0,1,"kmeans",0.947201224637599,0.0544095565022187,-0.0173208134583463,13.5656876593175
1042,3,0.5,0.1,13,3,4,3,1,0,1,"pam",0.792265454283217,0.0375308387167263,0.00508038459637291,122.307087051928
1043,4,0.5,0.1,13,4,6,3,1,0,0,"hc_ward",0.623711114000444,0.0579897670210836,-0.00944338222247639,383.334565851372
1044,5,0.5,0.1,13,5,6,3,1,0,0,"pam",0.500302187323635,0.0758726863122144,-0.00598284676649715,807.512556454199
1045,2,0.75,0.1,13,2,4,2,1,0,1,"hc_average",1,0.0356403567870414,-0.00179848351780998,0.0790188588418428
1046,3,0.75,0.1,13,3,5,3,1,0,1,"kmeans",0.98006721499138,0.0497107316199582,0.00803388039166555,28.1149916022068
1047,4,0.75,0.1,13,4,6,4,1,0,1,"hc_ward",0.7832302943834,0.0559589278497437,0.00462452271827399,172.710785826716
1048,5,0.75,0.1,13,5,6,5,1,0,1,"hc_average",0.763294480313304,0.0833798897619853,0.00443721008211033,366.41924660192
1049,2,1,0.1,13,2,4,2,1,0,1,"gmm",1,0.127700403766245,0.028485589332579,0.0000339403386481627
1050,3,1,0.1,13,3,3,3,1,1,1,"pam",0.986696296296296,0.104979589992955,0.0055520944841726,9.31197050146193
1051,4,1,0.1,13,4,5,4,1,0,1,"kmeans",0.934541654541428,0.0710434583155259,-0.00152288683523406,77.1157581446874
1052,5,1,0.1,13,5,6,5,1,0,1,"hc_ward",0.860409168454485,0.0652722080973261,0.0140841942609459,216.396559847239
1053,2,1.25,0.1,13,2,3,2,1,0,1,"gmm",1,0.098025783053278,-0.00817885705143463,0.0000000199235156966364
1054,3,1.25,0.1,13,3,4,3,1,0,1,"gmm",0.993325876599186,0.0503778897801958,-0.000194629256948167,2.17265072819497
1055,4,1.25,0.1,13,4,6,4,1,0,1,"hc_complete",0.951750358928593,0.076331794251396,-0.0107049710296031,43.2380614864393
1056,5,1.25,0.1,13,5,6,5,1,0,1,"hc_complete",0.895972457808685,0.0958812967245814,-0.00443805878218843,125.048975881527
1057,2,1.5,0.1,13,2,2,2,1,1,1,"kmeans",1,0.0998866791030898,-0.0283640348495063,0.000000000000843832540143239
1058,3,1.5,0.1,13,3,3,3,1,1,1,"hc_ward",1,0.0842295287314078,0.0213745743681438,0.182346784621188
1059,4,1.5,0.1,13,4,4,4,1,1,1,"pam",0.995548106885902,0.0878421032400373,0.00208843734796899,16.8693768729841
1060,5,1.5,0.1,13,5,5,5,1,1,1,"hc_average",0.960502289451747,0.0978040953035043,0.0178035094402263,90.8527984752353
1061,2,0.5,0.15,13,2,6,2,1,0,1,"hc_ward",0.960267120019818,0.0868874588729349,-0.0107669101099279,12.2411779273776
1062,3,0.5,0.15,13,3,3,3,1,1,1,"kmeans",0.80057712060523,0.0627786664264792,0.000441587884803854,138.081883668363
1063,4,0.5,0.15,13,4,5,4,1,0,1,"kmeans",0.572746253578628,0.0779946927637674,0.0040023231990096,428.811232692618
1064,5,0.5,0.15,13,5,6,3,1,0,0,"kmeans",0.443574508137802,0.0660268433349204,0.0111172388439837,812.929538549717
1065,2,0.75,0.15,13,2,4,2,1,0,1,"gmm",1,0.0817398680621132,-0.021641212869266,0.26294955161429
1066,3,0.75,0.15,13,3,6,3,1,0,1,"kmeans",0.884050340998291,0.0702691691514345,0.00204173696052594,51.9499325403821
1067,4,0.75,0.15,13,4,6,4,1,0,1,"hc_ward",0.851012186060941,0.0788698822614678,-0.00251453503736676,154.258640060341
1068,5,0.75,0.15,13,5,6,5,1,0,1,"gmm",0.725355522918923,0.0895300008132564,-0.000252154159258578,385.353044226399
1069,2,1,0.15,13,2,2,2,1,1,1,"hc_complete",1,0.0653453566386694,-0.0289966525708909,0.000418543808137543
1070,3,1,0.15,13,3,4,3,1,0,1,"kmeans",0.986674074681319,0.0601277296187169,-0.000793331693319823,9.6547930451772
1071,4,1,0.15,13,4,5,4,1,0,1,"pam",0.921619697784994,0.0913923884528366,-0.0030542445633002,81.8096336634742
1072,5,1,0.15,13,5,6,5,1,0,1,"gmm",0.84449421344094,0.0812065782716217,-0.00301920571508577,242.791329852199
1073,2,1.25,0.15,13,2,2,2,1,1,1,"kmeans",1,0.0802780208430372,0.00763299634857608,0.0000000247821385844478
1074,3,1.25,0.15,13,3,6,3,1,0,1,"hc_ward",1,0.0779219906507008,0.00312385243232414,2.97883346634469
1075,4,1.25,0.15,13,4,6,4,1,0,1,"hc_complete",0.94320931458844,0.0743344832261696,0.00777184086480918,49.6538417297547
1076,5,1.25,0.15,13,5,6,5,1,0,1,"hc_complete",0.866565850711895,0.0815350648095188,-0.000600566917996304,149.716978917445
1077,2,1.5,0.15,13,2,3,2,1,0,1,"kmeans",1,0.123482269448195,0.0231908076590525,0.000000000617509693897343
1078,3,1.5,0.15,13,3,3,3,1,1,1,"kmeans",1,0.12509304795816,-0.0268793080994278,0.468922466020266
1079,4,1.5,0.15,13,4,5,4,1,0,1,"gmm",0.991125925925926,0.133149000050031,-0.00726945539457001,27.2242984149099
1080,5,1.5,0.15,13,5,5,5,1,1,1,"pam",0.937795558063125,0.122657516479109,0.0247549402704533,94.9718319680897
1081,2,0.5,0.2,13,2,6,2,1,0,1,"gmm",0.921336959679666,0.0522479916548536,-0.0111985724958145,19.238731531739
1082,3,0.5,0.2,13,3,6,3,1,0,1,"kmeans",0.654102063258294,0.10029965990431,0.0162300051708683,203.757258979698
1083,4,0.5,0.2,13,4,6,4,1,0,1,"hc_average",0.50298382598581,0.0904676187975841,0.0168624405881396,444.445182731104
1084,5,0.5,0.2,13,5,6,3,1,0,0,"hc_complete",0.333605198067683,0.123226102600473,0.0000969326497024015,803.787802593714
1085,2,0.75,0.2,13,2,5,2,1,0,1,"kmeans",0.986666519512823,0.0587974926724485,0.011415878915683,1.61314773314957
1086,3,0.75,0.2,13,3,6,3,1,0,1,"pam",0.89019060364954,0.0737230323058334,0.0145590940025634,48.3765778036376
1087,4,0.75,0.2,13,4,6,4,1,0,1,"hc_average",0.798307873655766,0.0522729585760836,-0.0000168271685104908,182.299812583214
1088,5,0.75,0.2,13,5,6,5,1,0,1,"pam",0.62460345038673,0.0599250269733327,-0.0127583442123822,413.965678444229
1089,2,1,0.2,13,2,4,2,1,0,1,"hc_ward",1,0.105221120873179,0.0190389986389089,0.0136963727343968
1090,3,1,0.2,13,3,6,3,1,0,1,"kmeans",0.980067813488498,0.119722836934401,-0.00524978791031353,16.0204815844103
1091,4,1,0.2,13,4,5,4,1,0,1,"gmm",0.930010756509699,0.106083534036129,0.0121851213117147,83.3181722918313
1092,5,1,0.2,13,5,6,5,1,0,1,"hc_complete",0.775061865450266,0.119466163418206,-0.0109421798593263,265.444236969107
1093,2,1.25,0.2,13,2,2,2,1,1,1,"kmeans",1,0.10069464798609,0.0294484475212602,0.00000212565250452324
1094,3,1.25,0.2,13,3,5,3,1,0,1,"hc_average",0.986629632452225,0.112689675793534,0.0164207021128472,5.22395374385861
1095,4,1.25,0.2,13,4,6,4,1,0,1,"hc_ward",0.926038436105431,0.108134851856684,-0.00289790176318266,54.8711826082034
1096,5,1.25,0.2,13,5,6,5,1,0,1,"gmm",0.88523974378331,0.135769008236453,0.0209331169543564,155.433926467113
1097,2,1.5,0.2,13,2,2,2,1,1,1,"kmeans",1,0.13666071450906,-0.0286855726957407,0.0000000713420479739314
1098,3,1.5,0.2,13,3,4,3,1,0,1,"hc_ward",0.986696296296296,0.145396646781513,-0.0370472454791636,3.93696318588075
1099,4,1.5,0.2,13,4,6,4,1,0,1,"hc_ward",0.956196081778741,0.0965744901133075,0.0215662948463783,26.9182541985109
1100,5,1.5,0.2,13,5,6,5,1,0,1,"hc_average",0.934669647842058,0.108334635090728,-0.00901619712438276,102.251523507545
1101,2,0.5,0.25,13,3,6,2,0,0,1,"kmeans",0.883209552738855,NA,NA,116.366154068851
1102,3,0.5,0.25,13,3,6,3,1,0,1,"pam",0.635797060051155,0.0610929782345038,0.00228444284488525,180.297905092879
1103,4,0.5,0.25,13,5,6,3,0,0,0,"pam",0.48394972197109,NA,NA,550.001936436311
1104,5,0.5,0.25,13,6,6,3,0,0,0,"kmeans",0.283481952817856,NA,NA,802.604895393514
1105,2,0.75,0.25,13,2,6,2,1,0,1,"kmeans",0.973422222222222,0.0641497954389803,0.00411008736806432,1.17858049132833
1106,3,0.75,0.25,13,3,6,3,1,0,1,"pam",0.835542621258004,0.115801617242488,0.0219778482586068,68.9185306485824
1107,4,0.75,0.25,13,4,6,4,1,0,1,"pam",0.707733713053645,0.112455894280429,0.0256339053474897,220.162272379193
1108,5,0.75,0.25,13,5,6,4,1,0,0,"hc_ward",0.594356187346383,0.0982047010569122,0.00536537365359418,474.514831622211
1109,2,1,0.25,13,2,4,2,1,0,1,"hc_complete",1,0.0883601501821202,-0.00773545097777423,0.000118999396971291
1110,3,1,0.25,13,3,6,3,1,0,1,"kmeans",0.966875665279551,0.110464276360464,0.00776082655254171,21.9019101962948
1111,4,1,0.25,13,4,6,4,1,0,1,"hc_average",0.859361751765429,0.0853845368233978,0.0227933993969353,100.948812273655
1112,5,1,0.25,13,5,6,5,1,0,1,"pam",0.788714808138985,0.0896930011947786,0.00288788711319812,258.55104174869
1113,2,1.25,0.25,13,2,4,2,1,0,1,"hc_complete",1,0.118756490164297,0.0111850828752482,0.000027433227482949
1114,3,1.25,0.25,13,3,6,3,1,0,1,"gmm",0.986696296296296,0.13470371025947,-0.01198719364652,5.81690952503842
1115,4,1.25,0.25,13,5,6,4,0,0,1,"hc_ward",0.935045870501632,NA,NA,129.273994452233
1116,5,1.25,0.25,13,5,6,5,1,0,1,"hc_ward",0.820293350606775,0.124553619932478,-0.00101051567333219,182.456119786771
1117,2,1.5,0.25,13,2,6,2,1,0,1,"hc_complete",1,0.160312675448937,-0.00503813841814882,0.00000056047219627476
1118,3,1.5,0.25,13,3,4,3,1,0,1,"hc_ward",1,0.121518265028801,-0.0422439208580887,0.264369597030565
1119,4,1.5,0.25,13,4,6,4,1,0,1,"hc_average",0.964804651394461,0.149887408676915,-0.00749927034774538,38.6801119410181
1120,5,1.5,0.25,13,5,6,5,1,0,1,"pam",0.894162394893903,0.157909521888069,0.0120399630877961,119.244974353527
1121,2,0.5,0.1,14,2,3,2,1,0,1,"kmeans",0.97342223807771,0.0894549015828907,0.0120967634434333,14.3377102297225
1122,3,0.5,0.1,14,3,6,3,1,0,1,"kmeans",0.846522812646396,0.0564300540587544,-0.0119048825613347,143.749460356058
1123,4,0.5,0.1,14,4,5,3,1,0,0,"hc_complete",0.658189089808027,0.0574131991031967,0.00373000823308443,445.053478075979
1124,5,0.5,0.1,14,5,6,3,1,0,0,"hc_ward",0.489321589871076,0.0783782678680447,0.00351817817918323,770.053678011137
1125,2,0.75,0.1,14,2,2,2,1,1,1,"kmeans",1,0.0685861540226975,0.018602958215423,0.704494574405558
1126,3,0.75,0.1,14,3,6,3,1,0,1,"hc_average",0.986674274747877,0.0357696585301608,-0.00558907037708026,21.253638183935
1127,4,0.75,0.1,14,4,6,4,1,0,1,"gmm",0.836357752935266,0.0772131621444199,0.00562380976267765,180.881009930014
1128,5,0.75,0.1,14,5,6,5,1,0,1,"gmm",0.717936030934449,0.0801558049980619,0.00925002920881161,419.233784331864
1129,2,1,0.1,14,2,3,2,1,0,1,"gmm",1,0.0467261972259968,-0.00523015924725532,0.0116392630942829
1130,3,1,0.1,14,3,5,3,1,0,1,"pam",0.986696296296296,0.0652058043548377,0.00795750809105418,10.4929573051708
1131,4,1,0.1,14,4,5,4,1,0,1,"hc_ward",0.934479165462787,0.0825596448394122,-0.017194033742905,68.9906964996066
1132,5,1,0.1,14,5,6,5,1,0,1,"pam",0.844513610302,0.0768777755772455,-0.00183663898609058,221.606638149953
1133,2,1.25,0.1,14,2,3,2,1,0,1,"kmeans",1,0.111460960777661,-0.0305879511302976,0.000000285172566829568
1134,3,1.25,0.1,14,3,5,3,1,0,1,"hc_ward",1,0.0787677652266521,-0.0121102048010015,2.0278890896432
1135,4,1.25,0.1,14,4,4,4,1,1,1,"kmeans",0.973544134272995,0.0432575095483156,0.00765676483252842,34.8058185330753
1136,5,1.25,0.1,14,5,6,5,1,0,1,"pam",0.912297747455424,0.102267731151699,0.00576661634343029,139.009872137737
1137,2,1.5,0.1,14,2,3,2,1,0,1,"kmeans",1,0.116053671125093,0.0348630583538857,0.000000000000626925670032738
1138,3,1.5,0.1,14,3,4,3,1,0,1,"gmm",1,0.0956648654481035,-0.00395979316054992,1.61558958025374
1139,4,1.5,0.1,14,4,6,4,1,0,1,"hc_complete",0.982373077088261,0.0831840106526208,0.0132182520488347,14.8016375102758
1140,5,1.5,0.1,14,5,5,5,1,1,1,"hc_complete",0.937831868106632,0.15999704574575,-0.0170120721416818,82.9693605856272
1141,2,0.5,0.15,14,2,4,2,1,0,1,"kmeans",0.973422222222222,0.0442156438392911,0.0107967472759867,19.0567439134825
1142,3,0.5,0.15,14,3,6,3,1,0,1,"hc_average",0.714166046424205,0.043668221978775,-0.00128321935212423,166.947656657129
1143,4,0.5,0.15,14,4,6,4,1,0,1,"pam",0.623745896631192,0.0693612214481992,0.00413094317534727,380.666664138287
1144,5,0.5,0.15,14,5,6,3,1,0,0,"hc_complete",0.421402319215548,0.0822546398374525,0.00360836459934055,699.384120644026
1145,2,0.75,0.15,14,2,5,2,1,0,1,"gmm",1,0.0548848223558652,0.00444154159367444,0.139846264967664
1146,3,0.75,0.15,14,3,6,3,1,0,1,"hc_average",0.947522981461069,0.0726072673294689,0.00885646408357439,41.4227095639814
1147,4,0.75,0.15,14,4,6,4,1,0,1,"gmm",0.816508910322394,0.0593632953851016,0.00147018697530535,171.838965137276
1148,5,0.75,0.15,14,5,6,5,1,0,1,"pam",0.685449393508349,0.0692429122827949,0.0127100030612639,404.099918470718
1149,2,1,0.15,14,2,2,2,1,1,1,"kmeans",1,0.102903102144679,0.0122642251193301,0.134376565669068
1150,3,1,0.15,14,3,5,3,1,0,1,"gmm",0.986696695759173,0.0764378259649476,-0.00526213815532455,12.8193143916859
1151,4,1,0.15,14,4,4,4,1,1,1,"pam",0.92140210915732,0.1047152900175,-0.0147963189348409,84.6004340590148
1152,5,1,0.15,14,5,6,5,1,0,1,"gmm",0.841977231400041,0.0805387852371907,0.000458435376813222,217.705629652066
1153,2,1.25,0.15,14,2,5,2,1,0,1,"kmeans",1,0.103597641722635,-0.00257730173091451,0.00000000717596726668489
1154,3,1.25,0.15,14,3,4,3,1,0,1,"pam",0.993325876599186,0.0626880044772135,-0.0310393970480012,1.83702560152552
1155,4,1.25,0.15,14,4,5,4,1,0,1,"pam",0.943240785217013,0.0688662206189098,-0.0184246123882235,35.3717088572148
1156,5,1.25,0.15,14,5,6,5,1,0,1,"hc_ward",0.893390840756765,0.07660339553032,0.00790720320403758,132.151711684623
1157,2,1.5,0.15,14,2,2,2,1,1,1,"kmeans",1,0.0623178163238369,0.0483731437948721,0.000000000259954885832255
1158,3,1.5,0.15,14,3,3,3,1,1,1,"kmeans",0.993325876599186,0.0758517006276238,-0.0235987719575556,1.98412561201203
1159,4,1.5,0.15,14,4,6,4,1,0,1,"gmm",0.96483232269161,0.127105027979792,0.0126931887717084,15.6866284245659
1160,5,1.5,0.15,14,5,5,5,1,1,1,"hc_average",0.941129885512476,0.114455008848176,0.00528582850388732,96.7705890113498
1161,2,0.5,0.2,14,2,5,2,1,0,1,"kmeans",0.986666519512823,0.07940957207357,0.00751912712839295,14.4278344147623
1162,3,0.5,0.2,14,3,6,3,1,0,1,"hc_complete",0.712092481546984,0.100542855537485,0.00855961333615909,169.168479581977
1163,4,0.5,0.2,14,4,6,3,1,0,0,"kmeans",0.558090035972947,0.0862067098261711,0.0119092178045106,462.170125996501
1164,5,0.5,0.2,14,5,6,3,1,0,0,"hc_ward",0.394240887539375,0.120199060628968,-0.00617650206827736,710.734191780709
1165,2,0.75,0.2,14,2,6,2,1,0,1,"hc_average",0.986666519512823,0.0740503419145068,-0.0309617293909896,1.36821548994979
1166,3,0.75,0.2,14,3,5,3,1,0,1,"kmeans",0.934417838676285,0.0741174069638481,-0.00231748283010783,51.3653824373149
1167,4,0.75,0.2,14,4,6,4,1,0,1,"pam",0.807370756420161,0.0768359271793875,0.000525901879410881,193.890599626675
1168,5,0.75,0.2,14,5,6,4,1,0,0,"hc_average",0.641419005701012,0.0840166759667191,0.0141042819721355,446.072126191452
1169,2,1,0.2,14,2,4,2,1,0,1,"hc_complete",1,0.0978945242657546,0.0120758484607744,0.00214968895888496
1170,3,1,0.2,14,3,6,3,1,0,1,"kmeans",0.986674074681319,0.0864203007718889,-0.00638823615951949,19.1544483673163
1171,4,1,0.2,14,4,6,4,1,0,1,"pam",0.912981475195971,0.0971296762715566,-0.0141397064818531,87.5354855705282
1172,5,1,0.2,14,5,6,5,1,0,1,"hc_ward",0.749304793244572,0.0858658158853973,-0.012314783336134,261.411665008206
1173,2,1.25,0.2,14,2,5,2,1,0,1,"gmm",1,0.121043491222489,0.00019405968932239,0.00000278374566637175
1174,3,1.25,0.2,14,3,5,3,1,0,1,"hc_ward",1,0.0735581052813513,-0.00727647846786747,4.26415480967524
1175,4,1.25,0.2,14,4,5,4,1,0,1,"hc_ward",0.947498098468504,0.071097647225285,0.00417360672712533,48.2776937546415
1176,5,1.25,0.2,14,5,6,5,1,0,1,"kmeans",0.877315295054586,0.114216675320499,0.0134357884892772,158.073510797254
1177,2,1.5,0.2,14,2,2,2,1,1,1,"kmeans",1,0.113207925777347,-0.0115884091934231,0.0000000000545687577020118
1178,3,1.5,0.2,14,3,5,3,1,0,1,"kmeans",1,0.116053217674162,-0.0249720280441846,0.571291683380425
1179,4,1.5,0.2,14,4,6,4,1,0,1,"pam",0.969076364804856,0.123220288240778,0.0319851120016308,20.3405821577186
1180,5,1.5,0.2,14,5,6,5,1,0,1,"kmeans",0.919095024508509,0.120111743137736,0.0188835168547944,109.134040427013
1181,2,0.5,0.25,14,2,6,2,1,0,1,"gmm",0.883209413391586,0.0922319868581459,0.00445443391426345,28.6571707395168
1182,3,0.5,0.25,14,3,6,3,1,0,1,"pam",0.645758938866866,0.0563329386565847,0.00899371582466332,178.145188285605
1183,4,0.5,0.25,14,4,6,3,1,0,0,"hc_ward",0.490683519462306,0.100865211898297,0.00552860307363705,411.774803114898
1184,5,0.5,0.25,14,4,6,3,0,0,0,"hc_complete",0.332524778877279,NA,NA,595.34673879371
1185,2,0.75,0.25,14,4,6,2,0,0,1,"hc_complete",1,NA,NA,116.849951365614
1186,3,0.75,0.25,14,3,6,3,1,0,1,"kmeans",0.896700553523583,0.110295857548959,0.00695083260980945,61.9199044879768
1187,4,0.75,0.25,14,4,6,4,1,0,1,"hc_average",0.738188548063306,0.122230954482156,0.0127179641805686,219.1158620218
1188,5,0.75,0.25,14,6,6,4,0,0,0,"hc_complete",0.582834832965242,NA,NA,619.159953312961
1189,2,1,0.25,14,2,6,2,1,0,1,"hc_average",1,0.114444160989926,0.0389438725712108,0.0141868440024204
1190,3,1,0.25,14,4,6,3,0,0,1,"hc_average",0.960402581001296,NA,NA,71.6297899224334
1191,4,1,0.25,14,4,6,4,1,0,1,"pam",0.846495354934173,0.122462965665807,0.00275413983572307,131.737761867411
1192,5,1,0.25,14,5,6,5,1,0,1,"pam",0.754786422759189,0.118472389983953,0.00503168229787879,302.349741917428
1193,2,1.25,0.25,14,2,6,2,1,0,1,"hc_complete",1,0.110912393447629,-0.00847721657144195,0.00000746298074201536
1194,3,1.25,0.25,14,3,6,3,1,0,1,"kmeans",0.993325876599186,0.127511285630969,0.0190390782064882,5.11805168793418
1195,4,1.25,0.25,14,4,6,4,1,0,1,"hc_complete",0.951718417246665,0.132884530375315,0.00523459493241837,53.4387837758763
1196,5,1.25,0.25,14,5,6,5,1,0,1,"hc_average",0.845058974218598,0.157815878897079,-0.00770200386942251,180.318924541212
1197,2,1.5,0.25,14,2,5,2,1,0,1,"kmeans",1,0.136609829708171,-0.000527789266777788,0.00000000174551449969141
1198,3,1.5,0.25,14,3,6,3,1,0,1,"hc_ward",1,0.165215150144221,0.0409277286573395,0.502360438930945
1199,4,1.5,0.25,14,4,6,4,1,0,1,"hc_ward",0.969104755144636,0.155932848963168,-0.0073226194351159,35.2614986731739
1200,5,1.5,0.25,14,5,6,5,1,0,1,"hc_average",0.879353780074886,0.145273970003534,0.00442816360649308,110.796054861281
1201,2,0.5,0.1,15,2,3,2,1,0,1,"gmm",0.960267120019818,0.057660975847225,-0.0176389784647954,18.9563790320849
1202,3,0.5,0.1,15,3,5,3,1,0,1,"kmeans",0.753038595859258,0.0523600280682261,0.0128183304845648,143.530005434328
1203,4,0.5,0.1,15,4,6,4,1,0,1,"hc_ward",0.624184211377381,0.0869573434745891,0.00613948130168626,422.992796765187
1204,5,0.5,0.1,15,5,6,3,1,0,0,"kmeans",0.528581800383625,0.0581833024095406,-0.0161080443688189,799.586198414898
1205,2,0.75,0.1,15,2,2,2,1,1,1,"kmeans",0.986666519512823,0.0376633344728661,-0.00657570753644587,1.48273392055331
1206,3,0.75,0.1,15,3,5,3,1,0,1,"pam",0.941140900525386,0.0676048660418154,-0.0104681877460933,34.4075822357203
1207,4,0.75,0.1,15,4,5,4,1,0,1,"hc_complete",0.843630927832849,0.0625758218757699,-0.0168732936685736,156.07098631842
1208,5,0.75,0.1,15,5,6,5,1,0,1,"hc_average",0.726974357458042,0.0729541509067308,0.00748472678584119,413.821645343154
1209,2,1,0.1,15,2,3,2,1,0,1,"hc_complete",1,0.0340557015860764,0.0016456556934029,0.000223053382307944
1210,3,1,0.1,15,3,6,3,1,0,1,"kmeans",0.973506786287771,0.068199608883477,-0.028163901800745,7.93256060122738
1211,4,1,0.1,15,4,6,4,1,0,1,"hc_ward",0.969105679740293,0.0630066753005643,0.0183304814897885,76.4907014735244
1212,5,1,0.1,15,5,6,5,1,0,1,"hc_ward",0.84883514657927,0.066390304185207,0.00318573695406851,199.9029818393
1213,2,1.25,0.1,15,2,2,2,1,1,1,"pam",1,0.0953700777416114,0.0204347301301133,0.0000000265721273375338
1214,3,1.25,0.1,15,3,3,3,1,1,1,"kmeans",0.993325876599186,0.0669542384999542,-0.00495179503148305,3.21882162020103
1215,4,1.25,0.1,15,4,6,4,1,0,1,"gmm",0.968961435873603,0.102079722197084,0.00404388464748111,33.8982949870677
1216,5,1.25,0.1,15,5,5,5,1,1,1,"pam",0.903644232324987,0.0882874452116748,0.00607036836741832,142.651122909971
1217,2,1.5,0.1,15,2,2,2,1,1,1,"kmeans",1,0.0830058565805945,-0.00743576394417976,0.0000000000465875834169008
1218,3,1.5,0.1,15,3,5,3,1,0,1,"pam",0.993325876599186,0.0707344784245994,0.0116420360890255,1.62248922164253
1219,4,1.5,0.1,15,4,4,4,1,1,1,"hc_ward",0.98673365630548,0.073070507664835,-0.0171112810123839,19.0088135635475
1220,5,1.5,0.1,15,5,6,5,1,0,1,"pam",0.91911301237929,0.0806480143197488,0.00589570664480022,107.271315576115
1221,2,0.5,0.15,15,2,4,2,1,0,1,"pam",1,0.0392748863854122,0.0161634630972644,17.1674428163635
1222,3,0.5,0.15,15,3,6,3,1,0,1,"kmeans",0.827983826385722,0.0393547062262143,0.00194837247531348,135.897052645149
1223,4,0.5,0.15,15,4,6,4,1,0,1,"hc_complete",0.595487107512442,0.0480868672766527,0.00427789986703818,401.651330778465
1224,5,0.5,0.15,15,4,6,3,0,0,0,"pam",0.446265162499347,NA,NA,583.807583970831
1225,2,0.75,0.15,15,2,3,2,1,0,1,"kmeans",1,0.0785359745679927,0.0048879678828979,1.08035652308027
1226,3,0.75,0.15,15,3,6,3,1,0,1,"kmeans",0.960427575474489,0.0420341660547788,0.00383518751209793,36.743361510226
1227,4,0.75,0.15,15,4,6,4,1,0,1,"gmm",0.826206984854885,0.093021386297222,0.0172470112046439,218.511916207038
1228,5,0.75,0.15,15,5,6,5,1,0,1,"kmeans",0.682961361350891,0.102742308431712,-0.000254622756655185,398.320964015248
1229,2,1,0.15,15,2,2,2,1,1,1,"pam",1,0.0544281580280265,-0.00865450629177702,0.00346552371547803
1230,3,1,0.15,15,3,5,3,1,0,1,"kmeans",0.993325876599186,0.0772510546638441,-0.0196777052011778,8.4631453630851
1231,4,1,0.15,15,4,5,4,1,0,1,"hc_average",0.921896124600173,0.0650239461733271,-0.0132021839491746,72.3295547403501
1232,5,1,0.15,15,5,6,5,1,0,1,"pam",0.81905238056948,0.0738470644917557,-0.00268788349689562,234.824386879619
1233,2,1.25,0.15,15,2,3,2,1,0,1,"pam",1,0.0967888437416276,-0.00278016301625013,0.000034957049453771
1234,3,1.25,0.15,15,3,5,3,1,0,1,"pam",0.993325876599186,0.0867506306023966,0.00866392800647413,4.41304529686823
1235,4,1.25,0.15,15,4,6,4,1,0,1,"pam",0.96050761877726,0.0938458802350183,0.00310797253001145,29.6677973428758
1236,5,1.25,0.15,15,5,6,5,1,0,1,"pam",0.902858874899512,0.0775881517698541,0.00203963260453536,134.225248258863
1237,2,1.5,0.15,15,2,2,2,1,1,1,"kmeans",1,0.0850194238254209,0.00726655501467013,0.000000000186764159128697
1238,3,1.5,0.15,15,3,3,3,1,1,1,"kmeans",1,0.104648204243395,0.0130168276388475,0.664324070945603
1239,4,1.5,0.15,15,4,6,4,1,0,1,"hc_ward",1,0.116073753349115,0.00114458543558023,10.6347027288713
1240,5,1.5,0.15,15,5,6,5,1,0,1,"kmeans",0.928579630336013,0.104845882007732,0.0200041859026289,97.691849850182
1241,2,0.5,0.2,15,2,6,2,1,0,1,"gmm",0.921337100463295,0.0980716636776104,-0.018600948227083,21.0279106986846
1242,3,0.5,0.2,15,3,6,3,1,0,1,"pam",0.694420751501975,0.0701455399795259,-0.0239509768768494,171.653040343025
1243,4,0.5,0.2,15,4,6,4,1,0,1,"kmeans",0.563717569065463,0.103477410282988,0.0077181200384567,402.157110052541
1244,5,0.5,0.2,15,5,6,3,1,0,0,"hc_average",0.393357005374844,0.0678868836285852,-0.0137918088689498,713.209497111601
1245,2,0.75,0.2,15,2,5,2,1,0,1,"kmeans",1,0.0499470272972433,-0.00134060632239068,1.44032051022196
1246,3,0.75,0.2,15,3,6,3,1,0,1,"pam",0.934442788835031,0.0783122515148949,0.00306475992069541,45.1954037027795
1247,4,0.75,0.2,15,4,6,4,1,0,1,"hc_ward",0.773642451058087,0.104674465265759,0.00066689099655953,225.475425819277
1248,5,0.75,0.2,15,5,6,4,1,0,0,"gmm",0.590450035392466,0.100804367137549,0.0133502860205162,442.980004864152
1249,2,1,0.2,15,2,5,2,1,0,1,"hc_complete",1,0.0702073712800317,-0.00449413273944333,0.00555322493891803
1250,3,1,0.2,15,3,5,3,1,0,1,"hc_ward",0.993325876599186,0.0812677988524531,0.00706969664719476,16.6641398361637
1251,4,1,0.2,15,4,6,4,1,0,1,"hc_ward",0.917327192528411,0.126688312048814,0.000786999400467636,115.458235451419
1252,5,1,0.2,15,5,6,5,1,0,1,"hc_ward",0.838233280397344,0.108933461031233,-0.00343545149252421,252.22519823376
1253,2,1.25,0.2,15,2,4,2,1,0,1,"kmeans",1,0.130849438062086,0.0251166590028489,0.000493376399480169
1254,3,1.25,0.2,15,3,5,3,1,0,1,"hc_ward",1,0.078341953413376,-0.00120847139087598,1.03075691322112
1255,4,1.25,0.2,15,4,6,4,1,0,1,"kmeans",0.97803831992209,0.0991782132086992,-0.0183742624359798,34.7747625838776
1256,5,1.25,0.2,15,5,6,5,1,0,1,"kmeans",0.8209007152261,0.122928473879457,0.0146084424628433,186.471179965786
1257,2,1.5,0.2,15,2,5,2,1,0,1,"hc_complete",1,0.106268338738345,0.0203088993160575,0.00000158790518351286
1258,3,1.5,0.2,15,3,5,3,1,0,1,"hc_ward",0.993325876599186,0.133889217599813,-0.0126655139439647,1.58828052928655
1259,4,1.5,0.2,15,4,6,4,1,0,1,"hc_ward",0.964760250885863,0.127152576025677,0.00847404015140175,29.7508732340639
1260,5,1.5,0.2,15,5,6,5,1,0,1,"hc_complete",0.903257135590609,0.0980256845199993,0.00295114317084327,112.315977818327
1261,2,0.5,0.25,15,2,5,2,1,0,1,"hc_ward",0.934224547647885,0.0706965299522398,-0.00306422400680097,16.8881960413565
1262,3,0.5,0.25,15,3,6,3,1,0,1,"kmeans",0.649392968744255,0.0971118043394499,0.00438103095463617,177.801328420893
1263,4,0.5,0.25,15,5,6,3,0,0,0,"gmm",0.466028385306024,NA,NA,534.861002466502
1264,5,0.5,0.25,15,5,6,3,1,0,0,"hc_ward",0.291488438072997,0.162303851191389,-0.00412707016336102,758.641522684111
1265,2,0.75,0.25,15,2,6,2,1,0,1,"kmeans",0.986666519512823,0.0869224669620675,0.00880796074461771,2.0536752908665
1266,3,0.75,0.25,15,3,6,3,1,0,1,"pam",0.940692710226312,0.0813338511547016,0.0173628869780469,60.014712335856
1267,4,0.75,0.25,15,4,6,4,1,0,1,"kmeans",0.742384955380847,0.0764646989874739,-0.00144678561858427,222.384795298167
1268,5,0.75,0.25,15,5,6,5,1,0,1,"gmm",0.582121771260265,0.105562308707368,0.02015659908277,470.244807341843
1269,2,1,0.25,15,2,6,2,1,0,1,"hc_ward",1,0.0913341870005952,-0.00480875453569409,0.564079196784788
1270,3,1,0.25,15,3,6,3,1,0,1,"kmeans",0.980067813488498,0.111343207198051,-0.0107569708411289,11.9935755958822
1271,4,1,0.25,15,4,6,4,1,0,1,"kmeans",0.828075732314792,0.15063291982923,-0.00109502422005751,114.569948984653
1272,5,1,0.25,15,6,6,5,0,0,1,"kmeans",0.752092622547907,NA,NA,374.99107939906
1273,2,1.25,0.25,15,2,4,2,1,0,1,"kmeans",1,0.129396179513307,-0.00110313075818653,0.00000134403115096603
1274,3,1.25,0.25,15,3,6,3,1,0,1,"kmeans",0.993325876599186,0.126991988874587,-0.0324321375451941,6.8796277029013
1275,4,1.25,0.25,15,4,6,4,1,0,1,"pam",0.956066352483682,0.118942648088366,0.0164768237591926,48.0488991258403
1276,5,1.25,0.25,15,5,6,5,1,0,1,"hc_average",0.851130620587073,0.140278149866904,0.0289256254448546,168.410255038092
1277,2,1.5,0.25,15,2,6,2,1,0,1,"kmeans",1,0.163308173162094,-0.0512083236533429,0.0000000459805919297273
1278,3,1.5,0.25,15,3,6,3,1,0,1,"kmeans",1,0.173934273741332,-0.0372896994381962,1.85313369032938
1279,4,1.5,0.25,15,4,6,4,1,0,1,"hc_ward",0.96904612442413,0.130593663640129,0.02293883424223,23.8297602813806
1280,5,1.5,0.25,15,5,6,5,1,0,1,"pam",0.900100997848605,0.138634380049061,-0.00308250114708654,111.612379794164
1281,2,0.5,0.1,16,2,2,2,1,1,1,"hc_complete",0.986666519512823,0.059407075447229,0.0124198270727372,15.6337184950483
1282,3,0.5,0.1,16,3,3,3,1,1,1,"kmeans",0.864257140924539,0.0371880757257063,-0.00551628374116348,119.180476184046
1283,4,0.5,0.1,16,4,5,4,1,0,1,"kmeans",0.581319419399895,0.0625577801381954,-0.00142456485610162,419.670174587468
1284,5,0.5,0.1,16,5,6,3,1,0,0,"hc_average",0.49071323371088,0.0759097155395267,-0.0122179814531706,807.983680925409
1285,2,0.75,0.1,16,2,2,2,1,1,1,"kmeans",1,0.0419970929947471,-0.0119325175128141,1.65983535959501
1286,3,0.75,0.1,16,3,3,3,1,1,1,"kmeans",0.95395354596724,0.0678793136577739,-0.00587395574041493,34.4808291123649
1287,4,0.75,0.1,16,4,5,4,1,0,1,"pam",0.851288838056566,0.0771997109526379,0.00590736446950415,173.42643740281
1288,5,0.75,0.1,16,5,6,5,1,0,1,"hc_complete",0.752249522787603,0.059317958728588,-0.00610178707322919,380.897153474658
1289,2,1,0.1,16,2,3,2,1,0,1,"hc_complete",1,0.0405192415039142,0.010739194003403,0.00187702498921569
1290,3,1,0.1,16,3,4,3,1,0,1,"kmeans",0.980066915729343,0.0549382459274874,-0.00119536064513451,9.04788712876452
1291,4,1,0.1,16,4,5,4,1,0,1,"hc_average",0.926022943236671,0.092892415797779,-0.0311591814270207,81.4171295894609
1292,5,1,0.1,16,5,5,5,1,1,1,"kmeans",0.87534710179266,0.0885514868209531,-0.00674326564185075,196.905205223203
1293,2,1.25,0.1,16,2,3,2,1,0,1,"hc_complete",1,0.0577100538882207,-0.0218974850037955,0.00000149681029139689
1294,3,1.25,0.1,16,3,5,3,1,0,1,"kmeans",1,0.0590392768592751,-0.0073976820245855,2.46143273114727
1295,4,1.25,0.1,16,4,5,4,1,0,1,"pam",0.982282956209342,0.0859633751418653,-0.0147840543221201,23.9086154906851
1296,5,1.25,0.1,16,5,6,5,1,0,1,"hc_ward",0.887959638057364,0.0824088190699217,0.00170141352371407,143.785970097668
1297,2,1.5,0.1,16,2,2,2,1,1,1,"kmeans",1,0.0917840586091505,0.0112886459831079,0.0000000000515014102543802
1298,3,1.5,0.1,16,3,5,3,1,0,1,"kmeans",1,0.0932923114205422,-0.012330539492252,0.253317526533766
1299,4,1.5,0.1,16,4,6,4,1,0,1,"kmeans",0.991096280388745,0.0941241723013581,0.0146504426511762,24.0244432881566
1300,5,1.5,0.1,16,5,6,5,1,0,1,"pam",0.931484740099886,0.101828401936931,-0.00574998561929331,84.8715667393865
1301,2,0.5,0.15,16,2,3,2,1,0,1,"pam",0.921336959679666,0.0528645767461081,-0.000959979623800011,21.3175267950218
1302,3,0.5,0.15,16,3,6,3,1,0,1,"pam",0.786709189464523,0.049331159495699,0.0116649957027997,152.194859004643
1303,4,0.5,0.15,16,4,6,4,1,0,1,"pam",0.640506537350955,0.0689292644778366,0.0271761869161443,415.902398210694
1304,5,0.5,0.15,16,4,6,3,0,0,0,"hc_average",0.457930413702413,NA,NA,598.813499527486
1305,2,0.75,0.15,16,2,4,2,1,0,1,"kmeans",1,0.0765492330154656,-0.00630118219051269,0.159755293157067
1306,3,0.75,0.15,16,3,4,3,1,0,1,"kmeans",0.947599778679381,0.0463998374892653,0.00546010478364022,28.3586246645525
1307,4,0.75,0.15,16,4,6,4,1,0,1,"hc_complete",0.772838815601551,0.0592631592905255,-0.00154335511648451,182.333527330755
1308,5,0.75,0.15,16,5,6,5,1,0,1,"hc_complete",0.729368996527153,0.0578576476388218,0.00131418585847277,410.176432497327
1309,2,1,0.15,16,2,4,2,1,0,1,"hc_complete",1,0.0331647693903372,-0.0131459825303461,0.0000429294660583339
1310,3,1,0.15,16,3,4,3,1,0,1,"hc_ward",0.993325876599186,0.0887580426984346,-0.0103582729529548,12.0326630263339
1311,4,1,0.15,16,4,5,4,1,0,1,"hc_average",0.921614551907834,0.111611631656209,0.000573927222728342,66.8946079745561
1312,5,1,0.15,16,5,6,5,1,0,1,"hc_complete",0.832099820232091,0.0999234808774749,0.00642372717532334,249.721091892862
1313,2,1.25,0.15,16,2,4,2,1,0,1,"hc_complete",1,0.0786627555884495,-0.0169886946547715,0.000000061361892001431
1314,3,1.25,0.15,16,3,3,3,1,1,1,"kmeans",0.993325876599186,0.066624276181946,-0.00040897788222354,3.5025007994827
1315,4,1.25,0.15,16,4,4,4,1,1,1,"kmeans",0.969165235056456,0.124767358342895,-0.0105156607056003,39.181113360268
1316,5,1.25,0.15,16,5,6,5,1,0,1,"pam",0.896672972904802,0.0899507871758664,0.00177499826195911,164.076589924113
1317,2,1.5,0.15,16,2,2,2,1,1,1,"gmm",1,0.0667681234551723,-0.00791390600330287,0.000000000136237268804249
1318,3,1.5,0.15,16,3,5,3,1,0,1,"kmeans",1,0.135452378060535,0.00961340521780896,0.601376496092866
1319,4,1.5,0.15,16,4,6,4,1,0,1,"kmeans",0.964792133952803,0.0843634692776829,-0.0077773329591734,13.989689623223
1320,5,1.5,0.15,16,5,6,5,1,0,1,"gmm",0.92816610541314,0.103671956336175,0.0044621812047632,111.731018383774
1321,2,0.5,0.2,16,2,6,2,1,0,1,"pam",0.934224547647885,0.046231195360976,0.00974157906567582,10.704227930165
1322,3,0.5,0.2,16,3,5,3,1,0,1,"pam",0.761428379215517,0.0549526055113012,-0.00465979961146145,178.513029492857
1323,4,0.5,0.2,16,4,6,3,1,0,0,"kmeans",0.522752597813034,0.107686311869911,0.0139966215971108,450.331102418107
1324,5,0.5,0.2,16,4,6,3,0,0,0,"kmeans",0.305746753157944,NA,NA,582.643850411899
1325,2,0.75,0.2,16,2,5,2,1,0,1,"kmeans",1,0.0797854386875117,-0.0232359122804638,0.735304934531157
1326,3,0.75,0.2,16,3,6,3,1,0,1,"gmm",0.928434344385678,0.0958367940942644,-0.00190594362865896,39.093814388716
1327,4,0.75,0.2,16,4,6,4,1,0,1,"hc_ward",0.81472310287853,0.0675799142216084,-0.014239790787697,204.00653494171
1328,5,0.75,0.2,16,5,6,5,1,0,1,"hc_complete",0.616773804387364,0.098927879901034,-0.0180253585880481,415.962360880754
1329,2,1,0.2,16,2,4,2,1,0,1,"pam",1,0.0642824488653402,0.0017088012084444,0.0045138444522903
1330,3,1,0.2,16,3,6,3,1,0,1,"hc_ward",1,0.109373343657629,0.00110410852641865,14.3690599398633
1331,4,1,0.2,16,4,6,4,1,0,1,"hc_ward",0.921935533119675,0.0838383542560056,-0.0137251068466041,92.0567115884499
1332,5,1,0.2,16,5,6,5,1,0,1,"pam",0.803171644112456,0.120860626793263,-0.00151302375198215,247.703934573304
1333,2,1.25,0.2,16,2,4,2,1,0,1,"kmeans",1,0.102782295329896,-0.0132176798585663,0.00270465826248847
1334,3,1.25,0.2,16,3,5,3,1,0,1,"pam",0.986696695759173,0.100022103842039,-0.030620162415734,4.53092798592514
1335,4,1.25,0.2,16,4,6,4,1,0,1,"pam",0.947430691118709,0.124242778236125,0.0026091674679651,46.616994452276
1336,5,1.25,0.2,16,5,6,5,1,0,1,"hc_ward",0.860126611711581,0.0864204165993794,-0.0102178077429293,159.826222472748
1337,2,1.5,0.2,16,2,3,2,1,0,1,"kmeans",1,0.087108402330791,-0.0162961309513949,0.000000000932360112285074
1338,3,1.5,0.2,16,3,4,3,1,0,1,"hc_ward",1,0.13274178482356,0.00237943713795234,0.434239667779226
1339,4,1.5,0.2,16,4,6,4,1,0,1,"hc_complete",0.986674498008464,0.122255251304162,0.0100096603459166,31.6571617652683
1340,5,1.5,0.2,16,5,6,5,1,0,1,"hc_complete",0.944121292018462,0.13524101223551,0.00993392682386822,101.012326841064
1341,2,0.5,0.25,16,2,6,2,1,0,1,"kmeans",0.90853889433671,0.0819477894638973,0.00148277930474348,32.3562154606957
1342,3,0.5,0.25,16,3,6,3,1,0,1,"hc_average",0.661127672027689,0.0968577386399268,0.0101315996799182,197.536631725785
1343,4,0.5,0.25,16,5,6,3,0,0,0,"gmm",0.424389249167007,NA,NA,561.019249815517
1344,5,0.5,0.25,16,6,6,3,0,0,0,"pam",0.277429081082666,NA,NA,836.97350164761
1345,2,0.75,0.25,16,2,6,2,1,0,1,"kmeans",1,0.0921854834842177,-0.00670313371470895,0.337492661865121
1346,3,0.75,0.25,16,3,6,3,1,0,1,"hc_average",0.855289826061957,0.0746286118196523,0.00873498711838875,52.691837698012
1347,4,0.75,0.25,16,4,6,4,1,0,1,"gmm",0.728716040006524,0.12816049146608,-0.00883367402642644,243.078912386217
1348,5,0.75,0.25,16,5,6,5,1,0,1,"gmm",0.60050952126615,0.101021174322266,-0.00237669034834555,451.893479085061
1349,2,1,0.25,16,2,5,2,1,0,1,"kmeans",1,0.0999915857416335,0.0248944077308993,0.0117923731595524
1350,3,1,0.25,16,3,6,3,1,0,1,"gmm",0.966989500353508,0.147085467106872,-0.00272001153124827,15.0373352850021
1351,4,1,0.25,16,4,6,4,1,0,1,"gmm",0.900505399406455,0.143734575583948,-0.00184911697351292,98.8875381434321
1352,5,1,0.25,16,5,6,5,1,0,1,"pam",0.741780365398933,0.12255747909583,0.0135582613070413,294.808275640747
1353,2,1.25,0.25,16,2,4,2,1,0,1,"kmeans",1,0.190163567421765,0.0361244660945568,0.00000634860753048124
1354,3,1.25,0.25,16,3,6,3,1,0,1,"kmeans",0.993325876599186,0.167613106464529,-0.00245809238104465,7.81347703302931
1355,4,1.25,0.25,16,4,6,4,1,0,1,"kmeans",0.93856023798158,0.150235693296772,0.0240824708042973,52.6283957315793
1356,5,1.25,0.25,16,5,6,5,1,0,1,"kmeans",0.82787498750963,0.112901689593029,0.0134206391477428,152.607283236707
1357,2,1.5,0.25,16,2,3,2,1,0,1,"hc_complete",1,0.111914075720274,-0.0183112376219937,0.00000180392158216905
1358,3,1.5,0.25,16,3,4,3,1,0,1,"hc_ward",0.993325876599186,0.168961548585297,0.0276690053483615,4.70364230020073
1359,4,1.5,0.25,16,4,6,4,1,0,1,"hc_ward",0.964778564328997,0.154569845457348,0.00180262020401662,33.9300873792391
1360,5,1.5,0.25,16,5,6,5,1,0,1,"hc_ward",0.89117857789245,0.157573654988304,0.0313473893035707,129.001802811091
1361,2,0.5,0.1,17,2,3,2,1,0,1,"pam",0.986666519512823,0.0825377400177801,-0.0236965201772301,19.5895274916068
1362,3,0.5,0.1,17,3,3,3,1,1,1,"pam",0.834597839363603,0.0676034528822064,-0.0136238055718178,126.877275600648
1363,4,0.5,0.1,17,4,5,4,1,0,1,"gmm",0.580563672469118,0.067467471600641,0.0182074652662838,375.919666229253
1364,5,0.5,0.1,17,5,6,3,1,0,0,"pam",0.47276996959961,0.0870354193306792,-0.00477391820222021,706.154369141654
1365,2,0.75,0.1,17,2,3,2,1,0,1,"pam",1,0.0415926752776301,0.00788298640871956,0.230610842084407
1366,3,0.75,0.1,17,3,3,3,1,1,1,"kmeans",0.993325876599186,0.0568540839228658,0.0229123833364286,31.1663717425713
1367,4,0.75,0.1,17,4,6,4,1,0,1,"hc_ward",0.896150417440262,0.0465787917106829,-0.00285313626961211,133.451453259902
1368,5,0.75,0.1,17,5,6,5,1,0,1,"kmeans",0.727049323464469,0.0550909435405868,-0.00636071389238725,381.329703578413
1369,2,1,0.1,17,2,3,2,1,0,1,"kmeans",1,0.0576120706559444,-0.0120205508054157,0.0000578974644296688
1370,3,1,0.1,17,3,5,3,1,0,1,"hc_ward",0.980066915729343,0.0480943817263309,-0.00440830661847837,8.31286488865223
1371,4,1,0.1,17,4,4,4,1,1,1,"hc_ward",0.92640892274137,0.0987877562914269,0.0039311175654075,83.5624920817668
1372,5,1,0.1,17,5,6,5,1,0,1,"hc_ward",0.833582420639508,0.063186780766528,0.0161957870968075,220.394894794613
1373,2,1.25,0.1,17,2,3,2,1,0,1,"kmeans",1,0.10014850978708,-0.0527355076116739,0.000000174037181939095
1374,3,1.25,0.1,17,3,5,3,1,0,1,"kmeans",0.986696695759173,0.0631388749635648,-0.00212257003424655,2.82430555596381
1375,4,1.25,0.1,17,4,5,4,1,0,1,"gmm",0.991111103046433,0.0934711226272626,-0.00478102088685105,26.6206678960041
1376,5,1.25,0.1,17,5,6,5,1,0,1,"hc_average",0.92813495949586,0.0753131675293179,0.0050319273105303,125.483989088106
1377,2,1.5,0.1,17,2,2,2,1,1,1,"kmeans",1,0.117259727945245,0.0175707163415677,0.00000000000635309593776425
1378,3,1.5,0.1,17,3,3,3,1,1,1,"gmm",1,0.087352686043686,0.0153516962376767,0.365630780433778
1379,4,1.5,0.1,17,4,6,4,1,0,1,"kmeans",0.991126191500508,0.115028429692075,-0.020688702021731,21.0776622029851
1380,5,1.5,0.1,17,5,5,5,1,1,1,"gmm",0.93762022963861,0.0902306456803412,0.001753475635602,107.245034116094
1381,2,0.5,0.15,17,2,6,2,1,0,1,"gmm",0.960267120019818,0.0420435591146049,-0.0153494510364137,10.9171163184285
1382,3,0.5,0.15,17,3,5,3,1,0,1,"pam",0.762295834946412,0.0477056727899257,0.00185689214410571,139.166260714453
1383,4,0.5,0.15,17,4,6,3,1,0,0,"hc_ward",0.582161976541924,0.0842235090471267,0.00553481274252272,454.968392559434
1384,5,0.5,0.15,17,5,6,3,1,0,0,"kmeans",0.424822072636013,0.0777986498541526,0.0128240195823491,702.116272689302
1385,2,0.75,0.15,17,2,5,2,1,0,1,"hc_ward",1,0.0719907864755629,0.0110840634729367,0.435716889752086
1386,3,0.75,0.15,17,3,3,3,1,1,1,"hc_average",0.927968574533694,0.0543121115586692,0.0210928519557982,37.0688115959364
1387,4,0.75,0.15,17,4,5,4,1,0,1,"pam",0.823975666985659,0.0627529694599941,0.0223078373007918,184.865753725146
1388,5,0.75,0.15,17,5,6,5,1,0,1,"kmeans",0.653880859964607,0.0601613018548152,0.0159812493228779,447.950065571812
1389,2,1,0.15,17,2,3,2,1,0,1,"pam",1,0.0965356520983105,0.0142916294392225,0.000584157824757295
1390,3,1,0.15,17,3,5,3,1,0,1,"kmeans",0.993325876599186,0.048923104186676,0.00722099237141908,6.39698153116898
1391,4,1,0.15,17,4,5,4,1,0,1,"hc_average",0.925769402928125,0.0801774043258168,-0.0185150714773776,71.8151814404788
1392,5,1,0.15,17,5,6,5,1,0,1,"hc_ward",0.851129398317656,0.0841975425444274,0.0104255468727872,207.143570948146
1393,2,1.25,0.15,17,2,3,2,1,0,1,"kmeans",1,0.093181942540889,-0.00343216887401292,0.00016002002528669
1394,3,1.25,0.15,17,3,5,3,1,0,1,"kmeans",1,0.0912849612745699,0.00827551335556127,2.98973589754893
1395,4,1.25,0.15,17,4,5,4,1,0,1,"gmm",0.947223560234947,0.111168832824346,-0.0020744217364852,46.3961747137993
1396,5,1.25,0.15,17,5,6,5,1,0,1,"hc_ward",0.878978429265433,0.102704142289852,0.0118551221809666,157.318636586562
1397,2,1.5,0.15,17,2,3,2,1,0,1,"kmeans",1,0.0744843058840741,0.0387599232887629,0.000000000150969872116769
1398,3,1.5,0.15,17,3,5,3,1,0,1,"gmm",1,0.102381078780109,0.0130883119911396,0.0814046657839044
1399,4,1.5,0.15,17,4,5,4,1,0,1,"pam",0.964744044154653,0.125593184226525,-0.00300410361261776,20.10961911492
1400,5,1.5,0.15,17,5,6,5,1,0,1,"pam",0.912793764824158,0.10681172607163,0.000508798204304616,106.518853913767
1401,2,0.5,0.2,17,2,5,2,1,0,1,"hc_complete",0.921336912751678,0.0583502663134896,-0.0109809875755208,11.3073228984993
1402,3,0.5,0.2,17,3,6,3,1,0,1,"pam",0.691346170135529,0.071294164345355,0.0311832650593348,195.114438501259
1403,4,0.5,0.2,17,4,6,3,1,0,0,"kmeans",0.515772506607688,0.0728912921793865,-0.00353465842523169,442.155490965082
1404,5,0.5,0.2,17,5,6,3,1,0,0,"kmeans",0.408646829256601,0.109142215403011,-0.00110171618027378,779.610254807989
1405,2,0.75,0.2,17,2,4,2,1,0,1,"hc_average",1,0.0612081220243473,-0.0160990221794755,1.48693763214557
1406,3,0.75,0.2,17,3,6,3,1,0,1,"kmeans",0.896663169862372,0.0605751299595704,-0.0150322873045304,54.193123560554
1407,4,0.75,0.2,17,4,6,4,1,0,1,"pam",0.807765426102162,0.0898094740769649,-0.000644098198714016,183.004823487979
1408,5,0.75,0.2,17,5,6,5,1,0,1,"pam",0.654640405984559,0.0695419002787494,-0.00125136269683116,452.148515629676
1409,2,1,0.2,17,2,6,2,1,0,1,"hc_complete",1,0.0771618270568791,-0.00404154922066597,0.00237554720441515
1410,3,1,0.2,17,3,6,3,1,0,1,"pam",0.986696296296296,0.101771728193524,0.00347044498628187,8.64849750872206
1411,4,1,0.2,17,4,6,4,1,0,1,"hc_ward",0.880533235605516,0.124938868478602,-0.000939347380701261,97.510557501968
1412,5,1,0.2,17,5,6,5,1,0,1,"pam",0.815406782321007,0.114961625991121,-0.00315120016706951,235.971986096028
1413,2,1.25,0.2,17,2,5,2,1,0,1,"kmeans",1,0.101856293373146,0.0097417835025123,0.000273882677401684
1414,3,1.25,0.2,17,3,5,3,1,0,1,"kmeans",1,0.106619794387931,-0.0399697817088316,2.48560481627468
1415,4,1.25,0.2,17,4,6,4,1,0,1,"hc_complete",0.969135457398375,0.0916199690424653,-0.0313243429062654,35.6183252535291
1416,5,1.25,0.2,17,5,6,5,1,0,1,"hc_average",0.836601157889311,0.100823823694191,0.00301167827246761,162.592207208794
1417,2,1.5,0.2,17,2,4,2,1,0,1,"kmeans",1,0.110165765038199,0.00078304661182374,0.0000000671774498351087
1418,3,1.5,0.2,17,3,6,3,1,0,1,"hc_ward",1,0.117515246372311,-0.0106953767396064,1.56966041502666
1419,4,1.5,0.2,17,4,6,4,1,0,1,"hc_complete",0.969105679740293,0.0919100453902392,-0.021260891696301,27.3725138980131
1420,5,1.5,0.2,17,5,6,5,1,0,1,"hc_average",0.93817187803751,0.127956383630332,0.0102712380279678,123.885755345128
1421,2,0.5,0.25,17,3,6,2,0,0,1,"pam",0.908538676085297,NA,NA,103.766575657966
1422,3,0.5,0.25,17,4,6,3,0,0,1,"hc_average",0.619727530386312,NA,NA,265.598414710924
1423,4,0.5,0.25,17,4,6,4,1,0,1,"pam",0.455005262148127,0.136117790384058,0.0164198304246971,398.265614961621
1424,5,0.5,0.25,17,5,6,3,1,0,0,"hc_complete",0.306466100438405,0.246642058524095,-0.00072582736844569,688.200857466241
1425,2,0.75,0.25,17,2,6,2,1,0,1,"kmeans",0.986666519512823,0.0785701023614501,0.00532456278429349,2.00146344809141
1426,3,0.75,0.25,17,3,6,3,1,0,1,"pam",0.840417849318775,0.0968986749504618,-0.00961279285599788,74.3242595737207
1427,4,0.75,0.25,17,4,6,4,1,0,1,"hc_complete",0.720546501316183,0.0779391655026617,0.00407068485979704,198.425918897984
1428,5,0.75,0.25,17,5,6,5,1,0,1,"kmeans",0.551756471863966,0.112775307147322,0.00402504612943948,489.559773526525
1429,2,1,0.25,17,2,5,2,1,0,1,"kmeans",1,0.11267992078779,-0.00861285510950329,1.26685234346157
1430,3,1,0.25,17,3,6,3,1,0,1,"pam",0.980111558695234,0.0701925408312668,0.00720660129201612,15.4669028819706
1431,4,1,0.25,17,4,6,4,1,0,1,"kmeans",0.900505399406455,0.112125189243656,0.0168625087479149,94.7120878008722
1432,5,1,0.25,17,5,6,5,1,0,1,"gmm",0.771250365242878,0.0965037689408149,0.0101806148510135,286.26413053527
1433,2,1.25,0.25,17,2,6,2,1,0,1,"gmm",1,0.152261711727118,0.00568633278214285,0.000328604265790054
1434,3,1.25,0.25,17,3,5,3,1,0,1,"kmeans",0.993325876599186,0.134733957536356,-0.0223811871294688,5.57945144461765
1435,4,1.25,0.25,17,4,6,4,1,0,1,"hc_average",0.947815435070303,0.0825370898085727,-0.0217071640896633,42.9532552890049
1436,5,1.25,0.25,17,5,6,5,1,0,1,"gmm",0.84170126803741,0.15276201081252,0.00880381217386225,200.746739832512
1437,2,1.5,0.25,17,2,6,2,1,0,1,"hc_complete",1,0.121019532648594,-0.0352290555365435,0.0000000113757469497164
1438,3,1.5,0.25,17,3,6,3,1,0,1,"hc_ward",0.993325876599186,0.155868175297809,-0.00650266073275397,2.23932074901686
1439,4,1.5,0.25,17,4,6,4,1,0,1,"pam",0.969284345688783,0.149765235938677,0.0109646554170387,20.0743547979644
1440,5,1.5,0.25,17,5,6,5,1,0,1,"hc_complete",0.915739060904857,0.13039621794736,-0.00530639393366392,110.43721485005
1441,2,0.5,0.1,18,2,5,2,1,0,1,"hc_complete",0.93422446916861,0.039152793504107,-0.00275120450345018,12.51329628725
1442,3,0.5,0.1,18,3,4,3,1,0,1,"kmeans",0.799397099508207,0.0624373285171555,0.00176350845375345,138.750895100865
1443,4,0.5,0.1,18,4,6,4,1,0,1,"hc_ward",0.642676244253293,0.102578034226129,-0.00971063341758884,406.189932836605
1444,5,0.5,0.1,18,5,6,3,1,0,0,"hc_average",0.464967531044276,0.0917591408118593,0.00596503201536578,707.50755815903
1445,2,0.75,0.1,18,2,3,2,1,0,1,"gmm",1,0.0403551138901404,0.0157701475980667,0.449351797586382
1446,3,0.75,0.1,18,3,4,3,1,0,1,"kmeans",0.986696296296296,0.0699919372337252,-0.00123314521455724,19.4120513940062
1447,4,0.75,0.1,18,4,5,4,1,0,1,"hc_ward",0.819337596756985,0.0731617114947111,-0.00663033774348375,181.299113272231
1448,5,0.75,0.1,18,5,6,5,1,0,1,"hc_complete",0.738971411609882,0.0758962961487286,0.00751601392765097,429.154410918285
1449,2,1,0.1,18,2,3,2,1,0,1,"pam",1,0.0897879681614598,-0.00992573136929587,0.000131336436657116
1450,3,1,0.1,18,3,5,3,1,0,1,"kmeans",1,0.10574706538516,-0.0163985993562595,8.10697524708037
1451,4,1,0.1,18,4,5,4,1,0,1,"pam",0.934622173407343,0.0700083702626264,-0.0152498918699223,67.5734965841366
1452,5,1,0.1,18,5,6,5,1,0,1,"hc_complete",0.834925521581767,0.0469043115131765,0.00279208387261879,216.517238169683
1453,2,1.25,0.1,18,2,3,2,1,0,1,"hc_average",1,0.084182176819074,0.0164138214476884,0.0000135435850717824
1454,3,1.25,0.1,18,3,3,3,1,1,1,"gmm",1,0.0485986218945089,0.0111454426987,2.76629808111422
1455,4,1.25,0.1,18,4,4,4,1,1,1,"hc_average",0.97791986653246,0.0548509456652514,0.015795583021861,27.5752042546335
1456,5,1.25,0.1,18,5,6,5,1,0,1,"hc_average",0.899710329672066,0.0964464125877986,-0.0223564200709033,129.114385455473
1457,2,1.5,0.1,18,2,2,2,1,1,1,"kmeans",1,0.137094630073914,-0.0324483099944504,0.00000000000943249911107939
1458,3,1.5,0.1,18,3,3,3,1,1,1,"pam",1,0.100890947001073,0.0106592298183098,0.132288367646417
1459,4,1.5,0.1,18,4,5,4,1,0,1,"hc_ward",0.991126191500508,0.0963172296637014,-0.007016398910293,14.4410038339307
1460,5,1.5,0.1,18,5,6,5,1,0,1,"hc_complete",0.938114845576953,0.0990198461934773,0.0100159667004695,101.714547792763
1461,2,0.5,0.15,18,2,5,2,1,0,1,"kmeans",0.93422446916861,0.0438518729775487,-0.00170716994301686,18.4579717933228
1462,3,0.5,0.15,18,3,6,3,1,0,1,"kmeans",0.701410005531568,0.042624230413036,0.00106815821920424,166.629105064586
1463,4,0.5,0.15,18,4,6,4,1,0,1,"kmeans",0.630785309584596,0.0649096164155835,0.0108941426476979,368.837847609068
1464,5,0.5,0.15,18,4,6,3,0,0,0,"hc_average",0.450879546958034,NA,NA,568.745329489168
1465,2,0.75,0.15,18,2,5,2,1,0,1,"gmm",0.97342223807771,0.0448255978069316,0.00563204819221043,3.11888814652297
1466,3,0.75,0.15,18,3,3,3,1,1,1,"gmm",0.921955834786164,0.0462353967618523,-0.00339997831284685,34.6975497161108
1467,4,0.75,0.15,18,4,5,4,1,0,1,"kmeans",0.812384063733108,0.0532574844057516,0.00392036742366714,177.844745154274
1468,5,0.75,0.15,18,5,6,5,1,0,1,"hc_ward",0.692310744378949,0.0797384830764475,0.015593831616905,348.446285093553
1469,2,1,0.15,18,2,4,2,1,0,1,"kmeans",1,0.0553954935490377,0.00179109334216851,0.167569460590053
1470,3,1,0.15,18,3,6,3,1,0,1,"pam",0.966853095478387,0.0865256064602231,0.0146210525417501,15.228274107288
1471,4,1,0.15,18,4,5,4,1,0,1,"hc_complete",0.914334855384144,0.102681210145821,-0.00778822587763039,78.8021383095315
1472,5,1,0.15,18,5,5,5,1,1,1,"hc_ward",0.824359428627175,0.0595361158822522,0.017720358489332,243.211154939297
1473,2,1.25,0.15,18,2,3,2,1,0,1,"hc_complete",1,0.0656421657398522,0.0402545209657563,0.0000000500528611869666
1474,3,1.25,0.15,18,3,5,3,1,0,1,"gmm",1,0.101973488801564,0.00035204356135156,2.17850187634594
1475,4,1.25,0.15,18,4,5,4,1,0,1,"hc_complete",0.939277758958597,0.0777203854161403,-0.00378529231675224,41.8222093928437
1476,5,1.25,0.15,18,5,6,5,1,0,1,"gmm",0.893898212586953,0.0718305891961468,0.00171860294034367,137.766439925292
1477,2,1.5,0.15,18,2,5,2,1,0,1,"kmeans",1,0.142170942209405,0.0137427129642217,0.0000000129993125051647
1478,3,1.5,0.15,18,3,3,3,1,1,1,"hc_ward",1,0.0757294258058847,-0.00182240792830367,0.179352827777136
1479,4,1.5,0.15,18,4,4,4,1,1,1,"kmeans",0.986674099206963,0.0721891532660446,-0.00030874312781164,19.3347803917114
1480,5,1.5,0.15,18,5,6,5,1,0,1,"kmeans",0.947300387823698,0.0795889675281144,0.0110190861391171,95.0667841942922
1481,2,0.5,0.2,18,2,5,2,1,0,1,"kmeans",0.97342223807771,0.0592507684087886,-0.0131680642027212,13.2425198095388
1482,3,0.5,0.2,18,3,6,3,1,0,1,"kmeans",0.681625441643427,0.0643724646858464,-0.0100892585213934,164.584216296943
1483,4,0.5,0.2,18,4,6,3,1,0,0,"hc_ward",0.538227895895697,0.0466752047383089,0.00826147684888635,442.297057164368
1484,5,0.5,0.2,18,5,6,3,1,0,0,"kmeans",0.395714142535663,0.104772417240211,-0.0106123544341736,795.712512984917
1485,2,0.75,0.2,18,2,5,2,1,0,1,"hc_ward",1,0.0603434671880098,-0.00180366679426147,2.2329281972193
1486,3,0.75,0.2,18,3,6,3,1,0,1,"pam",0.928508583486704,0.0884247187868214,0.00800697139932088,54.7130320112231
1487,4,0.75,0.2,18,4,6,4,1,0,1,"pam",0.769580637411691,0.0530557346025795,0.00850484485001517,174.944212351618
1488,5,0.75,0.2,18,5,6,5,1,0,1,"hc_average",0.631323333600194,0.0715403975502844,0.00342654712451066,419.65822135539
1489,2,1,0.2,18,2,3,2,1,0,1,"kmeans",1,0.114108387250035,0.00570132262708282,1.20255488221521
1490,3,1,0.2,18,3,6,3,1,0,1,"kmeans",0.967075812654849,0.0677157460066795,0.00703365424155726,12.6006973407286
1491,4,1,0.2,18,4,6,4,1,0,1,"kmeans",0.908720957607428,0.135803028990338,0.00859630647393744,89.1013323074551
1492,5,1,0.2,18,5,6,5,1,0,1,"hc_ward",0.755174692218188,0.103831885852234,0.0129612083067111,280.521081397996
1493,2,1.25,0.2,18,2,2,2,1,1,1,"kmeans",1,0.0919987309069999,-0.0104253172318879,0.00000647727827732133
1494,3,1.25,0.2,18,3,6,3,1,0,1,"kmeans",0.993325876599186,0.0952005797821953,-0.0219808723982134,5.99345484664364
1495,4,1.25,0.2,18,4,6,4,1,0,1,"pam",0.960264093626688,0.116005532764576,0.0116487593523289,44.0682589145529
1496,5,1.25,0.2,18,5,6,5,1,0,1,"kmeans",0.852620550253615,0.1053027588685,0.00770786309010988,163.660267888825
1497,2,1.5,0.2,18,2,3,2,1,0,1,"hc_complete",1,0.113344038136338,0.00774244289165878,0.0000000663267351016118
1498,3,1.5,0.2,18,3,6,3,1,0,1,"kmeans",1,0.107572072019081,-0.00375722413932619,0.939077137336423
1499,4,1.5,0.2,18,4,6,4,1,0,1,"gmm",0.982281895756867,0.109929411557785,0.00231205288307206,28.6693829486068
1500,5,1.5,0.2,18,5,6,5,1,0,1,"hc_complete",0.906284716831113,0.126708719012664,0.0237357591762658,102.691475122349
1501,2,0.5,0.25,18,4,6,2,0,0,1,"gmm",0.934224547647885,NA,NA,205.224134070772
1502,3,0.5,0.25,18,4,6,3,0,0,1,"kmeans",0.63481467317914,NA,NA,294.644169695096
1503,4,0.5,0.25,18,4,6,3,1,0,0,"hc_complete",0.411346770909216,0.0855502990573092,0.0178938969012176,474.499107935824
1504,5,0.5,0.25,18,4,6,3,0,0,0,"kmeans",0.321580279392291,NA,NA,579.403184196634
1505,2,0.75,0.25,18,2,6,2,1,0,1,"gmm",1,0.0747581157192675,0.0253284221383665,1.23041679434003
1506,3,0.75,0.25,18,3,6,3,1,0,1,"kmeans",0.903051240271856,0.139840459964202,0.0111204082641073,64.3104559375443
1507,4,0.75,0.25,18,4,6,4,1,0,1,"gmm",0.742164605492758,0.0879328416055218,0.0117109390123408,202.590827641747
1508,5,0.75,0.25,18,5,6,5,1,0,1,"kmeans",0.582535467949124,0.104429309660656,0.00250220704405193,463.781636526612
1509,2,1,0.25,18,2,6,2,1,0,1,"pam",1,0.094273118609569,-0.0118374380928731,0.467413199133732
1510,3,1,0.25,18,3,6,3,1,0,1,"kmeans",0.966943372650018,0.0775770954660063,-0.00270873463794209,14.6445479590415
1511,4,1,0.25,18,4,6,4,1,0,1,"pam",0.879752734946862,0.0848775895542469,-0.00308825644981269,107.433761523049
1512,5,1,0.25,18,5,6,5,1,0,1,"kmeans",0.750730766086131,0.0838952826198471,0.0081542592557504,277.5920739387
1513,2,1.25,0.25,18,2,6,2,1,0,1,"kmeans",1,0.137648831703388,0.0181036375294653,0.0000375557444305969
1514,3,1.25,0.25,18,3,6,3,1,0,1,"kmeans",1,0.139893682101015,0.00405584161182928,7.90077796674884
1515,4,1.25,0.25,18,4,6,4,1,0,1,"pam",0.909049587098327,0.115255224675873,0.00661575868902106,74.4744357106156
1516,5,1.25,0.25,18,5,6,5,1,0,1,"gmm",0.833625957509487,0.120696970691435,-0.0064421434831183,220.422720376861
1517,2,1.5,0.25,18,2,5,2,1,0,1,"kmeans",1,0.148486917630149,-0.00412081017886276,0.00000000480315597239783
1518,3,1.5,0.25,18,3,6,3,1,0,1,"kmeans",1,0.0789211356936716,0.0133734274890143,0.55626329417144
1519,4,1.5,0.25,18,4,5,4,1,0,1,"gmm",0.973497686025007,0.142090773291506,0.0165502572892474,23.7760549888878
1520,5,1.5,0.25,18,5,6,5,1,0,1,"hc_average",0.897051821911266,0.121336224868062,0.0175542028801584,113.255438282419
1521,2,0.5,0.1,19,2,3,2,1,0,1,"kmeans",1,0.0386514408378175,-0.0101359010436226,10.7656543370137
1522,3,0.5,0.1,19,3,6,3,1,0,1,"pam",0.774643341185855,0.04211494027844,-0.00235366912729383,142.459690426527
1523,4,0.5,0.1,19,4,6,4,1,0,1,"pam",0.597610973866014,0.06406089914083,-0.0148878313301903,408.666194250943
1524,5,0.5,0.1,19,5,6,3,1,0,0,"hc_average",0.558836847419642,0.0662774934577812,-0.00628299926587241,737.862089186034
1525,2,0.75,0.1,19,2,2,2,1,1,1,"kmeans",1,0.0416042564477056,-0.0111455101270938,0.932738756042303
1526,3,0.75,0.1,19,3,4,3,1,0,1,"gmm",0.98000040167822,0.0528034216811465,0.00723014717912792,33.3041329135417
1527,4,0.75,0.1,19,4,6,4,1,0,1,"pam",0.847362334179469,0.0593262897664025,-0.00624191573713271,159.679480089312
1528,5,0.75,0.1,19,5,6,5,1,0,1,"hc_ward",0.732728354217024,0.0755278124128538,-0.0020165023183468,385.215258049738
1529,2,1,0.1,19,2,2,2,1,1,1,"kmeans",1,0.0709888154648877,-0.0119460147938064,0.00247970117685082
1530,3,1,0.1,19,3,3,3,1,1,1,"gmm",0.980111558695234,0.0911306608131174,-0.000557741491955487,7.39788058502691
1531,4,1,0.1,19,4,6,4,1,0,1,"kmeans",0.921564843660942,0.0867145930919341,0.0171568533509645,58.6478069637674
1532,5,1,0.1,19,5,6,5,1,0,1,"hc_complete",0.874772821630248,0.103209552221416,0.0127311696641468,194.994935767648
1533,2,1.25,0.1,19,2,3,2,1,0,1,"hc_complete",1,0.0743534256550889,-0.01127571326403,0.000000339514411853927
1534,3,1.25,0.1,19,3,3,3,1,1,1,"hc_ward",1,0.126634574658945,-0.0349785130593885,2.87074336707294
1535,4,1.25,0.1,19,4,6,4,1,0,1,"pam",0.956079597325679,0.063882910715346,0.00345076362659196,40.0628004448817
1536,5,1.25,0.1,19,5,6,5,1,0,1,"kmeans",0.880986384852352,0.0918812909358478,-0.0152219745261712,112.907783116418
1537,2,1.5,0.1,19,2,3,2,1,0,1,"kmeans",1,0.0644093339718675,0.00778757744454025,0.0000000000139630123176576
1538,3,1.5,0.1,19,3,3,3,1,1,1,"gmm",1,0.0812427665280372,-0.00992861589148712,0.243768130582045
1539,4,1.5,0.1,19,4,5,4,1,0,1,"hc_ward",0.995548106885902,0.0823127852707611,-0.0306172316835041,18.9797445866528
1540,5,1.5,0.1,19,5,5,5,1,1,1,"gmm",0.941222875672985,0.0630771737545437,0.00390495084578644,95.0493867907419
1541,2,0.5,0.15,19,2,2,2,1,1,1,"pam",0.93422446916861,0.040619416346805,0.00377090643116038,14.5488028352763
1542,3,0.5,0.15,19,3,6,3,1,0,1,"pam",0.784877817489007,0.0452973924183606,0.0114363915260065,137.982161829692
1543,4,0.5,0.15,19,4,5,4,1,0,1,"gmm",0.551451717140489,0.067687856467415,-0.0197251066095017,410.406171659857
1544,5,0.5,0.15,19,5,6,3,1,0,0,"pam",0.469035222573757,0.0792757538274664,0.00154768859503651,792.742795767381
1545,2,0.75,0.15,19,2,6,2,1,0,1,"kmeans",0.986666519512823,0.053430659879618,0.00319147477546735,0.198240069302013
1546,3,0.75,0.15,19,3,5,3,1,0,1,"pam",0.909372867293472,0.048271995514757,0.00479384212916526,45.3756783656421
1547,4,0.75,0.15,19,4,6,4,1,0,1,"gmm",0.815906709073892,0.104876662787724,0.00748978421580478,190.046444976376
1548,5,0.75,0.15,19,5,5,5,1,1,1,"kmeans",0.69105881221139,0.0952697506927825,-0.00291401289217959,424.306241806022
1549,2,1,0.15,19,2,6,2,1,0,1,"hc_complete",1,0.0571388478139922,0.0100732919793706,0.00121386111352008
1550,3,1,0.15,19,3,6,3,1,0,1,"pam",0.980112753008633,0.0928789409835296,-0.0115282289216202,8.25704925731486
1551,4,1,0.15,19,4,6,4,1,0,1,"gmm",0.900997951043715,0.0999691798519952,0.0172780897890377,79.3102702020241
1552,5,1,0.15,19,5,6,5,1,0,1,"kmeans",0.828323452145732,0.0996356764778313,-0.0113935934000301,267.70478743727
1553,2,1.25,0.15,19,2,3,2,1,0,1,"hc_complete",1,0.0727918558799063,-0.0334481169838832,0.000000189226848295043
1554,3,1.25,0.15,19,3,6,3,1,0,1,"gmm",0.993325876599186,0.0820930535760202,-0.00790328215473288,3.05171752796238
1555,4,1.25,0.15,19,4,6,4,1,0,1,"gmm",0.964772239798947,0.0551654946717272,0.000363105880651543,32.0191332252947
1556,5,1.25,0.15,19,5,6,5,1,0,1,"hc_average",0.91206969486146,0.0499964616384959,0.00355698439584744,134.359543824918
1557,2,1.5,0.15,19,2,4,2,1,0,1,"gmm",1,0.148272409158078,-0.00735391808912052,0.0000000446974817817897
1558,3,1.5,0.15,19,3,5,3,1,0,1,"pam",0.993325876599186,0.123696867243181,-0.0122829934477579,2.76880410434349
1559,4,1.5,0.15,19,4,6,4,1,0,1,"hc_ward",0.982252117430408,0.0818535140555242,0.00218584675318,26.1875159507547
1560,5,1.5,0.15,19,5,6,5,1,0,1,"pam",0.947498096297049,0.0903982329797889,-0.00221725266138299,83.0145297626618
1561,2,0.5,0.2,19,2,4,2,1,0,1,"gmm",0.960267120019818,0.0703231660074875,0.0207197820735886,21.055339014448
1562,3,0.5,0.2,19,3,6,3,1,0,1,"gmm",0.706253424038211,0.0556245163783612,-0.0151529985155227,192.421978553446
1563,4,0.5,0.2,19,4,6,3,1,0,0,"kmeans",0.531670618850991,0.080176745890891,0.00482331740415814,437.400569556493
1564,5,0.5,0.2,19,5,6,3,1,0,0,"gmm",0.387632583366372,0.128324238439963,0.00686145413120972,712.601792185856
1565,2,0.75,0.2,19,2,5,2,1,0,1,"hc_ward",1,0.0955935205063485,-0.00215400171478045,0.695655535305411
1566,3,0.75,0.2,19,3,6,3,1,0,1,"kmeans",0.89050780673179,0.0743486352057647,-0.00375711816561004,42.1203739358615
1567,4,0.75,0.2,19,4,6,4,1,0,1,"gmm",0.78190783200061,0.0787318159198736,0.0142353145962098,193.600741363819
1568,5,0.75,0.2,19,5,6,5,1,0,1,"pam",0.621893975196935,0.0971256767941197,0.00620119919308591,443.563344239452
1569,2,1,0.2,19,2,3,2,1,0,1,"hc_complete",1,0.0550414924005792,0.019685089878789,0.000740367800537113
1570,3,1,0.2,19,3,4,3,1,0,1,"gmm",0.980111558695234,0.0849283537081752,-0.000806270426454293,14.4015431053669
1571,4,1,0.2,19,4,6,4,1,0,1,"hc_average",0.921942541358083,0.075179702891726,0.00684887639724951,92.1228653061669
1572,5,1,0.2,19,5,6,5,1,0,1,"pam",0.829123306153034,0.0885941973163582,0.00583501433000751,230.08958015058
1573,2,1.25,0.2,19,2,5,2,1,0,1,"gmm",1,0.0669976679483959,0.00893780846505211,0.000000718469642125735
1574,3,1.25,0.2,19,3,6,3,1,0,1,"pam",1,0.0971084977362306,-0.00616390278907043,3.03125975970375
1575,4,1.25,0.2,19,4,6,4,1,0,1,"kmeans",0.947448331122213,0.0966344673665399,-0.0205985217082768,41.872610232667
1576,5,1.25,0.2,19,5,6,5,1,0,1,"pam",0.890836062170941,0.102160024416361,-0.0125671314615135,187.894275163824
1577,2,1.5,0.2,19,2,2,2,1,1,1,"kmeans",1,0.159397283695207,-0.0295612456214243,0.00000000155173034154296
1578,3,1.5,0.2,19,3,5,3,1,0,1,"kmeans",0.993325876599186,0.112009436645641,0.0102951936197972,0.772421624801347
1579,4,1.5,0.2,19,4,5,4,1,0,1,"hc_ward",0.986703877756222,0.122950434401743,0.0154447290534451,27.5626709128787
1580,5,1.5,0.2,19,5,6,5,1,0,1,"pam",0.884518411129721,0.107537855498728,0.0145088849590524,118.210029789483
1581,2,0.5,0.25,19,3,6,2,0,0,1,"hc_complete",0.883209552738855,NA,NA,119.097415390614
1582,3,0.5,0.25,19,3,6,3,1,0,1,"kmeans",0.593406398595641,0.125372306338462,-0.00343288043546022,183.419370643777
1583,4,0.5,0.25,19,4,6,4,1,0,1,"kmeans",0.498052023087612,0.10466067797633,0.00740824358403435,435.981682151772
1584,5,0.5,0.25,19,5,6,3,1,0,0,"pam",0.346697907607797,0.0950490448613613,0.00313046395950799,732.599219151386
1585,2,0.75,0.25,19,3,4,2,0,0,1,"hc_ward",0.986666519512823,NA,NA,93.0828827423008
1586,3,0.75,0.25,19,3,6,3,1,0,1,"kmeans",0.877780102062091,0.0736131040017692,-0.0195312258981207,61.014255522488
1587,4,0.75,0.25,19,5,6,4,0,0,1,"hc_complete",0.692570263917082,NA,NA,364.648812195459
1588,5,0.75,0.25,19,5,6,5,1,0,1,"hc_average",0.652665226911098,0.0966475552765211,-0.00572661059620791,460.062401756751
1589,2,1,0.25,19,2,5,2,1,0,1,"hc_ward",1,0.103393870399654,0.00627071559878665,0.0167815603951947
1590,3,1,0.25,19,3,6,3,1,0,1,"gmm",0.953908213722003,0.107398349998615,-0.00676978277269002,11.696403792652
1591,4,1,0.25,19,4,6,4,1,0,1,"gmm",0.904917803616262,0.0938401707539529,0.020547834675607,99.0981205419951
1592,5,1,0.25,19,5,6,5,1,0,1,"kmeans",0.747179845636903,0.0978895743281109,0.00842640875111575,270.776584774427
1593,2,1.25,0.25,19,2,5,2,1,0,1,"kmeans",1,0.136574209154097,-0.0562922985957599,0.000183774532500245
1594,3,1.25,0.25,19,3,6,3,1,0,1,"kmeans",1,0.12491667218785,-0.0304530966145505,4.51536482620619
1595,4,1.25,0.25,19,4,6,4,1,0,1,"pam",0.93459728861073,0.110279178117913,0.020916548611206,52.2791690646288
1596,5,1.25,0.25,19,5,6,5,1,0,1,"pam",0.845632695779965,0.085763620990059,0.0204970867007838,176.787823567907
1597,2,1.5,0.25,19,2,2,2,1,1,1,"gmm",1,0.159205800377289,-0.0177322429028958,0.00000321538750128047
1598,3,1.5,0.25,19,3,6,3,1,0,1,"kmeans",1,0.164597484903357,-0.0191660039700527,2.48351945579676
1599,4,1.5,0.25,19,4,6,4,1,0,1,"pam",0.977802416656445,0.135582701025206,-0.0162604400082343,26.4073535613549
1600,5,1.5,0.25,19,5,6,5,1,0,1,"pam",0.919171830643076,0.122863767994774,0.000716795584314038,100.027453143565
1601,2,0.5,0.1,20,2,3,2,1,0,1,"pam",1,0.0211539769120163,0.00823666367467588,8.63906156513562
1602,3,0.5,0.1,20,3,6,3,1,0,1,"kmeans",0.8051733256158,0.0323604109905249,0.0150273042605102,140.886530344716
1603,4,0.5,0.1,20,4,6,3,1,0,0,"hc_complete",0.618712983770643,0.0440293272271329,0.00868526391599857,459.626273284383
1604,5,0.5,0.1,20,5,6,3,1,0,0,"pam",0.513119542838839,0.0941014248696347,-0.00189114593863435,743.552206602712
1605,2,0.75,0.1,20,2,6,2,1,0,1,"kmeans",1,0.0491107737331184,-0.0129550973532497,0.520457513824843
1606,3,0.75,0.1,20,3,3,3,1,1,1,"pam",0.96685259782539,0.0942702176656204,0.0212820359789126,32.4156767871684
1607,4,0.75,0.1,20,4,5,4,1,0,1,"kmeans",0.848377411920248,0.040633705127917,-0.00398510047984909,153.627786421472
1608,5,0.75,0.1,20,5,6,5,1,0,1,"kmeans",0.663346280915572,0.0734073146230304,0.00709216974187439,434.795310518122
1609,2,1,0.1,20,2,3,2,1,0,1,"kmeans",1,0.059782743561135,0.0310188849411524,0.000197898451515352
1610,3,1,0.1,20,3,6,3,1,0,1,"pam",0.993325876599186,0.0992808142102498,-0.010199680581388,12.2396505903077
1611,4,1,0.1,20,4,5,4,1,0,1,"hc_average",0.926046079552328,0.0926737286708825,-0.0152531361506068,64.7906447869615
1612,5,1,0.1,20,5,6,5,1,0,1,"gmm",0.84589038843628,0.0594860327126605,0.0134361733126196,225.769744926982
1613,2,1.25,0.1,20,2,2,2,1,1,1,"hc_complete",1,0.0922372954423883,-0.0426312101802785,0.0000212449383550018
1614,3,1.25,0.1,20,3,4,3,1,0,1,"hc_ward",1,0.0669677526826963,-0.00621499565954085,1.62771687940506
1615,4,1.25,0.1,20,4,4,4,1,1,1,"hc_average",0.982237095367494,0.09224502485806,0.0258277875755079,44.3849223055508
1616,5,1.25,0.1,20,5,6,5,1,0,1,"hc_ward",0.921577949666972,0.0805879567438777,-0.0052551261138889,124.797144403311
1617,2,1.5,0.1,20,2,5,2,1,0,1,"kmeans",1,0.0481022033107827,-0.00884852006761832,0.00000000210691530640058
1618,3,1.5,0.1,20,3,3,3,1,1,1,"kmeans",1,0.0961291465127478,-0.0173346283148243,0.774243410509495
1619,4,1.5,0.1,20,4,4,4,1,1,1,"hc_ward",0.995548106885902,0.0711421555156683,0.0115809081526187,16.9444974650237
1620,5,1.5,0.1,20,5,6,5,1,0,1,"hc_average",0.919147318193414,0.109275078464724,0.012091878245471,106.537956833583
1621,2,0.5,0.15,20,2,5,2,1,0,1,"hc_ward",0.93422446916861,0.0636273470954594,0.000453517279395341,22.0306565511863
1622,3,0.5,0.15,20,3,5,3,1,0,1,"hc_ward",0.781371246393544,0.0589876344219983,0.0088440343286969,152.830979041734
1623,4,0.5,0.15,20,4,6,3,1,0,0,"hc_ward",0.623938769392554,0.063582413962063,-0.00321467443599423,397.171457109992
1624,5,0.5,0.15,20,4,6,3,0,0,0,"pam",0.443472024461819,NA,NA,566.204149451014
1625,2,0.75,0.15,20,2,3,2,1,0,1,"pam",1,0.0503208366819631,0.00704180957585377,0.110304389365393
1626,3,0.75,0.15,20,3,6,3,1,0,1,"hc_ward",0.960449598077469,0.0458439882607509,0.00655684040417138,33.5178095923754
1627,4,0.75,0.15,20,4,6,4,1,0,1,"gmm",0.871355704697987,0.0698709292524012,-0.00575549525045812,160.308991413937
1628,5,0.75,0.15,20,5,6,5,1,0,1,"kmeans",0.678399046375453,0.0671516937301561,-0.00856315562399036,438.463820699095
1629,2,1,0.15,20,2,2,2,1,1,1,"kmeans",1,0.070851151681147,0.0132928459578059,0.00100529701645532
1630,3,1,0.15,20,3,6,3,1,0,1,"gmm",0.966897240791282,0.0725949969158146,-0.00418883564008174,10.544296270718
1631,4,1,0.15,20,4,5,4,1,0,1,"hc_ward",0.913084935945026,0.125833019356932,-0.00311406273677409,89.7761051276973
1632,5,1,0.15,20,5,6,5,1,0,1,"hc_complete",0.815223247768756,0.0575635480045511,0.0231705540860453,240.851922934586
1633,2,1.25,0.15,20,2,2,2,1,1,1,"hc_complete",1,0.0774066408397614,-0.0192826242420245,0.000000133145858767815
1634,3,1.25,0.15,20,3,5,3,1,0,1,"pam",1,0.0794300910977422,0.00388487204540833,0.848060688324636
1635,4,1.25,0.15,20,4,5,4,1,0,1,"hc_ward",0.960264093626688,0.0805708029702249,0.00528358699322383,47.739205387017
1636,5,1.25,0.15,20,5,6,5,1,0,1,"pam",0.87815366295693,0.1258722566768,0.0169495727458467,163.779549938635
1637,2,1.5,0.15,20,2,2,2,1,1,1,"hc_complete",1,0.107990834076734,0.0404095296672129,0.00000000109153906436891
1638,3,1.5,0.15,20,3,5,3,1,0,1,"kmeans",1,0.0739074299715512,-0.0231584522785059,0.644036498648339
1639,4,1.5,0.15,20,4,4,4,1,1,1,"kmeans",0.977860311216297,0.084512413913134,0.0155764722660615,26.4335413054328
1640,5,1.5,0.15,20,5,6,5,1,0,1,"hc_complete",0.928644973138507,0.100751951331236,0.023232687420887,90.4163943703614
1641,2,0.5,0.2,20,2,5,2,1,0,1,"kmeans",1,0.0538390524997553,0.0104393352575126,14.1807683151255
1642,3,0.5,0.2,20,3,5,3,1,0,1,"kmeans",0.757488010697126,0.0686989232726435,0.00392017381166299,148.986292934437
1643,4,0.5,0.2,20,4,6,4,1,0,1,"hc_ward",0.574097964877177,0.135053403353649,0.0137484819380037,382.050375283255
1644,5,0.5,0.2,20,4,6,3,0,0,0,"kmeans",0.363279094285582,NA,NA,579.797440869908
1645,2,0.75,0.2,20,3,6,2,0,0,1,"pam",1,NA,NA,84.8009980556091
1646,3,0.75,0.2,20,3,6,3,1,0,1,"kmeans",0.921753801925452,0.072690722950959,0.0155834659592681,44.8827589415889
1647,4,0.75,0.2,20,4,5,4,1,0,1,"hc_average",0.838636078131814,0.0870019624704883,0.00679627907185167,169.895959983215
1648,5,0.75,0.2,20,5,6,5,1,0,1,"hc_average",0.681484715247864,0.0720827797030175,0.00627494262609389,454.025980873212
1649,2,1,0.2,20,2,6,2,1,0,1,"pam",1,0.0612910343896931,-0.0000672724590121687,0.00158469289377133
1650,3,1,0.2,20,3,6,3,1,0,1,"hc_average",0.980111558695234,0.125320079809731,0.00248003209282247,20.4474388728047
1651,4,1,0.2,20,4,6,4,1,0,1,"kmeans",0.888796999868786,0.117127920087849,0.00617318352702712,95.6034464484885
1652,5,1,0.2,20,5,6,5,1,0,1,"pam",0.788765134941404,0.0729106271990667,0.0159266192569242,250.489285755216
1653,2,1.25,0.2,20,2,4,2,1,0,1,"gmm",1,0.0991307770275109,0.0087258721187481,0.00000175397447026362
1654,3,1.25,0.2,20,3,6,3,1,0,1,"kmeans",0.993325876599186,0.088809909070008,-0.0125443331878792,4.51338429916185
1655,4,1.25,0.2,20,4,5,4,1,0,1,"gmm",0.930588798325385,0.0847642987877748,-0.0258996440645552,51.5552757313315
1656,5,1.25,0.2,20,5,6,5,1,0,1,"hc_ward",0.869387860050484,0.146978756389867,0.00975516072228941,157.597490656654
1657,2,1.5,0.2,20,2,2,2,1,1,1,"gmm",1,0.129486820826779,0.010955139825483,0.00000000410854613227904
1658,3,1.5,0.2,20,3,5,3,1,0,1,"gmm",1,0.103616336245396,-0.0114144781012832,0.648014706403813
1659,4,1.5,0.2,20,4,6,4,1,0,1,"kmeans",0.969074976595378,0.126264310440301,0.0100391351154238,22.3669086068006
1660,5,1.5,0.2,20,5,6,5,1,0,1,"hc_ward",0.916177939187122,0.146401125597212,-0.0177338489920084,111.05436933064
1661,2,0.5,0.25,20,3,6,2,0,0,1,"gmm",0.883209413391586,NA,NA,125.625966236499
1662,3,0.5,0.25,20,3,6,3,1,0,1,"pam",0.620551513716137,0.107034301728717,0.00282041203818029,202.090778060253
1663,4,0.5,0.25,20,4,6,3,1,0,0,"pam",0.414518470059508,0.12233642381873,-0.00536324311356009,455.070775021597
1664,5,0.5,0.25,20,6,6,3,0,0,0,"pam",0.354145359715698,NA,NA,783.738014261341
1665,2,0.75,0.25,20,2,6,2,1,0,1,"kmeans",0.986666519512823,0.115102969635859,0.00772670438913843,2.75647785700296
1666,3,0.75,0.25,20,3,5,3,1,0,1,"pam",0.953862187443653,0.0816114157887299,0.0166914350109943,37.8377607966221
1667,4,0.75,0.25,20,4,6,4,1,0,1,"gmm",0.738197916144999,0.084888526585506,0.0316088546925429,213.995506330227
1668,5,0.75,0.25,20,5,6,5,1,0,1,"hc_complete",0.543115769017142,0.112841925957173,0.0199395687494327,491.830912834069
1669,2,1,0.25,20,2,6,2,1,0,1,"hc_complete",1,0.0916991307084445,-0.0194229270927149,0.000520698635668144
1670,3,1,0.25,20,3,6,3,1,0,1,"kmeans",0.993325876599186,0.117691135611378,-0.00697966742788519,14.1663537273859
1671,4,1,0.25,20,4,6,4,1,0,1,"pam",0.896527877165751,0.0827106433910413,0.00493588829573325,88.2021102614792
1672,5,1,0.25,20,5,6,5,1,0,1,"hc_ward",0.79269958896999,0.102536069941344,0.00986491732176162,312.441114846007
1673,2,1.25,0.25,20,2,6,2,1,0,1,"gmm",1,0.130397338125775,0.0202914836327913,0.00000758871589918076
1674,3,1.25,0.25,20,3,6,3,1,0,1,"pam",1,0.148315908175937,-0.0189512834041558,5.41494669056314
1675,4,1.25,0.25,20,4,6,4,1,0,1,"hc_average",0.947370819516934,0.127482553354353,-0.0142506014753281,57.4620068651654
1676,5,1.25,0.25,20,5,6,5,1,0,1,"pam",0.842163830911607,0.14308725167707,0.00151961248319284,174.753821068525
1677,2,1.5,0.25,20,2,4,2,1,0,1,"hc_complete",1,0.148394087332266,0.0151562945297613,0.00000011225976851586
1678,3,1.5,0.25,20,3,5,3,1,0,1,"kmeans",0.993325876599186,0.155234317619487,-0.0491843308024183,3.74468279972401
1679,4,1.5,0.25,20,4,6,4,1,0,1,"pam",0.964700699134086,0.123915539233773,0.0265756560913123,24.0239037569331
1680,5,1.5,0.25,20,5,6,5,1,0,1,"hc_average",0.87227513373212,0.151347718566576,0.0133488090738289,133.831467863081
