[22:34:03] RUN  moderate|seed1  (K=4 kap=0.75 sig=0.25 corr=none)  arms: apollo_searchStart, apollo_lcEM
Several observations per individual detected based on the value of ID.
  Setting panelData in apollo_control set to TRUE.
All checks on apollo_control completed.
All checks on database completed.
Testing probability function (apollo_probabilities)
Apollo found a model component of type classAlloc without a
  componentName. The name was set to "classAlloc" by default.
INFORMATION: Setting "avail" is missing, so full availability is assumed. 
Apollo found a model component of type MNL without a componentName. The
  name was set to "Class_1" by default.
Apollo found a model component of type MNL without a componentName. The
  name was set to "Class_2" by default.
Apollo found a model component of type MNL without a componentName. The
  name was set to "Class_3" by default.
Apollo found a model component of type MNL without a componentName. The
  name was set to "Class_4" by default.
Pre-processing likelihood function...
INFORMATION: Apollo was not able to compute analytical gradients for your model.
  This could be because you are using model components for which
  analytical gradients are not yet implemented, or because you coded
  your own model functions. If however you only used apollo_mnl,
  apollo_fmnl, apollo_normalDensity, apollo_ol or apollo_op, then there
  could be another issue. You might want to ask for help in the Apollo
  forum (http://www.apollochoicemodelling.com/forum) on how to solve
  this issue. If you do, please post your code and data (if not
  confidential). 
Creating initial set of 100 candidate values.
Calculating LL of candidates 0%....50%.....100%

Stage 1, 100 active candidates.
Estimating 20 BFGS iteration(s) for each active candidate.
 Candidate......LLstart.....LLfinish.....GradientNorm...Converged
         1        -2937        -2791           30.126           0
         2        -2939        -2783           29.119           0
         3        -2934        -2780           32.675           0
         4        -2943        -2786           30.022           0
         5        -2930        -2771           18.866           0
         6        -2945        -2785           29.149           0
         7        -2935        -2769           14.409           0
         8        -2932        -2769            9.772           0
         9        -2936        -2774           29.357           0
        10        -2936        -2796           48.284           0
        11        -2931        -2783           33.942           0
        12        -2937        -2787           22.081           0
        13        -2921        -2778           28.665           0
        14        -2939        -2779           33.091           0
        15        -2933        -2769            7.603           0
        16        -2935        -2778           31.149           0
        17        -2935        -2776           16.683           0
        18        -2942        -2783           38.826           0
        19        -2944        -2795            38.61           0
        20        -2939        -2778           31.819           0
        21        -2930        -2780           50.144           0
        22        -2947        -2792           38.273           0
        23        -2938        -2770           14.062           0
        24        -2937        -2771           18.243           0
        25        -2948        -2790           27.305           0
        26        -2942        -2769            11.09           0
        27        -2937        -2777           32.179           0
        28        -2940        -2772           26.742           0
        29        -2943        -2780           24.982           0
        30        -2935        -2798            29.46           0
        31        -2936        -2783            32.88           0
        32        -2946        -2779           43.049           0
        33        -2946        -2772           17.227           0
        34        -2945        -2781            34.02           0
        35        -2932        -2772           20.157           0
        36        -2936        -2786           22.602           0
        37        -2929        -2783           26.476           0
        38        -2942        -2776            28.15           0
        39        -2938        -2789           34.028           0
        40        -2947        -2788           39.729           0
        41        -2936        -2775           30.342           0
        42        -2941        -2771           19.253           0
        43        -2937        -2795           49.867           0
        44        -2937        -2780           25.172           0
        45        -2944        -2778           41.791           0
        46        -2934        -2783           37.413           0
        47        -2934        -2778           33.162           0
        48        -2935        -2774           17.569           0
        49        -2945        -2773           25.388           0
        50        -2929        -2781           39.031           0
        51        -2926        -2778           22.253           0
        52        -2938        -2776           39.564           0
        53        -2926        -2774           14.594           0
        54        -2932        -2774           18.698           0
        55        -2935        -2785           41.233           0
        56        -2923        -2777           21.575           0
        57        -2942        -2780           16.293           0
        58        -2942        -2794           47.381           0
        59        -2929        -2796           50.166           0
        60        -2936        -2794           29.602           0
        61        -2937        -2775           23.509           0
        62        -2935        -2773           20.757           0
        63        -2937        -2774           23.948           0
        64        -2940        -2785           33.661           0
        65        -2940        -2783           37.804           0
        66        -2931        -2781           30.928           0
        67        -2936        -2785           34.503           0
        68        -2940        -2785           36.877           0
        69        -2954        -2781           29.704           0
        70        -2934        -2774           21.612           0
        71        -2951        -2779           17.567           0
        72        -2946        -2770           16.806           0
        73        -2941        -2771            16.24           0
        74        -2946        -2777            29.76           0
        75        -2931        -2778           27.073           0
        76        -2929        -2774           18.115           0
        77        -2943        -2785           27.855           0
        78        -2933        -2779           38.392           0
        79        -2950        -2779           25.315           0
        80        -2951        -2769            12.76           0
        81        -2943        -2771           23.618           0
        82        -2920        -2773            22.05           0
        83        -2934        -2790           41.149           0
        84        -2944        -2783           40.474           0
        85        -2934        -2789           44.058           0
        86        -2934        -2782           42.178           0
        87        -2936        -2788           33.775           0
        88        -2943        -2776           26.378           0
        89        -2932        -2787            39.29           0
        90        -2943        -2773           21.146           0
        91        -2932        -2809           62.488           0
        92        -2941        -2781           25.639           0
        93        -2926        -2782            39.48           0
        94        -2934        -2771           14.343           0
        95        -2938        -2768            6.522           0
        96        -2932        -2769           12.153           0
        97        -2941        -2769           12.604           0
        98        -2939        -2785           32.779           0
        99        -2941        -2774           21.011           0
       100        -2934        -2784            36.08           0
Candidate 5 dropped.
- Failed test 1: Too close to 26 in parameter space.
Candidate 14 dropped.
- Failed test 1: Too close to 53 in parameter space.
Candidate 23 dropped.
- Failed test 1: Too close to 7 in parameter space.
Candidate 24 dropped.
- Failed test 1: Too close to 23 in parameter space.
Candidate 26 dropped.
- Failed test 1: Too close to 8 in parameter space.
Candidate 38 dropped.
- Failed test 1: Too close to 26 in parameter space.
Candidate 41 dropped.
- Failed test 1: Too close to 7, 23 in parameter space.
Candidate 46 dropped.
- Failed test 1: Too close to 56 in parameter space.
Candidate 47 dropped.
- Failed test 1: Too close to 48 in parameter space.
Candidate 52 dropped.
- Failed test 1: Too close to 42 in parameter space.
Candidate 54 dropped.
- Failed test 1: Too close to 53 in parameter space.
Candidate 61 dropped.
- Failed test 1: Too close to 95 in parameter space.
Candidate 70 dropped.
- Failed test 1: Too close to 94 in parameter space.
Candidate 80 dropped.
- Failed test 1: Too close to 8 in parameter space.
Candidate 82 dropped.
- Failed test 1: Too close to 24, 90 in parameter space.
Candidate 90 dropped.
- Failed test 1: Too close to 23, 24 in parameter space.
Best candidate so far (LL=-2768.4)
             Value
asc_alt1_1 -0.2074
asc_alt1_2  0.1135
asc_alt1_3 -0.0257
asc_alt1_4  0.1376
asc_alt2_1  0.0630
asc_alt2_2 -0.0651
asc_alt2_3 -0.0533
asc_alt2_4  0.0507
asc_alt3_1  0.0000
asc_alt3_2  0.0000
asc_alt3_3  0.0000
asc_alt3_4  0.0000
b_x1_1      0.1714
b_x1_2      1.1796
b_x1_3      0.9904
b_x1_4     -0.2723
b_x2_1      0.8627
b_x2_2      0.8474
b_x2_3     -0.4483
b_x2_4      0.1875
b_x3_1      1.2057
b_x3_2      0.0326
b_x3_3     -0.0950
b_x3_4      0.6135
b_x4_1      0.2097
b_x4_2     -0.3723
b_x4_3      1.0184
b_x4_4      1.1606
b_price_1  -1.5551
b_price_2  -1.6235
b_price_3  -1.0661
b_price_4  -1.3003
delta_1    -0.0505
delta_2    -0.1092
delta_3    -0.5638
delta_4     0.0000

Stage 2, 84 active candidates.
Estimating 20 BFGS iteration(s) for each active candidate.
 Candidate......LLstart.....LLfinish.....GradientNorm...Converged
         1        -2791        -2777           11.794           0
         2        -2783        -2775            4.487           0
         3        -2780        -2768            3.555           0
         4        -2786        -2770           16.915           0
         6        -2785        -2776             6.48           0
         7        -2769        -2767            4.526           0
         8        -2769        -2767            4.169           0
         9        -2774        -2767             5.15           0
        10        -2796        -2778           11.644           0
        11        -2783        -2768             4.72           0
        12        -2787        -2769            7.951           0
        13        -2778        -2768            4.391           0
        15        -2769        -2768             1.19           0
        16        -2778        -2767            4.924           0
        17        -2776        -2768            1.876           0
        18        -2783        -2768            8.808           0
        19        -2795        -2779           11.229           0
        20        -2778        -2768            7.411           0
        21        -2780        -2768            2.581           0
        22        -2792        -2768           11.389           0
        25        -2790        -2769           15.817           0
        27        -2777        -2768            3.463           0
        28        -2772        -2767            2.523           0
        29        -2780        -2768            8.145           0
        30        -2798        -2780           24.654           0
        31        -2783        -2774           11.436           0
        32        -2779        -2768            5.326           0
        33        -2772        -2767             4.73           0
        34        -2781        -2768            3.533           0
        35        -2772        -2767             2.62           0
        36        -2786        -2776           20.641           0
        37        -2783        -2775           22.048           0
        39        -2789        -2776            9.223           0
        40        -2788        -2778            7.363           0
        42        -2771        -2768             1.42           0
        43        -2795        -2769           13.294           0
        44        -2780        -2768            3.693           0
        45        -2778        -2767             5.19           0
        48        -2774        -2768             3.86           0
        49        -2773        -2767            4.161           0
        50        -2781        -2768            8.229           0
        51        -2778        -2768            3.205           0
        53        -2774        -2768            2.746           0
        55        -2785        -2768            4.328           0
        56        -2777        -2768            4.389           0
        57        -2780        -2775             3.65           0
        58        -2794        -2780            7.807           0
        59        -2796        -2776           11.236           0
        60        -2794        -2772           18.931           0
        62        -2773        -2767            4.723           0
        63        -2774        -2768            3.061           0
        64        -2785        -2768            5.937           0
        65        -2783        -2768            4.634           0
        66        -2781        -2767            4.628           0
        67        -2785        -2768             5.22           0
        68        -2785        -2768            5.377           0
        69        -2781        -2769            6.121           0
        71        -2779        -2775            6.139           0
        72        -2770        -2767            2.679           0
        73        -2771        -2767            2.614           0
        74        -2777        -2768            5.694           0
        75        -2778        -2768            3.955           0
        76        -2774        -2767            3.055           0
        77        -2785        -2769           12.029           0
        78        -2779        -2768            3.641           0
        79        -2779        -2768            6.866           0
        81        -2771        -2767            1.987           0
        83        -2790        -2767            7.334           0
        84        -2783        -2773           22.615           0
        85        -2789        -2768           12.721           0
        86        -2782        -2768            6.679           0
        87        -2788        -2768            9.963           0
        88        -2776        -2768            9.874           0
        89        -2787        -2769           10.283           0
        91        -2809        -2772           21.902           0
        92        -2781        -2768            3.402           0
        93        -2782        -2767            5.228           0
        94        -2771        -2768            2.382           0
        95        -2768        -2768            0.525           0
        96        -2769        -2768            9.528           0
        97        -2769        -2767            3.407           0
        98        -2785        -2776           11.497           0
        99        -2774        -2767            4.822           0
       100        -2784        -2776             4.82           0
Candidate 3 dropped.
- Failed test 1: Too close to 17, 95 in parameter space.
Candidate 4 dropped.
- Failed test 1: Too close to 27, 42, 48, 56, 67, 92 in parameter
  space.
Candidate 7 dropped.
- Failed test 1: Too close to 16, 72 in parameter space.
Candidate 8 dropped.
- Failed test 1: Too close to 76 in parameter space.
Candidate 11 dropped.
- Failed test 1: Too close to 53, 78 in parameter space.
Candidate 12 dropped.
- Failed test 1: Too close to 55, 94 in parameter space.
Candidate 13 dropped.
- Failed test 1: Too close to 3, 17, 95 in parameter space.
Candidate 16 dropped.
- Failed test 1: Too close to 72 in parameter space.
Candidate 17 dropped.
- Failed test 1: Too close to 95 in parameter space.
Candidate 18 dropped.
- Failed test 1: Too close to 8, 76, 93 in parameter space.
Candidate 20 dropped.
- Failed test 1: Too close to 86 in parameter space.
Candidate 21 dropped.
- Failed test 1: Too close to 11, 53, 78 in parameter space.
Candidate 25 dropped.
- Failed test 1: Too close to 96 in parameter space.
Candidate 27 dropped.
- Failed test 1: Too close to 42, 92 in parameter space.
Candidate 33 dropped.
- Failed test 1: Too close to 28, 35 in parameter space.
Candidate 34 dropped.
- Failed test 1: Too close to 15 in parameter space.
Candidate 35 dropped.
- Failed test 1: Too close to 28 in parameter space.
Candidate 43 dropped.
- Failed test 1: Too close to 87 in parameter space.
Candidate 44 dropped.
- Failed test 1: Too close to 3, 13, 17, 95 in parameter space.
Candidate 48 dropped.
- Failed test 1: Too close to 27, 42, 56, 92 in parameter space.
Candidate 50 dropped.
- Failed test 1: Too close to 62 in parameter space.
Candidate 55 dropped.
- Failed test 1: Too close to 94 in parameter space.
Candidate 56 dropped.
- Failed test 1: Too close to 27, 42, 92 in parameter space.
Candidate 60 dropped.
- Failed test 1: Too close to 27, 42, 48, 56, 67, 92 in parameter
  space.
Candidate 64 dropped.
- Failed test 1: Too close to 11, 21, 53, 78 in parameter space.
Candidate 65 dropped.
- Failed test 1: Too close to 63 in parameter space.
Candidate 66 dropped.
- Failed test 1: Too close to 73 in parameter space.
Candidate 67 dropped.
- Failed test 1: Too close to 27, 42, 48, 56, 92 in parameter space.
Candidate 68 dropped.
- Failed test 1: Too close to 45 in parameter space.
Candidate 74 dropped.
- Failed test 1: Too close to 9 in parameter space.
Candidate 75 dropped.
- Failed test 1: Too close to 51 in parameter space.
Candidate 78 dropped.
- Failed test 1: Too close to 53 in parameter space.
Candidate 83 dropped.
- Failed test 1: Too close to 66, 73 in parameter space.
Candidate 84 dropped.
- Failed test 1: Too close to 3, 13, 17, 44, 89, 95 in parameter space.
Candidate 88 dropped.
- Failed test 1: Too close to 7, 16, 72 in parameter space.
Candidate 89 dropped.
- Failed test 1: Too close to 3, 13, 17, 44, 95 in parameter space.
Candidate 92 dropped.
- Failed test 1: Too close to 42 in parameter space.
Candidate 93 dropped.
- Failed test 1: Too close to 8, 76 in parameter space.
Candidate 98 dropped.
- Failed test 1: Too close to 2 in parameter space.
Best candidate so far (LL=-2767.1)
             Value
asc_alt1_1 -0.0819
asc_alt1_2  0.1084
asc_alt1_3 -0.1675
asc_alt1_4  0.0959
asc_alt2_1  0.0360
asc_alt2_2 -0.0453
asc_alt2_3  0.0893
asc_alt2_4 -0.0697
asc_alt3_1  0.0000
asc_alt3_2  0.0000
asc_alt3_3  0.0000
asc_alt3_4  0.0000
b_x1_1      0.0442
b_x1_2      0.6325
b_x1_3     -0.8004
b_x1_4      1.2613
b_x2_1      0.7656
b_x2_2     -0.1885
b_x2_3      0.0122
b_x2_4      0.8565
b_x3_1      0.9837
b_x3_2      0.0660
b_x3_3      1.1233
b_x3_4      0.0227
b_x4_1      0.2851
b_x4_2      1.0033
b_x4_3      2.0502
b_x4_4     -0.3942
b_price_1  -1.5150
b_price_2  -1.0994
b_price_3  -2.1068
b_price_4  -1.7042
delta_1     0.4259
delta_2     0.0754
delta_3    -0.8663
delta_4     0.0000

Stage 3, 45 active candidates.
Estimating 20 BFGS iteration(s) for each active candidate.
 Candidate......LLstart.....LLfinish.....GradientNorm...Converged
         1        -2777        -2775            4.322           0
         2        -2775        -2772            15.97           0
         6        -2776        -2775            8.211           0
         9        -2767        -2767            0.421           0
        10        -2778        -2775           13.709           0
        15        -2768        -2768            0.148           1
        19        -2779        -2777            1.721           0
        22        -2768        -2767            1.168           0
        28        -2767        -2767            0.085           1
        29        -2768        -2767            0.739           0
        30        -2780        -2774            18.94           0
        31        -2774        -2768            3.799           0
        32        -2768        -2767              4.2           0
        36        -2776        -2768            3.653           0
        37        -2775        -2768            3.642           0
        39        -2776        -2775            14.82           0
        40        -2778        -2777            4.682           0
        42        -2768        -2768            0.173           0
        45        -2767        -2767            0.556           0
        49        -2767        -2767            0.503           0
        51        -2768        -2768            0.882           0
        53        -2768        -2768            0.244           0
        57        -2775        -2774           13.445           0
        58        -2780        -2776           15.974           0
        59        -2776        -2769           13.524           0
        62        -2767        -2767            0.783           0
        63        -2768        -2768            0.433           0
        69        -2769        -2768            5.085           0
        71        -2775        -2774           13.316           0
        72        -2767        -2767            0.413           0
        73        -2767        -2767            0.239           0
        76        -2767        -2767            0.346           0
        77        -2769        -2768            4.454           0
        79        -2768        -2768            0.608           0
        81        -2767        -2767            0.546           0
        85        -2768        -2767            1.557           0
        86        -2768        -2767            1.716           0
        87        -2768        -2767            1.544           0
        91        -2772        -2767            5.164           0
        94        -2768        -2768            0.209           0
        95        -2768        -2768            0.048           1
        96        -2768        -2767            1.134           0
        97        -2767        -2767            0.316           0
        99        -2767        -2767            0.456           0
       100        -2776        -2774           24.484           0
Candidate 2 dropped.
- Failed test 1: Too close to 31, 53 in parameter space.
Candidate 31 dropped.
- Failed test 1: Too close to 53 in parameter space.
Candidate 32 dropped.
- Failed test 1: Too close to 87 in parameter space.
Candidate 36 dropped.
- Failed test 1: Too close to 51 in parameter space.
Candidate 59 dropped.
- Failed test 1: Too close to 81 in parameter space.
Candidate 69 dropped.
- Failed test 1: Too close to 62 in parameter space.
Best candidate so far (LL=-2767.1)
             Value
asc_alt1_1 -0.0800
asc_alt1_2 -0.1566
asc_alt1_3  0.1157
asc_alt1_4  0.0995
asc_alt2_1  0.0358
asc_alt2_2  0.1040
asc_alt2_3 -0.0402
asc_alt2_4 -0.0590
asc_alt3_1  0.0000
asc_alt3_2  0.0000
asc_alt3_3  0.0000
asc_alt3_4  0.0000
b_x1_1      0.0395
b_x1_2     -0.8341
b_x1_3      0.6347
b_x1_4      1.2670
b_x2_1      0.7574
b_x2_2      0.0048
b_x2_3     -0.1869
b_x2_4      0.8575
b_x3_1      0.9800
b_x3_2      1.1396
b_x3_3      0.0757
b_x3_4      0.0071
b_x4_1      0.2894
b_x4_2      2.1099
b_x4_3      1.0156
b_x4_4     -0.3908
b_price_1  -1.5218
b_price_2  -2.1716
b_price_3  -1.0964
b_price_4  -1.7125
delta_1     0.4338
delta_2    -0.9093
delta_3     0.0765
delta_4     0.0000

Stage 4, 37 active candidates.
Estimating 20 BFGS iteration(s) for each active candidate.
 Candidate......LLstart.....LLfinish.....GradientNorm...Converged
         1        -2775        -2774           13.592           0
         6        -2775        -2768            6.858           0
         9        -2767        -2767            0.226           1
        10        -2775        -2773            4.689           0
        19        -2777        -2777            7.677           0
        22        -2767        -2767            0.055           0
        28        -2767        -2767                0           1
        29        -2767        -2767            0.086           1
        30        -2774        -2769           10.531           0
        37        -2768        -2768            0.201           0
        39        -2775        -2768            4.631           0
        40        -2777        -2777            1.826           0
        42        -2768        -2768            0.166           1
        45        -2767        -2767            0.193           1
        49        -2767        -2767             0.06           1
        51        -2768        -2768            0.065           1
        53        -2768        -2768            0.051           1
        57        -2774        -2768            4.203           0
        58        -2776        -2775            2.096           0
        62        -2767        -2767            0.086           1
        63        -2768        -2768            0.335           1
        71        -2774        -2768            4.627           0
        72        -2767        -2767            0.054           1
        73        -2767        -2767            0.208           1
        76        -2767        -2767            0.199           1
        77        -2768        -2767             2.49           0
        79        -2768        -2768            0.535           1
        81        -2767        -2767            0.297           1
        85        -2767        -2767            0.107           0
        86        -2767        -2767            0.142           0
        87        -2767        -2767            0.244           1
        91        -2767        -2767             0.44           0
        94        -2768        -2768            0.197           1
        96        -2767        -2767            0.095           1
        97        -2767        -2767            0.089           1
        99        -2767        -2767            0.272           1
       100        -2774        -2767            5.422           0
Candidate 1 dropped.
- Failed test 2: Converging to a worse solution than28
Candidate 6 dropped.
- Failed test 1: Too close to 51 in parameter space.
Candidate 10 dropped.
- Failed test 2: Converging to a worse solution than28
Candidate 19 dropped.
- Failed test 2: Converging to a worse solution than28
Candidate 39 dropped.
- Failed test 1: Too close to 79 in parameter space.
Candidate 40 dropped.
- Failed test 2: Converging to a worse solution than28
Candidate 57 dropped.
- Failed test 1: Too close to 42 in parameter space.
Candidate 58 dropped.
- Failed test 2: Converging to a worse solution than28
Candidate 77 dropped.
- Failed test 1: Too close to 22 in parameter space.
Candidate 100 dropped.
- Failed test 1: Too close to 72 in parameter space.
Best candidate so far (LL=-2767.1)
             Value
asc_alt1_1 -0.0803
asc_alt1_2 -0.1567
asc_alt1_3  0.0995
asc_alt1_4  0.1156
asc_alt2_1  0.0358
asc_alt2_2  0.1054
asc_alt2_3 -0.0589
asc_alt2_4 -0.0402
asc_alt3_1  0.0000
asc_alt3_2  0.0000
asc_alt3_3  0.0000
asc_alt3_4  0.0000
b_x1_1      0.0392
b_x1_2     -0.8360
b_x1_3      1.2669
b_x1_4      0.6340
b_x2_1      0.7573
b_x2_2      0.0045
b_x2_3      0.8576
b_x2_4     -0.1867
b_x3_1      0.9805
b_x3_2      1.1415
b_x3_3      0.0073
b_x3_4      0.0762
b_x4_1      0.2897
b_x4_2      2.1139
b_x4_3     -0.3907
b_x4_4      1.0156
b_price_1  -1.5220
b_price_2  -2.1727
b_price_3  -1.7121
b_price_4  -1.0963
delta_1     0.3558
delta_2    -0.9896
delta_3    -0.0771
delta_4     0.0000

Stage 5, 8 active candidates.
Estimating 20 BFGS iteration(s) for each active candidate.
 Candidate......LLstart.....LLfinish.....GradientNorm...Converged
        22        -2767        -2767            0.031           1
        30        -2769        -2768            4.576           0
        37        -2768        -2768            0.153           1
        71        -2768        -2768            0.395           0
        72        -2767        -2767                0           1
        85        -2767        -2767            0.074           1
        86        -2767        -2767            0.049           1
        91        -2767        -2767            0.037           1
Best candidate so far (LL=-2767.1)
             Value
asc_alt1_1 -0.1573
asc_alt1_2  0.0995
asc_alt1_3  0.1154
asc_alt1_4 -0.0799
asc_alt2_1  0.1040
asc_alt2_2 -0.0590
asc_alt2_3 -0.0400
asc_alt2_4  0.0358
asc_alt3_1  0.0000
asc_alt3_2  0.0000
asc_alt3_3  0.0000
asc_alt3_4  0.0000
b_x1_1     -0.8354
b_x1_2      1.2673
b_x1_3      0.6344
b_x1_4      0.0396
b_x2_1      0.0043
b_x2_2      0.8575
b_x2_3     -0.1869
b_x2_4      0.7573
b_x3_1      1.1413
b_x3_2      0.0071
b_x3_3      0.0759
b_x3_4      0.9802
b_x4_1      2.1131
b_x4_2     -0.3908
b_x4_3      1.0157
b_x4_4      0.2896
b_price_1  -2.1801
b_price_2  -1.7125
b_price_3  -1.0958
b_price_4  -1.5218
delta_1    -1.3447
delta_2    -0.4343
delta_3    -0.3575
delta_4     0.0000
Several observations per individual detected based on the value of ID.
  Setting panelData in apollo_control set to TRUE.
With setting noValidation=TRUE in apollo_control, your model code will
  not be validated prior to estimation. This may of course be
  deliberate for large models or models with many components.
All checks on apollo_control completed.
All checks on database completed.
INFORMATION: The use of apollo_lcEM has a number of requirements. No checks are run
  for these, so the user needs to ensure these conditions are met by
  their model: 
1: This function is only suitable for single component models, i.e. no
  use of apollo_combineModels or manual multiplication of model
  components.
2: Any parameters that vary across classes need to be included in the
  definition of random parameters in apollo_lcPars.
3: The entries in the lists in apollo_lcPars need to be individual
  parameters, not functions thereof.

Validating inputs of likelihood function (apollo_probabilities)

Initialising EM algorithm
Starting iteration: 1
- Current LL : -2936.675
- New LL     : -2879.081
- Improvement: 57.59365

Starting iteration: 2
- Current LL : -2879.081
- New LL     : -2872.011
- Improvement: 7.069963

Starting iteration: 3
- Current LL : -2872.011
- New LL     : -2862.231
- Improvement: 9.780284

Starting iteration: 4
- Current LL : -2862.231
- New LL     : -2852.815
- Improvement: 9.416385

Starting iteration: 5
- Current LL : -2852.815
- New LL     : -2843.92
- Improvement: 8.895135

Starting iteration: 6
- Current LL : -2843.92
- New LL     : -2828.95
- Improvement: 14.9693

Starting iteration: 7
- Current LL : -2828.95
- New LL     : -2803.681
- Improvement: 25.26955

Starting iteration: 8
- Current LL : -2803.681
- New LL     : -2786.701
- Improvement: 16.97978

Starting iteration: 9
- Current LL : -2786.701
- New LL     : -2782.095
- Improvement: 4.605999

Starting iteration: 10
- Current LL : -2782.095
- New LL     : -2780.759
- Improvement: 1.335786

Starting iteration: 11
- Current LL : -2780.759
- New LL     : -2780.01
- Improvement: 0.7491737

Starting iteration: 12
- Current LL : -2780.01
- New LL     : -2779.469
- Improvement: 0.5407422

Starting iteration: 13
- Current LL : -2779.469
- New LL     : -2779.073
- Improvement: 0.3966531

Starting iteration: 14
- Current LL : -2779.073
- New LL     : -2778.781
- Improvement: 0.2914577

Starting iteration: 15
- Current LL : -2778.781
- New LL     : -2778.555
- Improvement: 0.2260206

Starting iteration: 16
- Current LL : -2778.555
- New LL     : -2778.36
- Improvement: 0.1947526

Starting iteration: 17
- Current LL : -2778.36
- New LL     : -2778.172
- Improvement: 0.1879798

Starting iteration: 18
- Current LL : -2778.172
- New LL     : -2777.972
- Improvement: 0.2002026

Starting iteration: 19
- Current LL : -2777.972
- New LL     : -2777.745
- Improvement: 0.2270139

Starting iteration: 20
- Current LL : -2777.745
- New LL     : -2777.482
- Improvement: 0.2636218

Starting iteration: 21
- Current LL : -2777.482
- New LL     : -2777.173
- Improvement: 0.3082145

Starting iteration: 22
- Current LL : -2777.173
- New LL     : -2776.821
- Improvement: 0.3522754

Starting iteration: 23
- Current LL : -2776.821
- New LL     : -2776.438
- Improvement: 0.3834512

Starting iteration: 24
- Current LL : -2776.438
- New LL     : -2776.053
- Improvement: 0.3848462

Starting iteration: 25
- Current LL : -2776.053
- New LL     : -2775.703
- Improvement: 0.3497596

Starting iteration: 26
- Current LL : -2775.703
- New LL     : -2775.414
- Improvement: 0.2890932

Starting iteration: 27
- Current LL : -2775.414
- New LL     : -2775.189
- Improvement: 0.2251956

Starting iteration: 28
- Current LL : -2775.189
- New LL     : -2775.015
- Improvement: 0.1732215

Starting iteration: 29
- Current LL : -2775.015
- New LL     : -2774.876
- Improvement: 0.1394754

Starting iteration: 30
- Current LL : -2774.876
- New LL     : -2774.76
- Improvement: 0.1162808

Starting iteration: 31
- Current LL : -2774.76
- New LL     : -2774.657
- Improvement: 0.1024436

Starting iteration: 32
- Current LL : -2774.657
- New LL     : -2774.564
- Improvement: 0.09332167

Starting iteration: 33
- Current LL : -2774.564
- New LL     : -2774.478
- Improvement: 0.08643158

Starting iteration: 34
- Current LL : -2774.478
- New LL     : -2774.397
- Improvement: 0.08069511

Starting iteration: 35
- Current LL : -2774.397
- New LL     : -2774.32
- Improvement: 0.07649962

Starting iteration: 36
- Current LL : -2774.32
- New LL     : -2774.247
- Improvement: 0.07310405

Starting iteration: 37
- Current LL : -2774.247
- New LL     : -2774.177
- Improvement: 0.07041424

Starting iteration: 38
- Current LL : -2774.177
- New LL     : -2774.108
- Improvement: 0.06835535

Starting iteration: 39
- Current LL : -2774.108
- New LL     : -2774.041
- Improvement: 0.06778426

Starting iteration: 40
- Current LL : -2774.041
- New LL     : -2773.974
- Improvement: 0.0663449

Starting iteration: 41
- Current LL : -2773.974
- New LL     : -2773.908
- Improvement: 0.06583373

Starting iteration: 42
- Current LL : -2773.908
- New LL     : -2773.843
- Improvement: 0.06544256

Starting iteration: 43
- Current LL : -2773.843
- New LL     : -2773.777
- Improvement: 0.06587888

Starting iteration: 44
- Current LL : -2773.777
- New LL     : -2773.71
- Improvement: 0.06698778

Starting iteration: 45
- Current LL : -2773.71
- New LL     : -2773.642
- Improvement: 0.06796783

Starting iteration: 46
- Current LL : -2773.642
- New LL     : -2773.572
- Improvement: 0.07049953

Starting iteration: 47
- Current LL : -2773.572
- New LL     : -2773.498
- Improvement: 0.07336465

Starting iteration: 48
- Current LL : -2773.498
- New LL     : -2773.422
- Improvement: 0.07616605

Starting iteration: 49
- Current LL : -2773.422
- New LL     : -2773.343
- Improvement: 0.07908744

Starting iteration: 50
- Current LL : -2773.343
- New LL     : -2773.26
- Improvement: 0.08310161

Starting iteration: 51
- Current LL : -2773.26
- New LL     : -2773.173
- Improvement: 0.08706455

Starting iteration: 52
- Current LL : -2773.173
- New LL     : -2773.081
- Improvement: 0.09181036

Starting iteration: 53
- Current LL : -2773.081
- New LL     : -2772.984
- Improvement: 0.09663783

Starting iteration: 54
- Current LL : -2772.984
- New LL     : -2772.882
- Improvement: 0.102454

Starting iteration: 55
- Current LL : -2772.882
- New LL     : -2772.773
- Improvement: 0.1093289

Starting iteration: 56
- Current LL : -2772.773
- New LL     : -2772.657
- Improvement: 0.1161582

Starting iteration: 57
- Current LL : -2772.657
- New LL     : -2772.534
- Improvement: 0.1226509

Starting iteration: 58
- Current LL : -2772.534
- New LL     : -2772.403
- Improvement: 0.1309134

Starting iteration: 59
- Current LL : -2772.403
- New LL     : -2772.263
- Improvement: 0.1396894

Starting iteration: 60
- Current LL : -2772.263
- New LL     : -2772.115
- Improvement: 0.1483602

Starting iteration: 61
- Current LL : -2772.115
- New LL     : -2771.957
- Improvement: 0.1577038

Starting iteration: 62
- Current LL : -2771.957
- New LL     : -2771.79
- Improvement: 0.1674645

Starting iteration: 63
- Current LL : -2771.79
- New LL     : -2771.613
- Improvement: 0.1770628

Starting iteration: 64
- Current LL : -2771.613
- New LL     : -2771.43
- Improvement: 0.1827757

Starting iteration: 65
- Current LL : -2771.43
- New LL     : -2771.233
- Improvement: 0.1969066

Starting iteration: 66
- Current LL : -2771.233
- New LL     : -2771.029
- Improvement: 0.2040535

Starting iteration: 67
- Current LL : -2771.029
- New LL     : -2770.818
- Improvement: 0.2111132

Starting iteration: 68
- Current LL : -2770.818
- New LL     : -2770.602
- Improvement: 0.2162411

Starting iteration: 69
- Current LL : -2770.602
- New LL     : -2770.382
- Improvement: 0.219214

Starting iteration: 70
- Current LL : -2770.382
- New LL     : -2770.163
- Improvement: 0.219705

Starting iteration: 71
- Current LL : -2770.163
- New LL     : -2769.943
- Improvement: 0.2196724

Starting iteration: 72
- Current LL : -2769.943
- New LL     : -2769.73
- Improvement: 0.2130986

Starting iteration: 73
- Current LL : -2769.73
- New LL     : -2769.524
- Improvement: 0.2058571

Starting iteration: 74
- Current LL : -2769.524
- New LL     : -2769.328
- Improvement: 0.1959645

Starting iteration: 75
- Current LL : -2769.328
- New LL     : -2769.143
- Improvement: 0.1846221

Starting iteration: 76
- Current LL : -2769.143
- New LL     : -2768.972
- Improvement: 0.171871

Starting iteration: 77
- Current LL : -2768.972
- New LL     : -2768.813
- Improvement: 0.158304

Starting iteration: 78
- Current LL : -2768.813
- New LL     : -2768.669
- Improvement: 0.143951

Starting iteration: 79
- Current LL : -2768.669
- New LL     : -2768.54
- Improvement: 0.1292385

Starting iteration: 80
- Current LL : -2768.54
- New LL     : -2768.425
- Improvement: 0.1146432

Starting iteration: 81
- Current LL : -2768.425
- New LL     : -2768.325
- Improvement: 0.1005917

Starting iteration: 82
- Current LL : -2768.325
- New LL     : -2768.238
- Improvement: 0.08720773

Starting iteration: 83
- Current LL : -2768.238
- New LL     : -2768.163
- Improvement: 0.07488779

Starting iteration: 84
- Current LL : -2768.163
- New LL     : -2768.099
- Improvement: 0.0635992

Starting iteration: 85
- Current LL : -2768.099
- New LL     : -2768.046
- Improvement: 0.05356325

Starting iteration: 86
- Current LL : -2768.046
- New LL     : -2768.001
- Improvement: 0.04432399

Starting iteration: 87
- Current LL : -2768.001
- New LL     : -2767.964
- Improvement: 0.03685511

Starting iteration: 88
- Current LL : -2767.964
- New LL     : -2767.934
- Improvement: 0.03030458

Starting iteration: 89
- Current LL : -2767.934
- New LL     : -2767.909
- Improvement: 0.02495774

Starting iteration: 90
- Current LL : -2767.909
- New LL     : -2767.889
- Improvement: 0.02051532

Starting iteration: 91
- Current LL : -2767.889
- New LL     : -2767.872
- Improvement: 0.01674726

Starting iteration: 92
- Current LL : -2767.872
- New LL     : -2767.858
- Improvement: 0.01371662

Starting iteration: 93
- Current LL : -2767.858
- New LL     : -2767.847
- Improvement: 0.01132273

Starting iteration: 94
- Current LL : -2767.847
- New LL     : -2767.838
- Improvement: 0.009296444

Starting iteration: 95
- Current LL : -2767.838
- New LL     : -2767.83
- Improvement: 0.007703004

Starting iteration: 96
- Current LL : -2767.83
- New LL     : -2767.823
- Improvement: 0.006405805

Starting iteration: 97
- Current LL : -2767.823
- New LL     : -2767.818
- Improvement: 0.005436296

Starting iteration: 98
- Current LL : -2767.818
- New LL     : -2767.814
- Improvement: 0.004502587

Starting iteration: 99
- Current LL : -2767.814
- New LL     : -2767.81
- Improvement: 0.003796749

Starting iteration: 100
- Current LL : -2767.81
- New LL     : -2767.807
- Improvement: 0.003215606

EM algorithm stopped: maximum number of iterations reached!
No covariance matrix will be computed as convergence has not been
  reached. You may call apollo_addCovariance(model,apollo_inputs) to
  compute a covariance matrix at the current estimates.
[22:59:20]   done moderate|seed1 : gaps  klue_ml=+0.00  klue_em=-0.00  apollo_searchStart=-0.00  apollo_lcEM=-0.74  gmnl_lc=-0.00  apollo_ss_published=-0.70
[22:59:20] RUN  moderate|seed2  (K=4 kap=0.75 sig=0.25 corr=none)  arms: apollo_searchStart, apollo_lcEM
Several observations per individual detected based on the value of ID.
  Setting panelData in apollo_control set to TRUE.
All checks on apollo_control completed.
All checks on database completed.
Testing probability function (apollo_probabilities)
Apollo found a model component of type classAlloc without a
  componentName. The name was set to "classAlloc" by default.
INFORMATION: Setting "avail" is missing, so full availability is assumed. 
Apollo found a model component of type MNL without a componentName. The
  name was set to "Class_1" by default.
Apollo found a model component of type MNL without a componentName. The
  name was set to "Class_2" by default.
Apollo found a model component of type MNL without a componentName. The
  name was set to "Class_3" by default.
Apollo found a model component of type MNL without a componentName. The
  name was set to "Class_4" by default.
Pre-processing likelihood function...
INFORMATION: Apollo was not able to compute analytical gradients for your model.
  This could be because you are using model components for which
  analytical gradients are not yet implemented, or because you coded
  your own model functions. If however you only used apollo_mnl,
  apollo_fmnl, apollo_normalDensity, apollo_ol or apollo_op, then there
  could be another issue. You might want to ask for help in the Apollo
  forum (http://www.apollochoicemodelling.com/forum) on how to solve
  this issue. If you do, please post your code and data (if not
  confidential). 
Creating initial set of 100 candidate values.
Calculating LL of candidates 0%....50%.....100%

Stage 1, 100 active candidates.
Estimating 20 BFGS iteration(s) for each active candidate.
 Candidate......LLstart.....LLfinish.....GradientNorm...Converged
         1        -2942        -2786           45.574           0
         2        -2945        -2777           36.742           0
         3        -2939        -2772            15.03           0
         4        -2949        -2786           33.759           0
         5        -2936        -2768           12.191           0
         6        -2951        -2782           34.403           0
         7        -2941        -2767           24.139           0
         8        -2938        -2767            7.884           0
         9        -2941        -2779           44.724           0
        10        -2940        -2790           45.719           0
        11        -2938        -2779           45.901           0
        12        -2943        -2783           44.102           0
        13        -2925        -2773           23.962           0
        14        -2946        -2793           60.307           0
        15        -2937        -2768           10.464           0
        16        -2939        -2765            5.787           0
        17        -2943        -2779           25.153           0
        18        -2946        -2783           33.867           0
        19        -2949        -2770           17.248           0
        20        -2943        -2778           40.004           0
        21        -2934        -2785           34.988           0
        22        -2951        -2775           32.935           0
        23        -2940        -2772           29.957           0
        24        -2942        -2765           14.623           0
        25        -2953        -2767           23.182           0
        26        -2946        -2786            46.01           0
        27        -2940        -2782           40.511           0
        28        -2945        -2772           16.747           0
        29        -2946        -2775           33.156           0
        30        -2941        -2782            29.75           0
        31        -2941        -2774           28.681           0
        32        -2951        -2782            53.45           0
        33        -2952        -2768           21.964           0
        34        -2949        -2776           32.502           0
        35        -2937        -2778           36.047           0
        36        -2941        -2792           44.593           0
        37        -2936        -2783           28.854           0
        38        -2944        -2768           20.574           0
        39        -2943        -2788           52.919           0
        40        -2952        -2781           43.334           0
        41        -2942        -2783           36.694           0
        42        -2946        -2769           24.131           0
        43        -2941        -2783           34.066           0
        44        -2941        -2781           31.506           0
        45        -2949        -2792           20.728           0
        46        -2938        -2781           47.088           0
        47        -2939        -2770           16.978           0
        48        -2939        -2770           29.651           0
        49        -2950        -2782           50.607           0
        50        -2933        -2770           29.678           0
        51        -2930        -2771           34.009           0
        52        -2942        -2773           23.055           0
        53        -2930        -2773            26.88           0
        54        -2937        -2780           37.181           0
        55        -2939        -2765            9.036           0
        56        -2927        -2783           49.095           0
        57        -2945        -2778           51.702           0
        58        -2948        -2784           37.299           0
        59        -2933        -2785           30.585           0
        60        -2941        -2777           32.754           0
        61        -2941        -2781           40.877           0
        62        -2941        -2772           22.454           0
        63        -2942        -2768           12.099           0
        64        -2948        -2780           33.564           0
        65        -2946        -2764            9.312           0
        66        -2935        -2779           38.361           0
        67        -2941        -2779           33.779           0
        68        -2946        -2780           36.311           0
        69        -2960        -2775           24.531           0
        70        -2940        -2790           44.404           0
        71        -2958        -2776           24.309           0
        72        -2951        -2768           10.334           0
        73        -2944        -2767           22.327           0
        74        -2952        -2767           11.009           0
        75        -2936        -2774           27.669           0
        76        -2935        -2769           19.763           0
        77        -2946        -2774           32.848           0
        78        -2936        -2767           17.823           0
        79        -2955        -2784           46.407           0
        80        -2956        -2769           28.486           0
        81        -2948        -2767           19.288           0
        82        -2926        -2771           21.823           0
        83        -2938        -2779           38.077           0
        84        -2951        -2767           22.265           0
        85        -2940        -2774           20.399           0
        86        -2938        -2782            40.71           0
        87        -2941        -2772           50.181           0
        88        -2945        -2772           31.953           0
        89        -2937        -2785           30.677           0
        90        -2948        -2792           67.293           0
        91        -2938        -2782           46.195           0
        92        -2945        -2780           39.248           0
        93        -2930        -2785            48.27           0
        94        -2939        -2768           15.353           0
        95        -2942        -2777           33.584           0
        96        -2936        -2782           39.438           0
        97        -2947        -2766           19.524           0
        98        -2945        -2790           54.714           0
        99        -2948        -2779           36.818           0
       100        -2938        -2768            9.324           0
Candidate 5 dropped.
- Failed test 1: Too close to 8 in parameter space.
Candidate 23 dropped.
- Failed test 1: Too close to 72 in parameter space.
Candidate 24 dropped.
- Failed test 1: Too close to 55 in parameter space.
Candidate 51 dropped.
- Failed test 1: Too close to 55 in parameter space.
Candidate 78 dropped.
- Failed test 1: Too close to 81 in parameter space.
Candidate 100 dropped.
- Failed test 1: Too close to 72 in parameter space.
Best candidate so far (LL=-2763.8)
             Value
asc_alt1_1  0.0509
asc_alt1_2 -0.0389
asc_alt1_3 -0.1177
asc_alt1_4 -0.1390
asc_alt2_1  0.1806
asc_alt2_2  0.0927
asc_alt2_3 -0.2123
asc_alt2_4 -0.1785
asc_alt3_1  0.0000
asc_alt3_2  0.0000
asc_alt3_3  0.0000
asc_alt3_4  0.0000
b_x1_1      0.5110
b_x1_2      1.2025
b_x1_3      1.0405
b_x1_4      0.0118
b_x2_1      1.2031
b_x2_2      1.1711
b_x2_3     -0.2360
b_x2_4     -0.0175
b_x3_1      1.1821
b_x3_2     -0.3148
b_x3_3     -0.3864
b_x3_4      0.7328
b_x4_1      0.0529
b_x4_2      0.0435
b_x4_3      0.2484
b_x4_4      1.1037
b_price_1  -2.2234
b_price_2  -1.4312
b_price_3  -0.5174
b_price_4  -0.9486
delta_1    -0.5130
delta_2    -0.7241
delta_3    -1.2307
delta_4     0.0000

Stage 2, 94 active candidates.
Estimating 20 BFGS iteration(s) for each active candidate.
 Candidate......LLstart.....LLfinish.....GradientNorm...Converged
         1        -2786        -2765            8.219           0
         2        -2777        -2766            6.472           0
         3        -2772        -2768            7.297           0
         4        -2786        -2767           13.621           0
         6        -2782        -2767            9.683           0
         7        -2767        -2760            6.094           0
         8        -2767        -2765           12.627           0
         9        -2779        -2760            6.442           0
        10        -2790        -2767            6.101           0
        11        -2779        -2763            2.637           0
        12        -2783        -2762           12.501           0
        13        -2773        -2764           10.189           0
        14        -2793        -2767           26.724           0
        15        -2768        -2765           10.316           0
        16        -2765        -2765            5.083           0
        17        -2779        -2764             8.67           0
        18        -2783        -2771           10.839           0
        19        -2770        -2762            11.43           0
        20        -2778        -2763           12.132           0
        21        -2785        -2764           12.708           0
        22        -2775        -2766           10.557           0
        25        -2767        -2763            1.831           0
        26        -2786        -2764           11.338           0
        27        -2782        -2764            5.404           0
        28        -2772        -2770            3.367           0
        29        -2775        -2763            9.048           0
        30        -2782        -2762            9.264           0
        31        -2774        -2765            9.115           0
        32        -2782        -2762           11.675           0
        33        -2768        -2763            2.415           0
        34        -2776        -2767           11.468           0
        35        -2778        -2766           17.761           0
        36        -2792        -2771            7.368           0
        37        -2783        -2773            14.07           0
        38        -2768        -2763            5.165           0
        39        -2788        -2764            5.333           0
        40        -2781        -2761           11.666           0
        41        -2783        -2768            8.103           0
        42        -2769        -2764            4.439           0
        43        -2783        -2769            8.992           0
        44        -2781        -2764            7.923           0
        45        -2792        -2777           38.231           0
        46        -2781        -2763            8.071           0
        47        -2770        -2763            3.159           0
        48        -2770        -2763           10.154           0
        49        -2782        -2762           10.391           0
        50        -2770        -2760            5.054           0
        52        -2773        -2767            5.693           0
        53        -2773        -2764           10.551           0
        54        -2780        -2768             8.99           0
        55        -2765        -2763            1.378           0
        56        -2783        -2768           10.711           0
        57        -2778        -2763            8.353           0
        58        -2784        -2765           18.898           0
        59        -2785        -2771           18.724           0
        60        -2777        -2766            6.559           0
        61        -2781        -2765           23.695           0
        62        -2772        -2764            6.308           0
        63        -2768        -2765           10.921           0
        64        -2780        -2768           10.248           0
        65        -2764        -2763            2.223           0
        66        -2779        -2769            14.11           0
        67        -2779        -2763           13.668           0
        68        -2780        -2769            7.675           0
        69        -2775        -2761           14.483           0
        70        -2790        -2767            5.784           0
        71        -2776        -2767            3.654           0
        72        -2768        -2764           13.126           0
        73        -2767        -2763            4.392           0
        74        -2767        -2765            2.622           0
        75        -2774        -2763            2.608           0
        76        -2769        -2764            8.298           0
        77        -2774        -2763            1.751           0
        79        -2784        -2763            8.076           0
        80        -2769        -2763            1.933           0
        81        -2767        -2762            6.459           0
        82        -2771        -2767            6.369           0
        83        -2779        -2764            4.368           0
        84        -2767        -2763            6.084           0
        85        -2774        -2765            4.664           0
        86        -2782        -2768            5.648           0
        87        -2772        -2761           10.647           0
        88        -2772        -2762            8.395           0
        89        -2785        -2769            28.21           0
        90        -2792        -2767           11.275           0
        91        -2782        -2771           11.483           0
        92        -2780        -2762            9.757           0
        93        -2785        -2762            7.299           0
        94        -2768        -2765            1.361           0
        95        -2777        -2763            8.194           0
        96        -2782        -2766           10.595           0
        97        -2766        -2763            2.062           0
        98        -2790        -2767            6.355           0
        99        -2779        -2763            8.399           0
Candidate 1 dropped.
- Failed test 1: Too close to 83 in parameter space.
Candidate 7 dropped.
- Failed test 1: Too close to 9 in parameter space.
Candidate 12 dropped.
- Failed test 1: Too close to 30, 32, 88 in parameter space.
Candidate 13 dropped.
- Failed test 1: Too close to 84 in parameter space.
Candidate 14 dropped.
- Failed test 1: Too close to 47, 85 in parameter space.
Candidate 15 dropped.
- Failed test 1: Too close to 74 in parameter space.
Candidate 16 dropped.
- Failed test 1: Too close to 55, 73, 99 in parameter space.
Candidate 17 dropped.
- Failed test 1: Too close to 84, 95 in parameter space.
Candidate 19 dropped.
- Failed test 1: Too close to 12, 30, 32, 88 in parameter space.
Candidate 20 dropped.
- Failed test 1: Too close to 81 in parameter space.
Candidate 29 dropped.
- Failed test 1: Too close to 67 in parameter space.
Candidate 30 dropped.
- Failed test 1: Too close to 88 in parameter space.
Candidate 32 dropped.
- Failed test 1: Too close to 30, 88 in parameter space.
Candidate 33 dropped.
- Failed test 1: Too close to 25 in parameter space.
Candidate 35 dropped.
- Failed test 1: Too close to 25, 33 in parameter space.
Candidate 38 dropped.
- Failed test 1: Too close to 65, 97 in parameter space.
Candidate 42 dropped.
- Failed test 1: Too close to 39 in parameter space.
Candidate 46 dropped.
- Failed test 1: Too close to 48, 49 in parameter space.
Candidate 48 dropped.
- Failed test 1: Too close to 49, 93 in parameter space.
Candidate 49 dropped.
- Failed test 1: Too close to 93 in parameter space.
Candidate 58 dropped.
- Failed test 1: Too close to 39 in parameter space.
Candidate 65 dropped.
- Failed test 1: Too close to 97 in parameter space.
Candidate 68 dropped.
- Failed test 1: Too close to 86 in parameter space.
Candidate 69 dropped.
- Failed test 1: Too close to 7, 9 in parameter space.
Candidate 72 dropped.
- Failed test 1: Too close to 19 in parameter space.
Candidate 73 dropped.
- Failed test 1: Too close to 55 in parameter space.
Candidate 76 dropped.
- Failed test 1: Too close to 79 in parameter space.
Candidate 77 dropped.
- Failed test 1: Too close to 80 in parameter space.
Candidate 79 dropped.
- Failed test 1: Too close to 38, 65, 97 in parameter space.
Candidate 95 dropped.
- Failed test 1: Too close to 84 in parameter space.
Candidate 99 dropped.
- Failed test 1: Too close to 55, 73 in parameter space.
Best candidate so far (LL=-2760.2)
             Value
asc_alt1_1  0.0268
asc_alt1_2 -0.1034
asc_alt1_3  1.7154
asc_alt1_4 -0.1309
asc_alt2_1  0.2265
asc_alt2_2 -0.1666
asc_alt2_3  1.8098
asc_alt2_4 -0.1000
asc_alt3_1  0.0000
asc_alt3_2  0.0000
asc_alt3_3  0.0000
asc_alt3_4  0.0000
b_x1_1      0.5225
b_x1_2      0.0390
b_x1_3      4.1813
b_x1_4      1.1176
b_x2_1      1.2811
b_x2_2     -0.0062
b_x2_3      3.3568
b_x2_4      0.3976
b_x3_1      1.0652
b_x3_2      0.7259
b_x3_3     -3.1605
b_x3_4     -0.2189
b_x4_1      0.0175
b_x4_2      1.0844
b_x4_3      1.1593
b_x4_4      0.0232
b_price_1  -2.2681
b_price_2  -0.9477
b_price_3  -1.1526
b_price_4  -0.9921
delta_1     0.0114
delta_2     0.4896
delta_3    -2.0793
delta_4     0.0000

Stage 3, 63 active candidates.
Estimating 20 BFGS iteration(s) for each active candidate.
 Candidate......LLstart.....LLfinish.....GradientNorm...Converged
         2        -2766        -2765            4.653           0
         3        -2768        -2767           11.488           0
         4        -2767        -2765             4.34           0
         6        -2767        -2765            7.687           0
         8        -2765        -2762            6.412           0
         9        -2760        -2760            0.748           0
        10        -2767        -2764            6.908           0
        11        -2763        -2763            0.383           0
        18        -2771        -2768            9.177           0
        21        -2764        -2762            11.24           0
        22        -2766        -2761            4.691           0
        25        -2763        -2763            2.015           0
        26        -2764        -2763            2.399           0
        27        -2764        -2763            1.564           0
        28        -2770        -2770            8.883           0
        31        -2765        -2763            2.831           0
        34        -2767        -2765            3.866           0
        36        -2771        -2770            2.412           0
        37        -2773        -2771            7.836           0
        39        -2764        -2763            6.638           0
        40        -2761        -2760            1.906           0
        41        -2768        -2767            2.918           0
        43        -2769        -2767            4.366           0
        44        -2764        -2763            5.428           0
        45        -2777        -2768            5.726           0
        47        -2763        -2763             3.08           0
        50        -2760        -2760            1.316           0
        52        -2767        -2763           13.203           0
        53        -2764        -2762           10.596           0
        54        -2768        -2766            8.442           0
        55        -2763        -2763             0.24           0
        56        -2768        -2767             4.36           0
        57        -2763        -2763            2.725           0
        59        -2771        -2763            5.556           0
        60        -2766        -2765            2.316           0
        61        -2765        -2760            3.891           0
        62        -2764        -2763            3.673           0
        63        -2765        -2763            4.013           0
        64        -2768        -2766            8.415           0
        66        -2769        -2765            8.123           0
        67        -2763        -2761            1.689           0
        70        -2767        -2767            7.017           0
        71        -2767        -2764           11.119           0
        74        -2765        -2764            9.346           0
        75        -2763        -2763            0.323           0
        80        -2763        -2763            0.695           1
        81        -2762        -2761            0.513           0
        82        -2767        -2762           11.912           0
        83        -2764        -2763            3.916           0
        84        -2763        -2761            4.417           0
        85        -2765        -2764            7.558           0
        86        -2768        -2767            7.339           0
        87        -2761        -2760            3.046           0
        88        -2762        -2761            0.598           0
        89        -2769        -2763            7.059           0
        90        -2767        -2765            4.152           0
        91        -2771        -2769              7.4           0
        92        -2762        -2761            1.693           0
        93        -2762        -2761             1.11           0
        94        -2765        -2764           11.251           0
        96        -2766        -2764             5.94           0
        97        -2763        -2763            0.132           1
        98        -2767        -2766           10.406           0
Candidate 8 dropped.
- Failed test 1: Too close to 67, 93 in parameter space.
Candidate 21 dropped.
- Failed test 1: Too close to 88 in parameter space.
Candidate 22 dropped.
- Failed test 1: Too close to 81 in parameter space.
Candidate 25 dropped.
- Failed test 1: Too close to 11, 62 in parameter space.
Candidate 26 dropped.
- Failed test 1: Too close to 80 in parameter space.
Candidate 45 dropped.
- Failed test 1: Too close to 43 in parameter space.
Candidate 47 dropped.
- Failed test 1: Too close to 26, 80 in parameter space.
Candidate 52 dropped.
- Failed test 1: Too close to 84 in parameter space.
Candidate 59 dropped.
- Failed test 1: Too close to 26, 47, 80 in parameter space.
Candidate 62 dropped.
- Failed test 1: Too close to 11 in parameter space.
Candidate 63 dropped.
- Failed test 1: Too close to 97 in parameter space.
Candidate 67 dropped.
- Failed test 1: Too close to 93 in parameter space.
Candidate 71 dropped.
- Failed test 1: Too close to 63, 97 in parameter space.
Candidate 82 dropped.
- Failed test 1: Too close to 21, 88 in parameter space.
Candidate 85 dropped.
- Failed test 1: Too close to 26, 47, 59, 80 in parameter space.
Candidate 87 dropped.
- Failed test 1: Too close to 40 in parameter space.
Candidate 94 dropped.
- Failed test 1: Too close to 75 in parameter space.
Candidate 96 dropped.
- Failed test 1: Too close to 44 in parameter space.
Best candidate so far (LL=-2759.9)
             Value
asc_alt1_1  0.0098
asc_alt1_2 -0.0860
asc_alt1_3  1.8010
asc_alt1_4 -0.1511
asc_alt2_1  0.2159
asc_alt2_2 -0.1508
asc_alt2_3  1.8989
asc_alt2_4 -0.1260
asc_alt3_1  0.0000
asc_alt3_2  0.0000
asc_alt3_3  0.0000
asc_alt3_4  0.0000
b_x1_1      0.4997
b_x1_2      0.0205
b_x1_3      4.2032
b_x1_4      1.1430
b_x2_1      1.2698
b_x2_2     -0.0289
b_x2_3      3.2804
b_x2_4      0.4310
b_x3_1      1.0641
b_x3_2      0.7279
b_x3_3     -3.2080
b_x3_4     -0.2185
b_x4_1      0.0083
b_x4_2      1.0802
b_x4_3      1.1488
b_x4_4      0.0329
b_price_1  -2.2742
b_price_2  -0.8982
b_price_3  -1.1580
b_price_4  -1.0220
delta_1     0.0378
delta_2     0.4762
delta_3    -2.2200
delta_4     0.0000

Stage 4, 43 active candidates.
Estimating 20 BFGS iteration(s) for each active candidate.
 Candidate......LLstart.....LLfinish.....GradientNorm...Converged
         2        -2765        -2765            6.057           0
         3        -2767        -2765            3.763           0
         4        -2765        -2765            1.429           0
         6        -2765        -2764            4.455           0
         9        -2760        -2760            0.126           0
        10        -2764        -2763             7.38           0
        11        -2763        -2763            0.046           1
        18        -2768        -2767            3.228           0
        27        -2763        -2763            2.252           0
        28        -2770        -2766             5.89           0
        31        -2763        -2763            4.905           0
        34        -2765        -2765            2.427           0
        36        -2770        -2770            2.296           0
        37        -2771        -2770            1.139           0
        39        -2763        -2762           11.651           0
        40        -2760        -2760            0.372           0
        41        -2767        -2767            6.686           0
        43        -2767        -2767            7.486           0
        44        -2763        -2762            8.944           0
        50        -2760        -2760            0.353           0
        53        -2762        -2761            0.913           0
        54        -2766        -2765            4.169           0
        55        -2763        -2763            0.045           1
        56        -2767        -2767            6.672           0
        57        -2763        -2763             0.88           0
        60        -2765        -2765            0.789           0
        61        -2760        -2760            0.337           0
        64        -2766        -2765            3.268           0
        66        -2765        -2763            4.985           0
        70        -2767        -2765             9.65           0
        74        -2764        -2763            2.439           0
        75        -2763        -2763            0.101           1
        81        -2761        -2761            0.105           1
        83        -2763        -2762            9.058           0
        84        -2761        -2761            0.208           0
        86        -2767        -2767            4.583           0
        88        -2761        -2761             0.28           1
        89        -2763        -2762            9.165           0
        90        -2765        -2765            0.897           0
        91        -2769        -2768            1.615           0
        92        -2761        -2761            0.039           1
        93        -2761        -2761            0.084           1
        98        -2766        -2765             4.14           0
Candidate 39 dropped.
- Failed test 1: Too close to 93 in parameter space.
Candidate 83 dropped.
- Failed test 1: Too close to 88 in parameter space.
Candidate 89 dropped.
- Failed test 1: Too close to 84 in parameter space.
Best candidate so far (LL=-2759.9)
             Value
asc_alt1_1  0.0131
asc_alt1_2 -0.0883
asc_alt1_3  1.7848
asc_alt1_4 -0.1524
asc_alt2_1  0.2167
asc_alt2_2 -0.1538
asc_alt2_3  1.8866
asc_alt2_4 -0.1256
asc_alt3_1  0.0000
asc_alt3_2  0.0000
asc_alt3_3  0.0000
asc_alt3_4  0.0000
b_x1_1      0.4973
b_x1_2      0.0192
b_x1_3      4.2194
b_x1_4      1.1377
b_x2_1      1.2668
b_x2_2     -0.0302
b_x2_3      3.2957
b_x2_4      0.4298
b_x3_1      1.0628
b_x3_2      0.7292
b_x3_3     -3.2353
b_x3_4     -0.2174
b_x4_1      0.0095
b_x4_2      1.0814
b_x4_3      1.1555
b_x4_4      0.0359
b_price_1  -2.2687
b_price_2  -0.8993
b_price_3  -1.1581
b_price_4  -1.0190
delta_1     0.0380
delta_2     0.4767
delta_3    -2.2140
delta_4     0.0000

Stage 5, 33 active candidates.
Estimating 20 BFGS iteration(s) for each active candidate.
 Candidate......LLstart.....LLfinish.....GradientNorm...Converged
         2        -2765        -2764            3.862           0
         3        -2765        -2765            1.047           0
         4        -2765        -2765            1.109           0
         6        -2764        -2764             4.27           0
         9        -2760        -2760            0.067           1
        10        -2763        -2762            9.077           0
        18        -2767        -2767            4.803           0
        27        -2763        -2763             1.08           0
        28        -2766        -2762            8.412           0
        31        -2763        -2761            4.361           0
        34        -2765        -2765            0.394           0
        36        -2770        -2770            1.597           0
        37        -2770        -2770            0.323           0
        40        -2760        -2760            0.205           1
        41        -2767        -2766            6.967           0
        43        -2767        -2766            4.609           0
        44        -2762        -2761            1.195           0
        50        -2760        -2760            0.067           1
        53        -2761        -2761             0.09           1
        54        -2765        -2765             2.43           0
        56        -2767        -2766            2.233           0
        57        -2763        -2762             0.24           0
        60        -2765        -2765            0.334           0
        61        -2760        -2760            0.074           1
        64        -2765        -2765            1.068           0
        66        -2763        -2763            2.687           0
        70        -2765        -2765             4.82           0
        74        -2763        -2763            0.308           0
        84        -2761        -2761            0.074           1
        86        -2767        -2766            5.586           0
        90        -2765        -2765            0.251           1
        91        -2768        -2768            2.607           0
        98        -2765        -2765            7.702           0
Candidate 28 dropped.
- Failed test 1: Too close to 31 in parameter space.
Candidate 98 dropped.
- Failed test 1: Too close to 2 in parameter space.
Best candidate so far (LL=-2759.9)
             Value
asc_alt1_1  0.0135
asc_alt1_2  1.7991
asc_alt1_3 -0.1519
asc_alt1_4 -0.0884
asc_alt2_1  0.2169
asc_alt2_2  1.9133
asc_alt2_3 -0.1254
asc_alt2_4 -0.1538
asc_alt3_1  0.0000
asc_alt3_2  0.0000
asc_alt3_3  0.0000
asc_alt3_4  0.0000
b_x1_1      0.4975
b_x1_2      4.2535
b_x1_3      1.1371
b_x1_4      0.0185
b_x2_1      1.2668
b_x2_2      3.3240
b_x2_3      0.4291
b_x2_4     -0.0301
b_x3_1      1.0622
b_x3_2     -3.2530
b_x3_3     -0.2175
b_x3_4      0.7302
b_x4_1      0.0095
b_x4_2      1.1602
b_x4_3      0.0376
b_x4_4      1.0815
b_price_1  -2.2672
b_price_2  -1.1863
b_price_3  -1.0163
b_price_4  -0.9001
delta_1    -0.4370
delta_2    -2.6911
delta_3    -0.4733
delta_4     0.0000
Several observations per individual detected based on the value of ID.
  Setting panelData in apollo_control set to TRUE.
With setting noValidation=TRUE in apollo_control, your model code will
  not be validated prior to estimation. This may of course be
  deliberate for large models or models with many components.
All checks on apollo_control completed.
All checks on database completed.
INFORMATION: The use of apollo_lcEM has a number of requirements. No checks are run
  for these, so the user needs to ensure these conditions are met by
  their model: 
1: This function is only suitable for single component models, i.e. no
  use of apollo_combineModels or manual multiplication of model
  components.
2: Any parameters that vary across classes need to be included in the
  definition of random parameters in apollo_lcPars.
3: The entries in the lists in apollo_lcPars need to be individual
  parameters, not functions thereof.

Validating inputs of likelihood function (apollo_probabilities)

Initialising EM algorithm
Starting iteration: 1
- Current LL : -2941.912
- New LL     : -2883.406
- Improvement: 58.50585

Starting iteration: 2
- Current LL : -2883.406
- New LL     : -2874.109
- Improvement: 9.297588

Starting iteration: 3
- Current LL : -2874.109
- New LL     : -2863.549
- Improvement: 10.55994

Starting iteration: 4
- Current LL : -2863.549
- New LL     : -2854.584
- Improvement: 8.964906

Starting iteration: 5
- Current LL : -2854.584
- New LL     : -2842.588
- Improvement: 11.99613

Starting iteration: 6
- Current LL : -2842.588
- New LL     : -2818.288
- Improvement: 24.30024

Starting iteration: 7
- Current LL : -2818.288
- New LL     : -2793.472
- Improvement: 24.81532

Starting iteration: 8
- Current LL : -2793.472
- New LL     : -2783.277
- Improvement: 10.19477

Starting iteration: 9
- Current LL : -2783.277
- New LL     : -2779.415
- Improvement: 3.862463

Starting iteration: 10
- Current LL : -2779.415
- New LL     : -2776.632
- Improvement: 2.783388

Starting iteration: 11
- Current LL : -2776.632
- New LL     : -2774.174
- Improvement: 2.457728

Starting iteration: 12
- Current LL : -2774.174
- New LL     : -2772.075
- Improvement: 2.098795

Starting iteration: 13
- Current LL : -2772.075
- New LL     : -2770.372
- Improvement: 1.702704

Starting iteration: 14
- Current LL : -2770.372
- New LL     : -2769.065
- Improvement: 1.307742

Starting iteration: 15
- Current LL : -2769.065
- New LL     : -2768.091
- Improvement: 0.9736997

Starting iteration: 16
- Current LL : -2768.091
- New LL     : -2767.368
- Improvement: 0.7225619

Starting iteration: 17
- Current LL : -2767.368
- New LL     : -2766.825
- Improvement: 0.5431295

Starting iteration: 18
- Current LL : -2766.825
- New LL     : -2766.412
- Improvement: 0.4130814

Starting iteration: 19
- Current LL : -2766.412
- New LL     : -2766.095
- Improvement: 0.3170566

Starting iteration: 20
- Current LL : -2766.095
- New LL     : -2765.851
- Improvement: 0.24443

Starting iteration: 21
- Current LL : -2765.851
- New LL     : -2765.661
- Improvement: 0.1892094

Starting iteration: 22
- Current LL : -2765.661
- New LL     : -2765.514
- Improvement: 0.1471017

Starting iteration: 23
- Current LL : -2765.514
- New LL     : -2765.399
- Improvement: 0.1155917

Starting iteration: 24
- Current LL : -2765.399
- New LL     : -2765.308
- Improvement: 0.09120703

Starting iteration: 25
- Current LL : -2765.308
- New LL     : -2765.234
- Improvement: 0.07314334

Starting iteration: 26
- Current LL : -2765.234
- New LL     : -2765.175
- Improvement: 0.05910755

Starting iteration: 27
- Current LL : -2765.175
- New LL     : -2765.127
- Improvement: 0.04838726

Starting iteration: 28
- Current LL : -2765.127
- New LL     : -2765.086
- Improvement: 0.04039768

Starting iteration: 29
- Current LL : -2765.086
- New LL     : -2765.052
- Improvement: 0.03404023

Starting iteration: 30
- Current LL : -2765.052
- New LL     : -2765.023
- Improvement: 0.02897644

Starting iteration: 31
- Current LL : -2765.023
- New LL     : -2764.999
- Improvement: 0.0248523

Starting iteration: 32
- Current LL : -2764.999
- New LL     : -2764.977
- Improvement: 0.02157589

Starting iteration: 33
- Current LL : -2764.977
- New LL     : -2764.958
- Improvement: 0.01887742

Starting iteration: 34
- Current LL : -2764.958
- New LL     : -2764.942
- Improvement: 0.01646852

Starting iteration: 35
- Current LL : -2764.942
- New LL     : -2764.927
- Improvement: 0.01464281

Starting iteration: 36
- Current LL : -2764.927
- New LL     : -2764.914
- Improvement: 0.01298922

Starting iteration: 37
- Current LL : -2764.914
- New LL     : -2764.902
- Improvement: 0.01167749

Starting iteration: 38
- Current LL : -2764.902
- New LL     : -2764.892
- Improvement: 0.01053398

Starting iteration: 39
- Current LL : -2764.892
- New LL     : -2764.882
- Improvement: 0.009601662

Starting iteration: 40
- Current LL : -2764.882
- New LL     : -2764.874
- Improvement: 0.008495782

Starting iteration: 41
- Current LL : -2764.874
- New LL     : -2764.866
- Improvement: 0.007892046

Starting iteration: 42
- Current LL : -2764.866
- New LL     : -2764.859
- Improvement: 0.007093167

Starting iteration: 43
- Current LL : -2764.859
- New LL     : -2764.852
- Improvement: 0.006290169

Starting iteration: 44
- Current LL : -2764.852
- New LL     : -2764.847
- Improvement: 0.005923124

Starting iteration: 45
- Current LL : -2764.847
- New LL     : -2764.841
- Improvement: 0.005280902

Starting iteration: 46
- Current LL : -2764.841
- New LL     : -2764.836
- Improvement: 0.004997611

Starting iteration: 47
- Current LL : -2764.836
- New LL     : -2764.832
- Improvement: 0.004544571

Starting iteration: 48
- Current LL : -2764.832
- New LL     : -2764.828
- Improvement: 0.004103996

Starting iteration: 49
- Current LL : -2764.828
- New LL     : -2764.824
- Improvement: 0.003739058

Starting iteration: 50
- Current LL : -2764.824
- New LL     : -2764.82
- Improvement: 0.00345535

Starting iteration: 51
- Current LL : -2764.82
- New LL     : -2764.817
- Improvement: 0.003211069

Starting iteration: 52
- Current LL : -2764.817
- New LL     : -2764.814
- Improvement: 0.002930078

Starting iteration: 53
- Current LL : -2764.814
- New LL     : -2764.812
- Improvement: 0.00274587

Starting iteration: 54
- Current LL : -2764.812
- New LL     : -2764.809
- Improvement: 0.002526662

Starting iteration: 55
- Current LL : -2764.809
- New LL     : -2764.807
- Improvement: 0.002383067

Starting iteration: 56
- Current LL : -2764.807
- New LL     : -2764.804
- Improvement: 0.002176213

Starting iteration: 57
- Current LL : -2764.804
- New LL     : -2764.802
- Improvement: 0.002087986

Starting iteration: 58
- Current LL : -2764.802
- New LL     : -2764.8
- Improvement: 0.001956524

Starting iteration: 59
- Current LL : -2764.8
- New LL     : -2764.799
- Improvement: 0.001829183

Starting iteration: 60
- Current LL : -2764.799
- New LL     : -2764.797
- Improvement: 0.001694057

Starting iteration: 61
- Current LL : -2764.797
- New LL     : -2764.795
- Improvement: 0.001596404

Starting iteration: 62
- Current LL : -2764.795
- New LL     : -2764.794
- Improvement: 0.001504766

Starting iteration: 63
- Current LL : -2764.794
- New LL     : -2764.792
- Improvement: 0.001427151

Starting iteration: 64
- Current LL : -2764.792
- New LL     : -2764.791
- Improvement: 0.001304327

Starting iteration: 65
- Current LL : -2764.791
- New LL     : -2764.79
- Improvement: 0.001276279

Starting iteration: 66
- Current LL : -2764.79
- New LL     : -2764.789
- Improvement: 0.001272385

Starting iteration: 67
- Current LL : -2764.789
- New LL     : -2764.787
- Improvement: 0.001183346

Starting iteration: 68
- Current LL : -2764.787
- New LL     : -2764.786
- Improvement: 0.001126902

Starting iteration: 69
- Current LL : -2764.786
- New LL     : -2764.785
- Improvement: 0.001063948

Starting iteration: 70
- Current LL : -2764.785
- New LL     : -2764.784
- Improvement: 0.0009755052

Starting iteration: 71
- Current LL : -2764.784
- New LL     : -2764.783
- Improvement: 0.0009588611

Starting iteration: 72
- Current LL : -2764.783
- New LL     : -2764.782
- Improvement: 0.0008906047

Starting iteration: 73
- Current LL : -2764.782
- New LL     : -2764.781
- Improvement: 0.0008774869

Starting iteration: 74
- Current LL : -2764.781
- New LL     : -2764.781
- Improvement: 0.0008299669

Starting iteration: 75
- Current LL : -2764.781
- New LL     : -2764.78
- Improvement: 0.0007886491

Starting iteration: 76
- Current LL : -2764.78
- New LL     : -2764.779
- Improvement: 0.0006984133

Starting iteration: 77
- Current LL : -2764.779
- New LL     : -2764.778
- Improvement: 0.0007172292

Starting iteration: 78
- Current LL : -2764.778
- New LL     : -2764.778
- Improvement: 0.0006207323

Starting iteration: 79
- Current LL : -2764.778
- New LL     : -2764.777
- Improvement: 0.0006413087

Starting iteration: 80
- Current LL : -2764.777
- New LL     : -2764.777
- Improvement: 0.0006378763

Starting iteration: 81
- Current LL : -2764.777
- New LL     : -2764.776
- Improvement: 0.0005646547

Starting iteration: 82
- Current LL : -2764.776
- New LL     : -2764.775
- Improvement: 0.0005469656

Starting iteration: 83
- Current LL : -2764.775
- New LL     : -2764.775
- Improvement: 0.0005231599

Starting iteration: 84
- Current LL : -2764.775
- New LL     : -2764.774
- Improvement: 0.0005500798

Starting iteration: 85
- Current LL : -2764.774
- New LL     : -2764.774
- Improvement: 0.0004863189

Starting iteration: 86
- Current LL : -2764.774
- New LL     : -2764.773
- Improvement: 0.0004598116

Starting iteration: 87
- Current LL : -2764.773
- New LL     : -2764.773
- Improvement: 0.000454639

Starting iteration: 88
- Current LL : -2764.773
- New LL     : -2764.772
- Improvement: 0.000441259

Starting iteration: 89
- Current LL : -2764.772
- New LL     : -2764.772
- Improvement: 0.0003888965

Starting iteration: 90
- Current LL : -2764.772
- New LL     : -2764.772
- Improvement: 0.0004078715

Starting iteration: 91
- Current LL : -2764.772
- New LL     : -2764.771
- Improvement: 0.0003692125

Starting iteration: 92
- Current LL : -2764.771
- New LL     : -2764.771
- Improvement: 0.0003866669

Starting iteration: 93
- Current LL : -2764.771
- New LL     : -2764.771
- Improvement: 0.0003984556

Starting iteration: 94
- Current LL : -2764.771
- New LL     : -2764.77
- Improvement: 0.0003809192

Starting iteration: 95
- Current LL : -2764.77
- New LL     : -2764.77
- Improvement: 0.0003507513

Starting iteration: 96
- Current LL : -2764.77
- New LL     : -2764.769
- Improvement: 0.0003380988

Starting iteration: 97
- Current LL : -2764.769
- New LL     : -2764.769
- Improvement: 0.0003241803

Starting iteration: 98
- Current LL : -2764.769
- New LL     : -2764.769
- Improvement: 0.0003421457

Starting iteration: 99
- Current LL : -2764.769
- New LL     : -2764.768
- Improvement: 0.0003154111

Starting iteration: 100
- Current LL : -2764.768
- New LL     : -2764.768
- Improvement: 0.0003075648

EM algorithm stopped: maximum number of iterations reached!
No covariance matrix will be computed as convergence has not been
  reached. You may call apollo_addCovariance(model,apollo_inputs) to
  compute a covariance matrix at the current estimates.
[23:30:55]   NOTE moderate|seed2: a new arm improved the best LL by +1.364 -- existing gaps shift
[23:30:55]   done moderate|seed2 : gaps  klue_ml=-1.36  klue_em=-1.36  apollo_searchStart=+0.00  apollo_lcEM=-4.85  gmnl_lc=-1.36  apollo_ss_published=-1.36
[23:30:55] RUN  moderate|seed3  (K=4 kap=0.75 sig=0.25 corr=none)  arms: apollo_searchStart, apollo_lcEM
Several observations per individual detected based on the value of ID.
  Setting panelData in apollo_control set to TRUE.
All checks on apollo_control completed.
All checks on database completed.
Testing probability function (apollo_probabilities)
Apollo found a model component of type classAlloc without a
  componentName. The name was set to "classAlloc" by default.
INFORMATION: Setting "avail" is missing, so full availability is assumed. 
Apollo found a model component of type MNL without a componentName. The
  name was set to "Class_1" by default.
Apollo found a model component of type MNL without a componentName. The
  name was set to "Class_2" by default.
Apollo found a model component of type MNL without a componentName. The
  name was set to "Class_3" by default.
Apollo found a model component of type MNL without a componentName. The
  name was set to "Class_4" by default.
Pre-processing likelihood function...
INFORMATION: Apollo was not able to compute analytical gradients for your model.
  This could be because you are using model components for which
  analytical gradients are not yet implemented, or because you coded
  your own model functions. If however you only used apollo_mnl,
  apollo_fmnl, apollo_normalDensity, apollo_ol or apollo_op, then there
  could be another issue. You might want to ask for help in the Apollo
  forum (http://www.apollochoicemodelling.com/forum) on how to solve
  this issue. If you do, please post your code and data (if not
  confidential). 
Creating initial set of 100 candidate values.
Calculating LL of candidates 0%....50%.....100%

Stage 1, 100 active candidates.
Estimating 20 BFGS iteration(s) for each active candidate.
 Candidate......LLstart.....LLfinish.....GradientNorm...Converged
         1        -2896        -2749           32.716           0
         2        -2899        -2750           33.622           0
         3        -2893        -2742           24.062           0
         4        -2904        -2739           19.477           0
         5        -2889        -2740            5.909           0
         6        -2908        -2743           18.069           0
         7        -2897        -2738           19.934           0
         8        -2890        -2742            21.22           0
         9        -2898        -2737           16.429           0
        10        -2893        -2743           24.079           0
        11        -2889        -2743           17.527           0
        12        -2897        -2741           19.223           0
        13        -2879        -2742           12.007           0
        14        -2899        -2744           15.233           0
        15        -2892        -2736            14.94           0
        16        -2896        -2734           14.392           0
        17        -2896        -2742           12.455           0
        18        -2901        -2741           21.485           0
        19        -2904        -2739           22.262           0
        20        -2899        -2741           32.344           0
        21        -2891        -2747           31.838           0
        22        -2906        -2744           20.893           0
        23        -2900        -2740           24.175           0
        24        -2897        -2736           16.229           0
        25        -2910        -2738           14.671           0
        26        -2903        -2744           27.139           0
        27        -2896        -2738            10.76           0
        28        -2901        -2734           10.067           0
        29        -2904        -2742           11.957           0
        30        -2893        -2743           22.827           0
        31        -2896        -2741           23.328           0
        32        -2905        -2747           21.979           0
        33        -2906        -2745           32.751           0
        34        -2904        -2738           17.796           0
        35        -2892        -2740           26.089           0
        36        -2898        -2742           27.389           0
        37        -2890        -2743           18.975           0
        38        -2900        -2750            24.02           0
        39        -2897        -2743           27.978           0
        40        -2905        -2742           15.834           0
        41        -2895        -2740           24.214           0
        42        -2902        -2739           17.658           0
        43        -2895        -2743           10.127           0
        44        -2897        -2764           62.751           0
        45        -2904        -2737           13.419           0
        46        -2891        -2738           15.404           0
        47        -2892        -2739           19.486           0
        48        -2895        -2737           15.209           0
        49        -2905        -2747           31.344           0
        50        -2888        -2748           30.034           0
        51        -2885        -2740           12.063           0
        52        -2897        -2736           15.026           0
        53        -2886        -2738           23.712           0
        54        -2890        -2738           12.748           0
        55        -2895        -2748           26.223           0
        56        -2883        -2740           20.853           0
        57        -2902        -2744           18.141           0
        58        -2902        -2738           23.548           0
        59        -2887        -2738           15.654           0
        60        -2895        -2742           26.344           0
        61        -2898        -2747           36.263           0
        62        -2897        -2739           24.429           0
        63        -2897        -2744           28.188           0
        64        -2900        -2740           19.273           0
        65        -2900        -2742           22.765           0
        66        -2889        -2739           18.436           0
        67        -2893        -2741           15.598           0
        68        -2902        -2747           20.381           0
        69        -2912        -2743           17.521           0
        70        -2894        -2737           10.739           0
        71        -2912        -2739           22.549           0
        72        -2905        -2757           48.052           0
        73        -2900        -2741           23.563           0
        74        -2906        -2748           27.444           0
        75        -2891        -2743           11.789           0
        76        -2889        -2741           11.336           0
        77        -2900        -2749            26.52           0
        78        -2892        -2736           16.457           0
        79        -2910        -2745           19.794           0
        80        -2911        -2741           19.586           0
        81        -2901        -2741           27.652           0
        82        -2882        -2741           11.859           0
        83        -2893        -2743            22.87           0
        84        -2904        -2742           12.002           0
        85        -2893        -2744           18.201           0
        86        -2894        -2741           16.671           0
        87        -2899        -2746           25.753           0
        88        -2900        -2737           15.939           0
        89        -2892        -2749           46.051           0
        90        -2903        -2738           13.446           0
        91        -2892        -2744            20.74           0
        92        -2902        -2749           35.098           0
        93        -2884        -2742           13.971           0
        94        -2893        -2737           20.145           0
        95        -2895        -2747           31.251           0
        96        -2890        -2738            13.59           0
        97        -2902        -2742           15.429           0
        98        -2895        -2742            19.57           0
        99        -2902        -2742           15.529           0
       100        -2893        -2737           14.441           0
Candidate 9 dropped.
- Failed test 1: Too close to 28, 78 in parameter space.
Candidate 10 dropped.
- Failed test 1: Too close to 35 in parameter space.
Candidate 18 dropped.
- Failed test 1: Too close to 56 in parameter space.
Candidate 19 dropped.
- Failed test 1: Too close to 24, 70, 88, 94, 100 in parameter space.
Candidate 21 dropped.
- Failed test 1: Too close to 25 in parameter space.
Candidate 23 dropped.
- Failed test 1: Too close to 45 in parameter space.
Candidate 25 dropped.
- Failed test 1: Too close to 59 in parameter space.
Candidate 31 dropped.
- Failed test 1: Too close to 25, 54, 64 in parameter space.
Candidate 34 dropped.
- Failed test 1: Too close to 15, 58 in parameter space.
Candidate 36 dropped.
- Failed test 1: Too close to 27, 42 in parameter space.
Candidate 41 dropped.
- Failed test 1: Too close to 25, 54, 59 in parameter space.
Candidate 42 dropped.
- Failed test 1: Too close to 27 in parameter space.
Candidate 46 dropped.
- Failed test 1: Too close to 48, 52 in parameter space.
Candidate 47 dropped.
- Failed test 1: Too close to 46, 48, 52 in parameter space.
Candidate 48 dropped.
- Failed test 1: Too close to 52 in parameter space.
Candidate 53 dropped.
- Failed test 1: Too close to 9, 28, 78 in parameter space.
Candidate 54 dropped.
- Failed test 1: Too close to 59 in parameter space.
Candidate 58 dropped.
- Failed test 1: Too close to 15 in parameter space.
Candidate 59 dropped.
- Failed test 1: Too close to 53, 78 in parameter space.
Candidate 60 dropped.
- Failed test 1: Too close to 18, 42, 56 in parameter space.
Candidate 62 dropped.
- Failed test 1: Too close to 15, 58 in parameter space.
Candidate 64 dropped.
- Failed test 1: Too close to 25, 54, 59 in parameter space.
Candidate 65 dropped.
- Failed test 1: Too close to 40 in parameter space.
Candidate 70 dropped.
- Failed test 1: Too close to 88 in parameter space.
Candidate 71 dropped.
- Failed test 1: Too close to 24, 70, 88, 90, 100 in parameter space.
Candidate 73 dropped.
- Failed test 1: Too close to 24, 94 in parameter space.
Candidate 76 dropped.
- Failed test 1: Too close to 5 in parameter space.
Candidate 78 dropped.
- Failed test 1: Too close to 28 in parameter space.
Candidate 82 dropped.
- Failed test 1: Too close to 12 in parameter space.
Candidate 84 dropped.
- Failed test 1: Too close to 13 in parameter space.
Candidate 88 dropped.
- Failed test 1: Too close to 24 in parameter space.
Candidate 90 dropped.
- Failed test 1: Too close to 70, 88, 100 in parameter space.
Candidate 94 dropped.
- Failed test 1: Too close to 16, 24, 88 in parameter space.
Candidate 97 dropped.
- Failed test 1: Too close to 13, 84 in parameter space.
Candidate 100 dropped.
- Failed test 1: Too close to 24, 70, 88 in parameter space.
Best candidate so far (LL=-2734.3)
             Value
asc_alt1_1 -0.3145
asc_alt1_2  0.1569
asc_alt1_3  0.0489
asc_alt1_4  0.1293
asc_alt2_1 -0.0799
asc_alt2_2  0.3192
asc_alt2_3 -0.1713
asc_alt2_4 -0.1468
asc_alt3_1  0.0000
asc_alt3_2  0.0000
asc_alt3_3  0.0000
asc_alt3_4  0.0000
b_x1_1      0.4083
b_x1_2     -0.5823
b_x1_3      1.3799
b_x1_4      0.5885
b_x2_1      1.0443
b_x2_2      0.5562
b_x2_3      0.6961
b_x2_4     -0.0641
b_x3_1      1.1729
b_x3_2      1.3743
b_x3_3     -0.0322
b_x3_4      0.0760
b_x4_1      0.2919
b_x4_2      1.4036
b_x4_3     -0.2731
b_x4_4      1.0034
b_price_1  -2.2873
b_price_2  -0.8855
b_price_3  -1.7474
b_price_4  -1.0484
delta_1    -0.1508
delta_2    -1.3976
delta_3    -0.4381
delta_4     0.0000

Stage 2, 65 active candidates.
Estimating 20 BFGS iteration(s) for each active candidate.
 Candidate......LLstart.....LLfinish.....GradientNorm...Converged
         1        -2749        -2739            6.676           0
         2        -2750        -2739            4.976           0
         3        -2742        -2736            5.366           0
         4        -2739        -2736            1.822           0
         5        -2740        -2739            4.986           0
         6        -2743        -2740            3.202           0
         7        -2738        -2733            4.246           0
         8        -2742        -2736            4.733           0
        11        -2743        -2736            9.309           0
        12        -2741        -2736            5.303           0
        13        -2742        -2740            2.749           0
        14        -2744        -2740            6.722           0
        15        -2736        -2733            3.859           0
        16        -2734        -2733            1.102           0
        17        -2742        -2740            4.321           0
        20        -2741        -2733            3.866           0
        22        -2744        -2739            4.692           0
        24        -2736        -2733            3.398           0
        26        -2744        -2737            6.472           0
        27        -2738        -2735            13.45           0
        28        -2734        -2733            2.233           0
        29        -2742        -2740            2.028           0
        30        -2743        -2736            7.352           0
        32        -2747        -2740            3.766           0
        33        -2745        -2739            3.635           0
        35        -2740        -2736            2.375           0
        37        -2743        -2739            5.188           0
        38        -2750        -2740              9.8           0
        39        -2743        -2738            4.116           0
        40        -2742        -2739            1.306           0
        43        -2743        -2740                9           0
        44        -2764        -2742           12.457           0
        45        -2737        -2736            1.741           0
        49        -2747        -2739            2.032           0
        50        -2748        -2739           10.498           0
        51        -2740        -2739             2.25           0
        52        -2736        -2733            4.581           0
        55        -2748        -2739            10.54           0
        56        -2740        -2736            9.297           0
        57        -2744        -2737            9.164           0
        61        -2747        -2733            4.895           0
        63        -2744        -2739            5.339           0
        66        -2739        -2733            3.324           0
        67        -2741        -2739            5.044           0
        68        -2747        -2741           11.956           0
        69        -2743        -2740            3.034           0
        72        -2757        -2739            8.966           0
        74        -2748        -2740           10.692           0
        75        -2743        -2741           11.214           0
        77        -2749        -2741            6.734           0
        79        -2745        -2740           11.728           0
        80        -2741        -2733            9.134           0
        81        -2741        -2734            8.822           0
        83        -2743        -2739            6.025           0
        85        -2744        -2740              5.3           0
        86        -2741        -2736            4.987           0
        87        -2746        -2741            9.422           0
        89        -2749        -2738            4.602           0
        91        -2744        -2739            7.274           0
        92        -2749        -2740            7.863           0
        93        -2742        -2737            7.575           0
        95        -2747        -2738            7.507           0
        96        -2738        -2734           11.305           0
        98        -2742        -2739            6.684           0
        99        -2742        -2739            4.965           0
Candidate 1 dropped.
- Failed test 1: Too close to 40, 63 in parameter space.
Candidate 7 dropped.
- Failed test 1: Too close to 16, 24 in parameter space.
Candidate 20 dropped.
- Failed test 1: Too close to 15 in parameter space.
Candidate 24 dropped.
- Failed test 1: Too close to 16 in parameter space.
Candidate 27 dropped.
- Failed test 1: Too close to 52, 80 in parameter space.
Candidate 30 dropped.
- Failed test 1: Too close to 12 in parameter space.
Candidate 33 dropped.
- Failed test 1: Too close to 51 in parameter space.
Candidate 37 dropped.
- Failed test 1: Too close to 98 in parameter space.
Candidate 43 dropped.
- Failed test 1: Too close to 1, 40, 63 in parameter space.
Candidate 56 dropped.
- Failed test 1: Too close to 27 in parameter space.
Candidate 63 dropped.
- Failed test 1: Too close to 40 in parameter space.
Candidate 67 dropped.
- Failed test 1: Too close to 5 in parameter space.
Candidate 80 dropped.
- Failed test 1: Too close to 52 in parameter space.
Candidate 81 dropped.
- Failed test 1: Too close to 15, 20 in parameter space.
Candidate 85 dropped.
- Failed test 1: Too close to 13, 17 in parameter space.
Candidate 91 dropped.
- Failed test 1: Too close to 89 in parameter space.
Candidate 93 dropped.
- Failed test 1: Too close to 26 in parameter space.
Candidate 95 dropped.
- Failed test 1: Too close to 39 in parameter space.
Candidate 99 dropped.
- Failed test 1: Too close to 33, 51 in parameter space.
Best candidate so far (LL=-2732.7)
             Value
asc_alt1_1 -0.2809
asc_alt1_2  0.2537
asc_alt1_3  0.0019
asc_alt1_4  0.1008
asc_alt2_1 -0.1029
asc_alt2_2  0.4976
asc_alt2_3 -0.1691
asc_alt2_4 -0.1535
asc_alt3_1  0.0000
asc_alt3_2  0.0000
asc_alt3_3  0.0000
asc_alt3_4  0.0000
b_x1_1      0.4076
b_x1_2     -0.7520
b_x1_3      1.2963
b_x1_4      0.5689
b_x2_1      1.0466
b_x2_2      0.6679
b_x2_3      0.7171
b_x2_4     -0.1153
b_x3_1      1.1676
b_x3_2      1.5231
b_x3_3      0.0050
b_x3_4      0.1011
b_x4_1      0.3653
b_x4_2      1.5136
b_x4_3     -0.3088
b_x4_4      1.0057
b_price_1  -2.2408
b_price_2  -0.8368
b_price_3  -1.6786
b_price_4  -0.9602
delta_1    -0.0197
delta_2    -1.4871
delta_3    -0.2582
delta_4     0.0000

Stage 3, 46 active candidates.
Estimating 20 BFGS iteration(s) for each active candidate.
 Candidate......LLstart.....LLfinish.....GradientNorm...Converged
         2        -2739        -2739            0.742           0
         3        -2736        -2734           12.484           0
         4        -2736        -2736            0.287           0
         5        -2739        -2738            3.515           0
         6        -2740        -2739            4.929           0
         8        -2736        -2735            4.065           0
        11        -2736        -2736            1.338           0
        12        -2736        -2734            8.341           0
        13        -2740        -2740            0.702           0
        14        -2740        -2739            2.023           0
        15        -2733        -2733            0.296           0
        16        -2733        -2733            0.103           1
        17        -2740        -2740            1.416           0
        22        -2739        -2738             6.08           0
        26        -2737        -2736            1.124           0
        28        -2733        -2733            0.297           0
        29        -2740        -2740            9.056           0
        32        -2740        -2740            0.757           0
        35        -2736        -2736            1.929           0
        38        -2740        -2737            6.263           0
        39        -2738        -2738            0.551           0
        40        -2739        -2739            0.135           0
        44        -2742        -2740            7.028           0
        45        -2736        -2736            0.311           0
        49        -2739        -2739            0.677           0
        50        -2739        -2738            1.605           0
        51        -2739        -2739            0.197           1
        52        -2733        -2733            0.532           0
        55        -2739        -2735            7.827           0
        57        -2737        -2735           10.854           0
        61        -2733        -2733            0.595           0
        66        -2733        -2733            0.617           0
        68        -2741        -2738            8.817           0
        69        -2740        -2740             2.16           0
        72        -2739        -2738             1.71           0
        74        -2740        -2737            6.686           0
        75        -2741        -2740            1.329           0
        77        -2741        -2739            5.847           0
        79        -2740        -2738            3.119           0
        83        -2739        -2738            2.812           0
        86        -2736        -2733            9.806           0
        87        -2741        -2740            2.289           0
        89        -2738        -2738            0.538           0
        92        -2740        -2740            0.491           0
        96        -2734        -2733            1.628           0
        98        -2739        -2738            3.035           0
Candidate 3 dropped.
- Failed test 1: Too close to 61 in parameter space.
Candidate 5 dropped.
- Failed test 1: Too close to 39 in parameter space.
Candidate 12 dropped.
- Failed test 1: Too close to 16 in parameter space.
Candidate 14 dropped.
- Failed test 1: Too close to 49 in parameter space.
Candidate 17 dropped.
- Failed test 1: Too close to 13 in parameter space.
Candidate 22 dropped.
- Failed test 1: Too close to 50 in parameter space.
Candidate 35 dropped.
- Failed test 1: Too close to 11 in parameter space.
Candidate 79 dropped.
- Failed test 1: Too close to 89 in parameter space.
Candidate 86 dropped.
- Failed test 1: Too close to 28 in parameter space.
Best candidate so far (LL=-2732.7)
             Value
asc_alt1_1 -0.2815
asc_alt1_2  0.2439
asc_alt1_3  0.0036
asc_alt1_4  0.1024
asc_alt2_1 -0.1044
asc_alt2_2  0.4974
asc_alt2_3 -0.1716
asc_alt2_4 -0.1535
asc_alt3_1  0.0000
asc_alt3_2  0.0000
asc_alt3_3  0.0000
asc_alt3_4  0.0000
b_x1_1      0.4101
b_x1_2     -0.7592
b_x1_3      1.3037
b_x1_4      0.5639
b_x2_1      1.0470
b_x2_2      0.6654
b_x2_3      0.7175
b_x2_4     -0.1181
b_x3_1      1.1681
b_x3_2      1.5238
b_x3_3      0.0052
b_x3_4      0.0981
b_x4_1      0.3641
b_x4_2      1.5135
b_x4_3     -0.3070
b_x4_4      1.0098
b_price_1  -2.2379
b_price_2  -0.8412
b_price_3  -1.6786
b_price_4  -0.9605
delta_1    -0.0161
delta_2    -1.4911
delta_3    -0.2584
delta_4     0.0000

Stage 4, 36 active candidates.
Estimating 20 BFGS iteration(s) for each active candidate.
 Candidate......LLstart.....LLfinish.....GradientNorm...Converged
         2        -2739        -2739             0.15           1
         4        -2736        -2736            0.386           1
         6        -2739        -2738            9.723           0
         8        -2735        -2735            2.448           0
        11        -2736        -2736            0.079           1
        13        -2740        -2740            0.285           1
        15        -2733        -2733            0.204           1
        16        -2733        -2733                0           1
        26        -2736        -2736             0.45           0
        28        -2733        -2733            0.242           1
        29        -2740        -2735           14.416           0
        32        -2740        -2740            0.316           1
        38        -2737        -2736            3.581           0
        39        -2738        -2738            0.261           1
        40        -2739        -2739            0.059           1
        44        -2740        -2740            1.817           0
        45        -2736        -2736            0.124           1
        49        -2739        -2739            0.132           1
        50        -2738        -2738            0.506           0
        52        -2733        -2733            0.071           1
        55        -2735        -2734            3.209           0
        57        -2735        -2733            3.567           0
        61        -2733        -2733            0.055           1
        66        -2733        -2733            0.167           1
        68        -2738        -2737            4.599           0
        69        -2740        -2739            5.343           0
        72        -2738        -2738            0.578           0
        74        -2737        -2737            3.742           0
        75        -2740        -2740            0.923           0
        77        -2739        -2738            4.717           0
        83        -2738        -2738            0.614           0
        87        -2740        -2740             1.62           1
        89        -2738        -2738            0.169           1
        92        -2740        -2740            0.363           1
        96        -2733        -2733            0.241           1
        98        -2738        -2738            0.852           0
Candidate 6 dropped.
- Failed test 2: Converging to a worse solution than16
Candidate 26 dropped.
- Failed test 2: Converging to a worse solution than16
Candidate 29 dropped.
- Failed test 1: Too close to 61 in parameter space.
Candidate 38 dropped.
- Failed test 2: Converging to a worse solution than16
Candidate 44 dropped.
- Failed test 2: Converging to a worse solution than16
Candidate 50 dropped.
- Failed test 2: Converging to a worse solution than16
Candidate 57 dropped.
- Failed test 1: Too close to 52 in parameter space.
Candidate 68 dropped.
- Failed test 2: Converging to a worse solution than16
Candidate 69 dropped.
- Failed test 2: Converging to a worse solution than16
Candidate 72 dropped.
- Failed test 2: Converging to a worse solution than16
Candidate 74 dropped.
- Failed test 2: Converging to a worse solution than16
Candidate 75 dropped.
- Failed test 2: Converging to a worse solution than16
Candidate 77 dropped.
- Failed test 2: Converging to a worse solution than16
Candidate 83 dropped.
- Failed test 2: Converging to a worse solution than16
Candidate 98 dropped.
- Failed test 2: Converging to a worse solution than16
Best candidate so far (LL=-2732.7)
             Value
asc_alt1_1 -0.2811
asc_alt1_2  0.0038
asc_alt1_3  0.1025
asc_alt1_4  0.2435
asc_alt2_1 -0.1046
asc_alt2_2 -0.1716
asc_alt2_3 -0.1534
asc_alt2_4  0.4992
asc_alt3_1  0.0000
asc_alt3_2  0.0000
asc_alt3_3  0.0000
asc_alt3_4  0.0000
b_x1_1      0.4099
b_x1_2      1.3036
b_x1_3      0.5637
b_x1_4     -0.7633
b_x2_1      1.0469
b_x2_2      0.7174
b_x2_3     -0.1179
b_x2_4      0.6648
b_x3_1      1.1680
b_x3_2      0.0052
b_x3_3      0.0982
b_x3_4      1.5271
b_x4_1      0.3647
b_x4_2     -0.3070
b_x4_3      1.0102
b_x4_4      1.5150
b_price_1  -2.2365
b_price_2  -1.6788
b_price_3  -0.9606
b_price_4  -0.8450
delta_1     1.4808
delta_2     1.2380
delta_3     1.4965
delta_4     0.0000

Stage 5, 3 active candidates.
Estimating 20 BFGS iteration(s) for each active candidate.
 Candidate......LLstart.....LLfinish.....GradientNorm...Converged
         8        -2735        -2734            2.172           0
        55        -2734        -2733            4.322           0
        61        -2733        -2733                0           1
Best candidate so far (LL=-2732.7)
             Value
asc_alt1_1 -0.2811
asc_alt1_2  0.0038
asc_alt1_3  0.1025
asc_alt1_4  0.2435
asc_alt2_1 -0.1046
asc_alt2_2 -0.1716
asc_alt2_3 -0.1534
asc_alt2_4  0.4992
asc_alt3_1  0.0000
asc_alt3_2  0.0000
asc_alt3_3  0.0000
asc_alt3_4  0.0000
b_x1_1      0.4099
b_x1_2      1.3036
b_x1_3      0.5637
b_x1_4     -0.7633
b_x2_1      1.0469
b_x2_2      0.7174
b_x2_3     -0.1179
b_x2_4      0.6648
b_x3_1      1.1680
b_x3_2      0.0052
b_x3_3      0.0982
b_x3_4      1.5271
b_x4_1      0.3647
b_x4_2     -0.3070
b_x4_3      1.0102
b_x4_4      1.5150
b_price_1  -2.2365
b_price_2  -1.6788
b_price_3  -0.9606
b_price_4  -0.8450
delta_1     1.4808
delta_2     1.2380
delta_3     1.4965
delta_4     0.0000
Several observations per individual detected based on the value of ID.
  Setting panelData in apollo_control set to TRUE.
With setting noValidation=TRUE in apollo_control, your model code will
  not be validated prior to estimation. This may of course be
  deliberate for large models or models with many components.
All checks on apollo_control completed.
All checks on database completed.
INFORMATION: The use of apollo_lcEM has a number of requirements. No checks are run
  for these, so the user needs to ensure these conditions are met by
  their model: 
1: This function is only suitable for single component models, i.e. no
  use of apollo_combineModels or manual multiplication of model
  components.
2: Any parameters that vary across classes need to be included in the
  definition of random parameters in apollo_lcPars.
3: The entries in the lists in apollo_lcPars need to be individual
  parameters, not functions thereof.

Validating inputs of likelihood function (apollo_probabilities)

Initialising EM algorithm
Starting iteration: 1
- Current LL : -2896.428
- New LL     : -2827.104
- Improvement: 69.32398

Starting iteration: 2
- Current LL : -2827.104
- New LL     : -2813.799
- Improvement: 13.30522

Starting iteration: 3
- Current LL : -2813.799
- New LL     : -2799.597
- Improvement: 14.20125

Starting iteration: 4
- Current LL : -2799.597
- New LL     : -2792.916
- Improvement: 6.681122

Starting iteration: 5
- Current LL : -2792.916
- New LL     : -2790.989
- Improvement: 1.926805

Starting iteration: 6
- Current LL : -2790.989
- New LL     : -2790.172
- Improvement: 0.8173728

Starting iteration: 7
- Current LL : -2790.172
- New LL     : -2789.15
- Improvement: 1.021814

Starting iteration: 8
- Current LL : -2789.15
- New LL     : -2786.589
- Improvement: 2.561498

Starting iteration: 9
- Current LL : -2786.589
- New LL     : -2779.289
- Improvement: 7.299667

Starting iteration: 10
- Current LL : -2779.289
- New LL     : -2764.179
- Improvement: 15.11051

Starting iteration: 11
- Current LL : -2764.179
- New LL     : -2749.677
- Improvement: 14.50178

Starting iteration: 12
- Current LL : -2749.677
- New LL     : -2743.941
- Improvement: 5.735825

Starting iteration: 13
- Current LL : -2743.941
- New LL     : -2742.279
- Improvement: 1.661898

Starting iteration: 14
- Current LL : -2742.279
- New LL     : -2741.537
- Improvement: 0.7422479

Starting iteration: 15
- Current LL : -2741.537
- New LL     : -2741.011
- Improvement: 0.5257441

Starting iteration: 16
- Current LL : -2741.011
- New LL     : -2740.591
- Improvement: 0.4197583

Starting iteration: 17
- Current LL : -2740.591
- New LL     : -2740.267
- Improvement: 0.3241711

Starting iteration: 18
- Current LL : -2740.267
- New LL     : -2740.029
- Improvement: 0.2380987

Starting iteration: 19
- Current LL : -2740.029
- New LL     : -2739.859
- Improvement: 0.1702388

Starting iteration: 20
- Current LL : -2739.859
- New LL     : -2739.737
- Improvement: 0.1223067

Starting iteration: 21
- Current LL : -2739.737
- New LL     : -2739.647
- Improvement: 0.08975846

Starting iteration: 22
- Current LL : -2739.647
- New LL     : -2739.579
- Improvement: 0.0679272

Starting iteration: 23
- Current LL : -2739.579
- New LL     : -2739.526
- Improvement: 0.0531244

Starting iteration: 24
- Current LL : -2739.526
- New LL     : -2739.483
- Improvement: 0.04275596

Starting iteration: 25
- Current LL : -2739.483
- New LL     : -2739.447
- Improvement: 0.03563521

Starting iteration: 26
- Current LL : -2739.447
- New LL     : -2739.417
- Improvement: 0.03043247

Starting iteration: 27
- Current LL : -2739.417
- New LL     : -2739.39
- Improvement: 0.02664146

Starting iteration: 28
- Current LL : -2739.39
- New LL     : -2739.366
- Improvement: 0.02378608

Starting iteration: 29
- Current LL : -2739.366
- New LL     : -2739.345
- Improvement: 0.02154462

Starting iteration: 30
- Current LL : -2739.345
- New LL     : -2739.325
- Improvement: 0.01967031

Starting iteration: 31
- Current LL : -2739.325
- New LL     : -2739.307
- Improvement: 0.01834152

Starting iteration: 32
- Current LL : -2739.307
- New LL     : -2739.29
- Improvement: 0.01711992

Starting iteration: 33
- Current LL : -2739.29
- New LL     : -2739.274
- Improvement: 0.01610695

Starting iteration: 34
- Current LL : -2739.274
- New LL     : -2739.258
- Improvement: 0.01521418

Starting iteration: 35
- Current LL : -2739.258
- New LL     : -2739.244
- Improvement: 0.01437293

Starting iteration: 36
- Current LL : -2739.244
- New LL     : -2739.23
- Improvement: 0.0139249

Starting iteration: 37
- Current LL : -2739.23
- New LL     : -2739.217
- Improvement: 0.01319905

Starting iteration: 38
- Current LL : -2739.217
- New LL     : -2739.204
- Improvement: 0.01267487

Starting iteration: 39
- Current LL : -2739.204
- New LL     : -2739.192
- Improvement: 0.01219156

Starting iteration: 40
- Current LL : -2739.192
- New LL     : -2739.18
- Improvement: 0.01171946

Starting iteration: 41
- Current LL : -2739.18
- New LL     : -2739.169
- Improvement: 0.01155683

Starting iteration: 42
- Current LL : -2739.169
- New LL     : -2739.158
- Improvement: 0.01127464

Starting iteration: 43
- Current LL : -2739.158
- New LL     : -2739.147
- Improvement: 0.01092168

Starting iteration: 44
- Current LL : -2739.147
- New LL     : -2739.136
- Improvement: 0.01073115

Starting iteration: 45
- Current LL : -2739.136
- New LL     : -2739.125
- Improvement: 0.01059519

Starting iteration: 46
- Current LL : -2739.125
- New LL     : -2739.115
- Improvement: 0.01049333

Starting iteration: 47
- Current LL : -2739.115
- New LL     : -2739.104
- Improvement: 0.01042265

Starting iteration: 48
- Current LL : -2739.104
- New LL     : -2739.094
- Improvement: 0.01038043

Starting iteration: 49
- Current LL : -2739.094
- New LL     : -2739.084
- Improvement: 0.01036494

Starting iteration: 50
- Current LL : -2739.084
- New LL     : -2739.073
- Improvement: 0.01037486

Starting iteration: 51
- Current LL : -2739.073
- New LL     : -2739.063
- Improvement: 0.01040937

Starting iteration: 52
- Current LL : -2739.063
- New LL     : -2739.052
- Improvement: 0.01039514

Starting iteration: 53
- Current LL : -2739.052
- New LL     : -2739.042
- Improvement: 0.01070944

Starting iteration: 54
- Current LL : -2739.042
- New LL     : -2739.031
- Improvement: 0.01076145

Starting iteration: 55
- Current LL : -2739.031
- New LL     : -2739.02
- Improvement: 0.01092489

Starting iteration: 56
- Current LL : -2739.02
- New LL     : -2739.009
- Improvement: 0.01097638

Starting iteration: 57
- Current LL : -2739.009
- New LL     : -2738.998
- Improvement: 0.01102863

Starting iteration: 58
- Current LL : -2738.998
- New LL     : -2738.987
- Improvement: 0.01119851

Starting iteration: 59
- Current LL : -2738.987
- New LL     : -2738.975
- Improvement: 0.0114303

Starting iteration: 60
- Current LL : -2738.975
- New LL     : -2738.964
- Improvement: 0.01168862

Starting iteration: 61
- Current LL : -2738.964
- New LL     : -2738.952
- Improvement: 0.01197832

Starting iteration: 62
- Current LL : -2738.952
- New LL     : -2738.939
- Improvement: 0.01229212

Starting iteration: 63
- Current LL : -2738.939
- New LL     : -2738.927
- Improvement: 0.01264525

Starting iteration: 64
- Current LL : -2738.927
- New LL     : -2738.914
- Improvement: 0.01302977

Starting iteration: 65
- Current LL : -2738.914
- New LL     : -2738.9
- Improvement: 0.01345536

Starting iteration: 66
- Current LL : -2738.9
- New LL     : -2738.887
- Improvement: 0.01385357

Starting iteration: 67
- Current LL : -2738.887
- New LL     : -2738.872
- Improvement: 0.01432127

Starting iteration: 68
- Current LL : -2738.872
- New LL     : -2738.857
- Improvement: 0.01501256

Starting iteration: 69
- Current LL : -2738.857
- New LL     : -2738.841
- Improvement: 0.01567902

Starting iteration: 70
- Current LL : -2738.841
- New LL     : -2738.825
- Improvement: 0.01621058

Starting iteration: 71
- Current LL : -2738.825
- New LL     : -2738.808
- Improvement: 0.01712763

Starting iteration: 72
- Current LL : -2738.808
- New LL     : -2738.79
- Improvement: 0.01785215

Starting iteration: 73
- Current LL : -2738.79
- New LL     : -2738.771
- Improvement: 0.01893017

Starting iteration: 74
- Current LL : -2738.771
- New LL     : -2738.752
- Improvement: 0.01975807

Starting iteration: 75
- Current LL : -2738.752
- New LL     : -2738.731
- Improvement: 0.02105274

Starting iteration: 76
- Current LL : -2738.731
- New LL     : -2738.708
- Improvement: 0.0224336

Starting iteration: 77
- Current LL : -2738.708
- New LL     : -2738.684
- Improvement: 0.02386684

Starting iteration: 78
- Current LL : -2738.684
- New LL     : -2738.659
- Improvement: 0.02548644

Starting iteration: 79
- Current LL : -2738.659
- New LL     : -2738.631
- Improvement: 0.02730056

Starting iteration: 80
- Current LL : -2738.631
- New LL     : -2738.602
- Improvement: 0.0293197

Starting iteration: 81
- Current LL : -2738.602
- New LL     : -2738.571
- Improvement: 0.0315547

Starting iteration: 82
- Current LL : -2738.571
- New LL     : -2738.537
- Improvement: 0.03400936

Starting iteration: 83
- Current LL : -2738.537
- New LL     : -2738.5
- Improvement: 0.03677056

Starting iteration: 84
- Current LL : -2738.5
- New LL     : -2738.46
- Improvement: 0.0395613

Starting iteration: 85
- Current LL : -2738.46
- New LL     : -2738.418
- Improvement: 0.04267549

Starting iteration: 86
- Current LL : -2738.418
- New LL     : -2738.372
- Improvement: 0.04577976

Starting iteration: 87
- Current LL : -2738.372
- New LL     : -2738.323
- Improvement: 0.04877807

Starting iteration: 88
- Current LL : -2738.323
- New LL     : -2738.272
- Improvement: 0.05149758

Starting iteration: 89
- Current LL : -2738.272
- New LL     : -2738.218
- Improvement: 0.05366186

Starting iteration: 90
- Current LL : -2738.218
- New LL     : -2738.163
- Improvement: 0.05495529

Starting iteration: 91
- Current LL : -2738.163
- New LL     : -2738.108
- Improvement: 0.05524054

Starting iteration: 92
- Current LL : -2738.108
- New LL     : -2738.054
- Improvement: 0.05382518

Starting iteration: 93
- Current LL : -2738.054
- New LL     : -2738.003
- Improvement: 0.0511027

Starting iteration: 94
- Current LL : -2738.003
- New LL     : -2737.956
- Improvement: 0.04698894

Starting iteration: 95
- Current LL : -2737.956
- New LL     : -2737.914
- Improvement: 0.04184245

Starting iteration: 96
- Current LL : -2737.914
- New LL     : -2737.878
- Improvement: 0.03610176

Starting iteration: 97
- Current LL : -2737.878
- New LL     : -2737.847
- Improvement: 0.03039384

Starting iteration: 98
- Current LL : -2737.847
- New LL     : -2737.822
- Improvement: 0.02503465

Starting iteration: 99
- Current LL : -2737.822
- New LL     : -2737.802
- Improvement: 0.02032548

Starting iteration: 100
- Current LL : -2737.802
- New LL     : -2737.786
- Improvement: 0.01625421

EM algorithm stopped: maximum number of iterations reached!
No covariance matrix will be computed as convergence has not been
  reached. You may call apollo_addCovariance(model,apollo_inputs) to
  compute a covariance matrix at the current estimates.
[23:54:00]   done moderate|seed3 : gaps  klue_ml=+0.00  klue_em=-0.00  apollo_searchStart=-0.00  apollo_lcEM=-5.11  gmnl_lc=-2.84  apollo_ss_published=-0.00
[23:54:00] RUN  moderate|seed4  (K=4 kap=0.75 sig=0.25 corr=none)  arms: apollo_searchStart, apollo_lcEM
Several observations per individual detected based on the value of ID.
  Setting panelData in apollo_control set to TRUE.
All checks on apollo_control completed.
All checks on database completed.
Testing probability function (apollo_probabilities)
Apollo found a model component of type classAlloc without a
  componentName. The name was set to "classAlloc" by default.
INFORMATION: Setting "avail" is missing, so full availability is assumed. 
Apollo found a model component of type MNL without a componentName. The
  name was set to "Class_1" by default.
Apollo found a model component of type MNL without a componentName. The
  name was set to "Class_2" by default.
Apollo found a model component of type MNL without a componentName. The
  name was set to "Class_3" by default.
Apollo found a model component of type MNL without a componentName. The
  name was set to "Class_4" by default.
Pre-processing likelihood function...
INFORMATION: Apollo was not able to compute analytical gradients for your model.
  This could be because you are using model components for which
  analytical gradients are not yet implemented, or because you coded
  your own model functions. If however you only used apollo_mnl,
  apollo_fmnl, apollo_normalDensity, apollo_ol or apollo_op, then there
  could be another issue. You might want to ask for help in the Apollo
  forum (http://www.apollochoicemodelling.com/forum) on how to solve
  this issue. If you do, please post your code and data (if not
  confidential). 
Creating initial set of 100 candidate values.
Calculating LL of candidates 0%....50%.....100%

Stage 1, 100 active candidates.
Estimating 20 BFGS iteration(s) for each active candidate.
 Candidate......LLstart.....LLfinish.....GradientNorm...Converged
         1        -2952        -2796           87.437           0
         2        -2953        -2782           37.378           0
         3        -2949        -2769           23.839           0
         4        -2959        -2785           36.784           0
         5        -2947        -2760           24.932           0
         6        -2960        -2787           45.451           0
         7        -2950        -2761           26.232           0
         8        -2948        -2794           51.288           0
         9        -2950        -2765           29.697           0
        10        -2950        -2786           52.907           0
        11        -2948        -2779           57.807           0
        12        -2953        -2784           47.534           0
        13        -2935        -2783           40.823           0
        14        -2955        -2774           30.644           0
        15        -2946        -2775           33.139           0
        16        -2948        -2762           24.133           0
        17        -2953        -2781           33.339           0
        18        -2956        -2792           52.488           0
        19        -2957        -2768            26.53           0
        20        -2953        -2763           22.392           0
        21        -2943        -2787           30.937           0
        22        -2960        -2771           34.171           0
        23        -2951        -2759           17.342           0
        24        -2951        -2760           21.834           0
        25        -2962        -2766           25.728           0
        26        -2956        -2765               30           0
        27        -2951        -2758           15.037           0
        28        -2955        -2764            28.27           0
        29        -2956        -2769           28.084           0
        30        -2952        -2793           43.855           0
        31        -2951        -2775            41.36           0
        32        -2960        -2779           37.876           0
        33        -2961        -2787           16.358           0
        34        -2958        -2781           45.098           0
        35        -2946        -2774            33.97           0
        36        -2951        -2782           28.484           0
        37        -2945        -2775           23.835           0
        38        -2956        -2783            26.64           0
        39        -2952        -2788           44.944           0
        40        -2961        -2782           50.997           0
        41        -2951        -2766           32.793           0
        42        -2956        -2783           53.481           0
        43        -2950        -2779           45.494           0
        44        -2950        -2776           21.332           0
        45        -2958        -2774           38.296           0
        46        -2948        -2781            47.43           0
        47        -2949        -2768           36.358           0
        48        -2948        -2775           36.161           0
        49        -2958        -2783           35.479           0
        50        -2944        -2781           48.531           0
        51        -2938        -2768           41.312           0
        52        -2952        -2760           16.158           0
        53        -2941        -2767            37.61           0
        54        -2947        -2779           31.902           0
        55        -2949        -2758           13.755           0
        56        -2938        -2771           48.921           0
        57        -2954        -2788           35.866           0
        58        -2957        -2767           32.682           0
        59        -2944        -2780           39.602           0
        60        -2951        -2777           30.135           0
        61        -2952        -2767           34.187           0
        62        -2950        -2765            25.76           0
        63        -2952        -2772           36.031           0
        64        -2957        -2793           28.521           0
        65        -2956        -2772           33.495           0
        66        -2946        -2763           29.515           0
        67        -2953        -2804           48.045           0
        68        -2955        -2772           35.959           0
        69        -2968        -2803           44.162           0
        70        -2951        -2785           46.094           0
        71        -2967        -2791           26.807           0
        72        -2960        -2771            23.94           0
        73        -2954        -2761           20.505           0
        74        -2961        -2800           45.181           0
        75        -2946        -2766           22.289           0
        76        -2945        -2768           20.689           0
        77        -2956        -2789             43.3           0
        78        -2946        -2764           22.289           0
        79        -2965        -2774           34.758           0
        80        -2964        -2769           32.139           0
        81        -2957        -2776           40.474           0
        82        -2939        -2766           24.301           0
        83        -2949        -2765           22.581           0
        84        -2961        -2775           29.807           0
        85        -2951        -2777           53.465           0
        86        -2948        -2766           36.401           0
        87        -2951        -2775           19.779           0
        88        -2956        -2771           23.303           0
        89        -2946        -2783           24.287           0
        90        -2957        -2780           22.184           0
        91        -2947        -2775           38.433           0
        92        -2954        -2768           31.255           0
        93        -2941        -2780            22.97           0
        94        -2949        -2769           45.747           0
        95        -2953        -2783           38.092           0
        96        -2946        -2781            30.36           0
        97        -2956        -2776           33.356           0
        98        -2955        -2776           23.595           0
        99        -2959        -2780           35.755           0
       100        -2948        -2779            28.05           0
Candidate 5 dropped.
- Failed test 1: Too close to 27, 52 in parameter space.
Candidate 7 dropped.
- Failed test 1: Too close to 23, 24, 55, 73 in parameter space.
Candidate 16 dropped.
- Failed test 1: Too close to 7, 23, 24, 73 in parameter space.
Candidate 23 dropped.
- Failed test 1: Too close to 55 in parameter space.
Candidate 24 dropped.
- Failed test 1: Too close to 23, 55 in parameter space.
Candidate 26 dropped.
- Failed test 1: Too close to 5, 27, 52 in parameter space.
Candidate 41 dropped.
- Failed test 1: Too close to 7 in parameter space.
Candidate 52 dropped.
- Failed test 1: Too close to 27 in parameter space.
Candidate 73 dropped.
- Failed test 1: Too close to 24 in parameter space.
Candidate 94 dropped.
- Failed test 1: Too close to 7, 23, 24 in parameter space.
Best candidate so far (LL=-2757.6)
             Value
asc_alt1_1 -0.0009
asc_alt1_2 -0.3453
asc_alt1_3  0.2774
asc_alt1_4 -0.3671
asc_alt2_1  0.0541
asc_alt2_2 -0.0648
asc_alt2_3  0.1582
asc_alt2_4 -0.2184
asc_alt3_1  0.0000
asc_alt3_2  0.0000
asc_alt3_3  0.0000
asc_alt3_4  0.0000
b_x1_1      0.5078
b_x1_2      1.7750
b_x1_3     -0.5477
b_x1_4      0.6752
b_x2_1      0.7852
b_x2_2      1.0020
b_x2_3     -0.0081
b_x2_4     -0.9505
b_x3_1      0.7368
b_x3_2     -0.2545
b_x3_3      0.9172
b_x3_4     -0.1435
b_x4_1      0.2534
b_x4_2     -0.3386
b_x4_3      1.5837
b_x4_4      0.8294
b_price_1  -1.9133
b_price_2  -0.6222
b_price_3  -2.0128
b_price_4  -1.4397
delta_1     1.1314
delta_2    -0.0199
delta_3     0.2885
delta_4     0.0000

Stage 2, 90 active candidates.
Estimating 20 BFGS iteration(s) for each active candidate.
 Candidate......LLstart.....LLfinish.....GradientNorm...Converged
         1        -2796        -2775            9.095           0
         2        -2782        -2769            5.593           0
         3        -2769        -2757            8.716           0
         4        -2785        -2772           13.114           0
         6        -2787        -2774           13.694           0
         8        -2794        -2772           12.018           0
         9        -2765        -2757             2.92           0
        10        -2786        -2760           17.405           0
        11        -2779        -2757            5.529           0
        12        -2784        -2764            18.98           0
        13        -2783        -2772            8.149           0
        14        -2774        -2757            9.014           0
        15        -2775        -2759           17.383           0
        17        -2781        -2758            16.45           0
        18        -2792        -2765           20.426           0
        19        -2768        -2757            6.237           0
        20        -2763        -2757            2.235           0
        21        -2787        -2772            9.424           0
        22        -2771        -2757            9.043           0
        25        -2766        -2757            7.088           0
        27        -2758        -2756            1.196           0
        28        -2764        -2756            1.702           0
        29        -2769        -2757            8.588           0
        30        -2793        -2771           11.543           0
        31        -2775        -2757            3.239           0
        32        -2779        -2761           14.976           0
        33        -2787        -2771           21.739           0
        34        -2781        -2772            6.497           0
        35        -2774        -2757            7.908           0
        36        -2782        -2774            8.986           0
        37        -2775        -2758           11.779           0
        38        -2783        -2773            3.614           0
        39        -2788        -2771           13.459           0
        40        -2782        -2770            9.562           0
        42        -2783        -2770            8.786           0
        43        -2779        -2757             3.21           0
        44        -2776        -2765            26.87           0
        45        -2774        -2757            6.057           0
        46        -2781        -2757           10.517           0
        47        -2768        -2757            2.693           0
        48        -2775        -2758            17.05           0
        49        -2783        -2775           15.797           0
        50        -2781        -2759           16.246           0
        51        -2768        -2757             3.49           0
        53        -2767        -2757            2.423           0
        54        -2779        -2770             4.91           0
        55        -2758        -2756             0.82           0
        56        -2771        -2756            1.544           0
        57        -2788        -2779           11.635           0
        58        -2767        -2756            2.298           0
        59        -2780        -2770            4.803           0
        60        -2777        -2764           18.343           0
        61        -2767        -2757            4.106           0
        62        -2765        -2757            4.567           0
        63        -2772        -2757            3.692           0
        64        -2793        -2774           14.908           0
        65        -2772        -2757            5.071           0
        66        -2763        -2756            1.572           0
        67        -2804        -2779           20.481           0
        68        -2772        -2756            1.676           0
        69        -2803        -2764           24.312           0
        70        -2785        -2772            9.895           0
        71        -2791        -2787            7.119           0
        72        -2771        -2757           11.173           0
        74        -2800        -2763           21.826           0
        75        -2766        -2757            5.924           0
        76        -2768        -2758           13.014           0
        77        -2789        -2761           12.744           0
        78        -2764        -2757            3.378           0
        79        -2774        -2757           10.566           0
        80        -2769        -2757            6.629           0
        81        -2776        -2757            7.518           0
        82        -2766        -2757            5.217           0
        83        -2765        -2757            3.413           0
        84        -2775        -2757            2.651           0
        85        -2777        -2757            7.616           0
        86        -2766        -2757            2.735           0
        87        -2775        -2769           10.153           0
        88        -2771        -2757            9.714           0
        89        -2783        -2771            6.304           0
        90        -2780        -2769            6.146           0
        91        -2775        -2757            7.794           0
        92        -2768        -2757            3.106           0
        93        -2780        -2773            5.139           0
        95        -2783        -2758            9.561           0
        96        -2781        -2768           18.032           0
        97        -2776        -2769            7.875           0
        98        -2776        -2770            6.063           0
        99        -2780        -2759           23.714           0
       100        -2779        -2770            4.298           0
Candidate 3 dropped.
- Failed test 1: Too close to 61, 84 in parameter space.
Candidate 9 dropped.
- Failed test 1: Too close to 28, 53, 58, 86 in parameter space.
Candidate 10 dropped.
- Failed test 1: Too close to 19, 45, 55, 72, 75, 82, 88, 95 in
  parameter space.
Candidate 11 dropped.
- Failed test 1: Too close to 9, 28, 31, 53, 58, 78, 86 in parameter
  space.
Candidate 14 dropped.
- Failed test 1: Too close to 27, 91 in parameter space.
Candidate 15 dropped.
- Failed test 1: Too close to 20, 68 in parameter space.
Candidate 17 dropped.
- Failed test 1: Too close to 85 in parameter space.
Candidate 19 dropped.
- Failed test 1: Too close to 45, 55, 82 in parameter space.
Candidate 20 dropped.
- Failed test 1: Too close to 68 in parameter space.
Candidate 22 dropped.
- Failed test 1: Too close to 9, 11, 28, 31, 53, 58, 78, 86 in
  parameter space.
Candidate 25 dropped.
- Failed test 1: Too close to 9, 11, 22, 28, 31, 53, 58, 78, 86 in
  parameter space.
Candidate 28 dropped.
- Failed test 1: Too close to 58 in parameter space.
Candidate 29 dropped.
- Failed test 1: Too close to 14, 27, 46, 91 in parameter space.
Candidate 30 dropped.
- Failed test 1: Too close to 100 in parameter space.
Candidate 31 dropped.
- Failed test 1: Too close to 9, 28, 53, 58, 86 in parameter space.
Candidate 35 dropped.
- Failed test 1: Too close to 9, 11, 22, 25, 28, 31, 53, 58, 78, 86 in
  parameter space.
Candidate 37 dropped.
- Failed test 1: Too close to 47 in parameter space.
Candidate 43 dropped.
- Failed test 1: Too close to 56, 63, 92 in parameter space.
Candidate 45 dropped.
- Failed test 1: Too close to 55, 82 in parameter space.
Candidate 46 dropped.
- Failed test 1: Too close to 14, 27, 91 in parameter space.
Candidate 48 dropped.
- Failed test 1: Too close to 37, 47 in parameter space.
Candidate 50 dropped.
- Failed test 1: Too close to 11, 25, 28, 31, 35, 53, 58, 78, 81, 86 in
  parameter space.
Candidate 53 dropped.
- Failed test 1: Too close to 28, 58, 86 in parameter space.
Candidate 59 dropped.
- Failed test 1: Too close to 54 in parameter space.
Candidate 61 dropped.
- Failed test 1: Too close to 84 in parameter space.
Candidate 63 dropped.
- Failed test 1: Too close to 56, 92 in parameter space.
Candidate 65 dropped.
- Failed test 1: Too close to 43, 56, 63, 92 in parameter space.
Candidate 69 dropped.
- Failed test 1: Too close to 62 in parameter space.
Candidate 72 dropped.
- Failed test 1: Too close to 19, 45, 55, 75, 82 in parameter space.
Candidate 75 dropped.
- Failed test 1: Too close to 19, 45, 55, 82 in parameter space.
Candidate 76 dropped.
- Failed test 1: Too close to 43, 56, 63, 65, 92 in parameter space.
Candidate 78 dropped.
- Failed test 1: Too close to 9, 28, 31, 53, 58, 86 in parameter space.
Candidate 79 dropped.
- Failed test 1: Too close to 80 in parameter space.
Candidate 81 dropped.
- Failed test 1: Too close to 9, 11, 22, 25, 28, 31, 35, 53, 58, 78, 86
  in parameter space.
Candidate 82 dropped.
- Failed test 1: Too close to 55 in parameter space.
Candidate 83 dropped.
- Failed test 1: Too close to 66 in parameter space.
Candidate 86 dropped.
- Failed test 1: Too close to 28, 58 in parameter space.
Candidate 88 dropped.
- Failed test 1: Too close to 19, 45, 55, 72, 75, 82 in parameter
  space.
Candidate 91 dropped.
- Failed test 1: Too close to 27 in parameter space.
Candidate 92 dropped.
- Failed test 1: Too close to 56 in parameter space.
Candidate 95 dropped.
- Failed test 1: Too close to 19, 45, 55, 72, 75, 82, 88 in parameter
  space.
Candidate 99 dropped.
- Failed test 1: Too close to 62 in parameter space.
Best candidate so far (LL=-2756.5)
             Value
asc_alt1_1  0.0173
asc_alt1_2  0.1871
asc_alt1_3 -0.4257
asc_alt1_4 -0.3486
asc_alt2_1  0.0182
asc_alt2_2  0.1751
asc_alt2_3 -0.0958
asc_alt2_4 -0.1953
asc_alt3_1  0.0000
asc_alt3_2  0.0000
asc_alt3_3  0.0000
asc_alt3_4  0.0000
b_x1_1      0.5007
b_x1_2     -0.5106
b_x1_3      1.8096
b_x1_4      0.6791
b_x2_1      0.7912
b_x2_2      0.0255
b_x2_3      1.0372
b_x2_4     -0.8883
b_x3_1      0.7237
b_x3_2      0.9360
b_x3_3     -0.3023
b_x3_4     -0.0962
b_x4_1      0.2285
b_x4_2      1.4915
b_x4_3     -0.3522
b_x4_4      0.8217
b_price_1  -1.8200
b_price_2  -2.0006
b_price_3  -0.6885
b_price_4  -1.3013
delta_1     1.0512
delta_2     0.3357
delta_3    -0.1522
delta_4     0.0000

Stage 3, 48 active candidates.
Estimating 20 BFGS iteration(s) for each active candidate.
 Candidate......LLstart.....LLfinish.....GradientNorm...Converged
         1        -2775        -2770           17.179           0
         2        -2769        -2766           25.158           0
         4        -2772        -2768            4.247           0
         6        -2774        -2769           22.992           0
         8        -2772        -2771            1.523           0
        12        -2764        -2757            3.147           0
        13        -2772        -2772            0.952           0
        18        -2765        -2757            9.357           0
        21        -2772        -2771            3.576           0
        27        -2756        -2756            0.278           1
        32        -2761        -2757            2.764           0
        33        -2771        -2759           17.994           0
        34        -2772        -2771            2.363           0
        36        -2774        -2773            3.514           0
        38        -2773        -2772            10.32           0
        39        -2771        -2770            1.592           0
        40        -2770        -2768            2.113           0
        42        -2770        -2770             2.94           0
        44        -2765        -2757            4.489           0
        47        -2757        -2756             0.13           0
        49        -2775        -2768           13.754           0
        51        -2757        -2756            0.217           0
        54        -2770        -2770            2.247           0
        55        -2756        -2756            0.162           1
        56        -2756        -2756            0.099           1
        57        -2779        -2772           13.378           0
        58        -2756        -2756            0.128           1
        60        -2764        -2757           10.461           0
        62        -2757        -2756            0.806           0
        64        -2774        -2758           14.635           0
        66        -2756        -2756            0.142           1
        67        -2779        -2758           15.418           0
        68        -2756        -2756            0.137           0
        70        -2772        -2771            3.814           0
        71        -2787        -2786            1.911           0
        74        -2763        -2757            3.169           0
        77        -2761        -2757           13.395           0
        80        -2757        -2756            0.227           0
        84        -2757        -2756            0.145           0
        85        -2757        -2756            0.363           0
        87        -2769        -2768            1.486           0
        89        -2771        -2770             3.24           0
        90        -2769        -2768            1.081           0
        93        -2773        -2770           29.294           0
        96        -2768        -2760           14.533           0
        97        -2769        -2768            2.058           0
        98        -2770        -2765           27.201           0
       100        -2770        -2770             1.85           0
Candidate 12 dropped.
- Failed test 1: Too close to 32, 55 in parameter space.
Candidate 32 dropped.
- Failed test 1: Too close to 55 in parameter space.
Candidate 33 dropped.
- Failed test 1: Too close to 12, 32, 55 in parameter space.
Candidate 40 dropped.
- Failed test 1: Too close to 87 in parameter space.
Candidate 44 dropped.
- Failed test 1: Too close to 47 in parameter space.
Candidate 60 dropped.
- Failed test 1: Too close to 27 in parameter space.
Candidate 64 dropped.
- Failed test 1: Too close to 58, 74 in parameter space.
Candidate 67 dropped.
- Failed test 1: Too close to 27, 60 in parameter space.
Candidate 74 dropped.
- Failed test 1: Too close to 58 in parameter space.
Candidate 77 dropped.
- Failed test 1: Too close to 44, 47 in parameter space.
Candidate 96 dropped.
- Failed test 1: Too close to 77 in parameter space.
Candidate 98 dropped.
- Failed test 1: Too close to 64 in parameter space.
Best candidate so far (LL=-2756.5)
             Value
asc_alt1_1  0.1894
asc_alt1_2  0.0198
asc_alt1_3 -0.4308
asc_alt1_4 -0.3520
asc_alt2_1  0.1780
asc_alt2_2  0.0219
asc_alt2_3 -0.1009
asc_alt2_4 -0.1940
asc_alt3_1  0.0000
asc_alt3_2  0.0000
asc_alt3_3  0.0000
asc_alt3_4  0.0000
b_x1_1     -0.5157
b_x1_2      0.4985
b_x1_3      1.8130
b_x1_4      0.6773
b_x2_1      0.0259
b_x2_2      0.7913
b_x2_3      1.0412
b_x2_4     -0.8875
b_x3_1      0.9346
b_x3_2      0.7262
b_x3_3     -0.3065
b_x3_4     -0.0983
b_x4_1      1.4952
b_x4_2      0.2305
b_x4_3     -0.3523
b_x4_4      0.8242
b_price_1  -2.0011
b_price_2  -1.8246
b_price_3  -0.6851
b_price_4  -1.2998
delta_1     0.3243
delta_2     1.0493
delta_3    -0.1601
delta_4     0.0000

Stage 4, 32 active candidates.
Estimating 20 BFGS iteration(s) for each active candidate.
 Candidate......LLstart.....LLfinish.....GradientNorm...Converged
         1        -2770        -2761            37.11           0
         2        -2766        -2756            1.874           0
         4        -2768        -2768              1.7           0
         6        -2769        -2757            5.544           0
         8        -2771        -2771            1.562           0
        13        -2772        -2772            0.579           1
        18        -2757        -2756            0.545           0
        21        -2771        -2771            2.809           0
        34        -2771        -2771            1.008           0
        36        -2773        -2772             2.58           0
        38        -2772        -2771            5.992           0
        39        -2770        -2770            5.206           0
        42        -2770        -2769           10.505           0
        47        -2756        -2756            0.071           1
        49        -2768        -2758           16.531           0
        51        -2756        -2756            0.131           1
        54        -2770        -2769           18.233           0
        56        -2756        -2756                0           1
        57        -2772        -2771            3.194           0
        62        -2756        -2756            0.305           1
        68        -2756        -2756            0.081           1
        70        -2771        -2770            6.794           0
        71        -2786        -2786            0.879           0
        80        -2756        -2756            0.066           1
        84        -2756        -2756             0.14           1
        85        -2756        -2756            0.092           1
        87        -2768        -2768            0.716           0
        89        -2770        -2770            1.663           0
        90        -2768        -2768            0.109           1
        93        -2770        -2758           13.616           0
        97        -2768        -2768            1.252           0
       100        -2770        -2768            20.97           0
Candidate 1 dropped.
- Failed test 2: Converging to a worse solution than56
Candidate 2 dropped.
- Failed test 1: Too close to 47 in parameter space.
Candidate 4 dropped.
- Failed test 2: Converging to a worse solution than56
Candidate 6 dropped.
- Failed test 1: Too close to 56 in parameter space.
Candidate 8 dropped.
- Failed test 2: Converging to a worse solution than56
Candidate 21 dropped.
- Failed test 2: Converging to a worse solution than56
Candidate 34 dropped.
- Failed test 2: Converging to a worse solution than56
Candidate 36 dropped.
- Failed test 2: Converging to a worse solution than56
Candidate 38 dropped.
- Failed test 2: Converging to a worse solution than56
Candidate 39 dropped.
- Failed test 2: Converging to a worse solution than56
Candidate 42 dropped.
- Failed test 2: Converging to a worse solution than56
Candidate 49 dropped.
- Failed test 1: Too close to 93 in parameter space.
Candidate 54 dropped.
- Failed test 2: Converging to a worse solution than56
Candidate 57 dropped.
- Failed test 2: Converging to a worse solution than56
Candidate 70 dropped.
- Failed test 2: Converging to a worse solution than56
Candidate 71 dropped.
- Failed test 2: Converging to a worse solution than56
Candidate 87 dropped.
- Failed test 2: Converging to a worse solution than56
Candidate 89 dropped.
- Failed test 2: Converging to a worse solution than56
Candidate 97 dropped.
- Failed test 2: Converging to a worse solution than56
Candidate 100 dropped.
- Failed test 2: Converging to a worse solution than56
Best candidate so far (LL=-2756.5)
             Value
asc_alt1_1  0.0199
asc_alt1_2 -0.3522
asc_alt1_3  0.1893
asc_alt1_4 -0.4312
asc_alt2_1  0.0221
asc_alt2_2 -0.1941
asc_alt2_3  0.1781
asc_alt2_4 -0.1019
asc_alt3_1  0.0000
asc_alt3_2  0.0000
asc_alt3_3  0.0000
asc_alt3_4  0.0000
b_x1_1      0.4985
b_x1_2      0.6775
b_x1_3     -0.5155
b_x1_4      1.8119
b_x2_1      0.7908
b_x2_2     -0.8882
b_x2_3      0.0255
b_x2_4      1.0402
b_x3_1      0.7265
b_x3_2     -0.0985
b_x3_3      0.9347
b_x3_4     -0.3068
b_x4_1      0.2306
b_x4_2      0.8242
b_x4_3      1.4953
b_x4_4     -0.3518
b_price_1  -1.8247
b_price_2  -1.2999
b_price_3  -1.9999
b_price_4  -0.6860
delta_1     1.2087
delta_2     0.1580
delta_3     0.4838
delta_4     0.0000

Stage 5, 3 active candidates.
Estimating 20 BFGS iteration(s) for each active candidate.
 Candidate......LLstart.....LLfinish.....GradientNorm...Converged
        18        -2756        -2756            0.037           1
        68        -2756        -2756                0           1
        93        -2758        -2756             0.59           0
Best candidate so far (LL=-2756.5)
             Value
asc_alt1_1 -0.4308
asc_alt1_2  0.0198
asc_alt1_3 -0.3525
asc_alt1_4  0.1893
asc_alt2_1 -0.1011
asc_alt2_2  0.0216
asc_alt2_3 -0.1944
asc_alt2_4  0.1781
asc_alt3_1  0.0000
asc_alt3_2  0.0000
asc_alt3_3  0.0000
asc_alt3_4  0.0000
b_x1_1      1.8133
b_x1_2      0.4991
b_x1_3      0.6776
b_x1_4     -0.5151
b_x2_1      1.0406
b_x2_2      0.7912
b_x2_3     -0.8885
b_x2_4      0.0257
b_x3_1     -0.3072
b_x3_2      0.7263
b_x3_3     -0.0987
b_x3_4      0.9347
b_x4_1     -0.3525
b_x4_2      0.2305
b_x4_3      0.8243
b_x4_4      1.4946
b_price_1  -0.6843
b_price_2  -1.8243
b_price_3  -1.3008
b_price_4  -1.9996
delta_1    -0.4862
delta_2     0.7241
delta_3    -0.3269
delta_4     0.0000
Several observations per individual detected based on the value of ID.
  Setting panelData in apollo_control set to TRUE.
With setting noValidation=TRUE in apollo_control, your model code will
  not be validated prior to estimation. This may of course be
  deliberate for large models or models with many components.
All checks on apollo_control completed.
All checks on database completed.
INFORMATION: The use of apollo_lcEM has a number of requirements. No checks are run
  for these, so the user needs to ensure these conditions are met by
  their model: 
1: This function is only suitable for single component models, i.e. no
  use of apollo_combineModels or manual multiplication of model
  components.
2: Any parameters that vary across classes need to be included in the
  definition of random parameters in apollo_lcPars.
3: The entries in the lists in apollo_lcPars need to be individual
  parameters, not functions thereof.

Validating inputs of likelihood function (apollo_probabilities)

Initialising EM algorithm
Starting iteration: 1
- Current LL : -2951.789
- New LL     : -2897.433
- Improvement: 54.35621

Starting iteration: 2
- Current LL : -2897.433
- New LL     : -2889.331
- Improvement: 8.101989

Starting iteration: 3
- Current LL : -2889.331
- New LL     : -2879.349
- Improvement: 9.981327

Starting iteration: 4
- Current LL : -2879.349
- New LL     : -2863.823
- Improvement: 15.52659

Starting iteration: 5
- Current LL : -2863.823
- New LL     : -2828.057
- Improvement: 35.76553

Starting iteration: 6
- Current LL : -2828.057
- New LL     : -2790.884
- Improvement: 37.17332

Starting iteration: 7
- Current LL : -2790.884
- New LL     : -2772.559
- Improvement: 18.32467

Starting iteration: 8
- Current LL : -2772.559
- New LL     : -2764.812
- Improvement: 7.74718

Starting iteration: 9
- Current LL : -2764.812
- New LL     : -2761.783
- Improvement: 3.028763

Starting iteration: 10
- Current LL : -2761.783
- New LL     : -2760.148
- Improvement: 1.635644

Starting iteration: 11
- Current LL : -2760.148
- New LL     : -2759.035
- Improvement: 1.112868

Starting iteration: 12
- Current LL : -2759.035
- New LL     : -2758.228
- Improvement: 0.8063866

Starting iteration: 13
- Current LL : -2758.228
- New LL     : -2757.654
- Improvement: 0.5745631

Starting iteration: 14
- Current LL : -2757.654
- New LL     : -2757.26
- Improvement: 0.3933079

Starting iteration: 15
- Current LL : -2757.26
- New LL     : -2756.999
- Improvement: 0.2616664

Starting iteration: 16
- Current LL : -2756.999
- New LL     : -2756.826
- Improvement: 0.1732113

Starting iteration: 17
- Current LL : -2756.826
- New LL     : -2756.71
- Improvement: 0.1153965

Starting iteration: 18
- Current LL : -2756.71
- New LL     : -2756.633
- Improvement: 0.07762441

Starting iteration: 19
- Current LL : -2756.633
- New LL     : -2756.58
- Improvement: 0.0530829

Starting iteration: 20
- Current LL : -2756.58
- New LL     : -2756.543
- Improvement: 0.03628313

Starting iteration: 21
- Current LL : -2756.543
- New LL     : -2756.518
- Improvement: 0.02494322

Starting iteration: 22
- Current LL : -2756.518
- New LL     : -2756.501
- Improvement: 0.01718214

Starting iteration: 23
- Current LL : -2756.501
- New LL     : -2756.489
- Improvement: 0.01193963

Starting iteration: 24
- Current LL : -2756.489
- New LL     : -2756.481
- Improvement: 0.008117448

Starting iteration: 25
- Current LL : -2756.481
- New LL     : -2756.475
- Improvement: 0.006103172

Starting iteration: 26
- Current LL : -2756.475
- New LL     : -2756.471
- Improvement: 0.004094975

Starting iteration: 27
- Current LL : -2756.471
- New LL     : -2756.468
- Improvement: 0.002860591

Starting iteration: 28
- Current LL : -2756.468
- New LL     : -2756.466
- Improvement: 0.002093508

Starting iteration: 29
- Current LL : -2756.466
- New LL     : -2756.465
- Improvement: 0.001376099

Starting iteration: 30
- Current LL : -2756.465
- New LL     : -2756.463
- Improvement: 0.001212449

Starting iteration: 31
- Current LL : -2756.463
- New LL     : -2756.462
- Improvement: 0.000841238

Starting iteration: 32
- Current LL : -2756.462
- New LL     : -2756.462
- Improvement: 0.0006152876

Starting iteration: 33
- Current LL : -2756.462
- New LL     : -2756.461
- Improvement: 0.000437901

Starting iteration: 34
- Current LL : -2756.461
- New LL     : -2756.461
- Improvement: 0.0003512463

Starting iteration: 35
- Current LL : -2756.461
- New LL     : -2756.461
- Improvement: 0.0002605981

Starting iteration: 36
- Current LL : -2756.461
- New LL     : -2756.461
- Improvement: 0.0001727091

Starting iteration: 37
- Current LL : -2756.461
- New LL     : -2756.461
- Improvement: 0.0001211504

Starting iteration: 38
- Current LL : -2756.461
- New LL     : -2756.46
- Improvement: 0.0001095405

Starting iteration: 39
- Current LL : -2756.46
- New LL     : -2756.46
- Improvement: 6.749916e-05

Starting iteration: 40
- Current LL : -2756.46
- New LL     : -2756.46
- Improvement: 6.857894e-05

Starting iteration: 41
- Current LL : -2756.46
- New LL     : -2756.46
- Improvement: 4.131432e-05

Starting iteration: 42
- Current LL : -2756.46
- New LL     : -2756.46
- Improvement: 3.546442e-05

Starting iteration: 43
- Current LL : -2756.46
- New LL     : -2756.46
- Improvement: 3.098566e-05

Starting iteration: 44
- Current LL : -2756.46
- New LL     : -2756.46
- Improvement: 1.684766e-05

Starting iteration: 45
- Current LL : -2756.46
- New LL     : -2756.46
- Improvement: 2.217006e-05

Starting iteration: 46
- Current LL : -2756.46
- New LL     : -2756.46
- Improvement: 1.319172e-05

Starting iteration: 47
- Current LL : -2756.46
- New LL     : -2756.46
- Improvement: 1.009093e-05

Starting iteration: 48
- Current LL : -2756.46
- New LL     : -2756.46
- Improvement: 1.762469e-05

Starting iteration: 49
- Current LL : -2756.46
- New LL     : -2756.46
- Improvement: 9.907503e-06

EM algorithm stopped: improvements in LL smaller than convergence
  criterion.
Continuing with classical estimation...
Preparing user-defined functions.

Testing likelihood function...
Apollo found a model component of type MNL without a componentName. The
  name was set to "Class_1" by default.
Apollo found a model component of type MNL without a componentName. The
  name was set to "Class_2" by default.
Apollo found a model component of type MNL without a componentName. The
  name was set to "Class_3" by default.
Apollo found a model component of type MNL without a componentName. The
  name was set to "Class_4" by default.

Pre-processing likelihood function...

Starting main estimation
Initial function value: -2756.46 
Initial gradient value:
   asc_alt1_1    asc_alt1_2    asc_alt1_3    asc_alt1_4    asc_alt2_1 
-0.0026889211  0.0026202542  0.0015147634 -0.0013192221  0.0109221219 
   asc_alt2_2    asc_alt2_3    asc_alt2_4        b_x1_1        b_x1_2 
 0.0011582415 -0.0008953975 -0.0002733032 -0.0194622771 -0.0060349521 
       b_x1_3        b_x1_4        b_x2_1        b_x2_2        b_x2_3 
-0.0006180016 -0.0025725058 -0.0057907528 -0.0023323992  0.0021391315 
       b_x2_4        b_x3_1        b_x3_2        b_x3_3        b_x3_4 
 0.0009190444  0.0067143446  0.0030631782  0.0022364475  0.0042155079 
       b_x4_1        b_x4_2        b_x4_3        b_x4_4     b_price_1 
 0.0097656994  0.0104128048  0.0004602043  0.0021555024 -0.0139384611 
    b_price_2     b_price_3     b_price_4       delta_1       delta_2 
 0.0022555469  0.0011359589 -0.0038689905  0.0053360054 -0.0117788659 
      delta_3 
-0.0074774107 
initial  value 2756.460062 
iter   1 value 2756.460054
final  value 2756.460054 
converged

Estimated parameters with approximate standard errors from BHHH matrix:
              Estimate     BHHH se BHH t-ratio (0)
asc_alt1_1     0.01960     0.08034          0.2440
asc_alt1_2     0.18906     0.14377          1.3150
asc_alt1_3    -0.35251     0.15622         -2.2565
asc_alt1_4    -0.43062     0.24316         -1.7709
asc_alt2_1     0.02160     0.08966          0.2409
asc_alt2_2     0.17791     0.17322          1.0271
asc_alt2_3    -0.19436     0.16571         -1.1729
asc_alt2_4    -0.10078     0.18855         -0.5345
asc_alt3_1     0.00000          NA              NA
asc_alt3_2     0.00000          NA              NA
asc_alt3_3     0.00000          NA              NA
asc_alt3_4     0.00000          NA              NA
b_x1_1         0.49953     0.10262          4.8678
b_x1_2        -0.51471     0.15277         -3.3692
b_x1_3         0.67755     0.16628          4.0748
b_x1_4         1.81347     0.33631          5.3923
b_x2_1         0.79138     0.09679          8.1759
b_x2_2         0.02610     0.14658          0.1780
b_x2_3        -0.88842     0.19450         -4.5676
b_x2_4         1.04039     0.20915          4.9744
b_x3_1         0.72599     0.08096          8.9671
b_x3_2         0.93469     0.15414          6.0637
b_x3_3        -0.09869     0.15039         -0.6562
b_x3_4        -0.30775     0.20206         -1.5231
b_x4_1         0.23006     0.08657          2.6576
b_x4_2         1.49398     0.18273          8.1760
b_x4_3         0.82427     0.15071          5.4693
b_x4_4        -0.35276     0.18573         -1.8993
b_price_1     -1.82325     0.21078         -8.6499
b_price_2     -2.00111     0.32036         -6.2465
b_price_3     -1.30070     0.40640         -3.2006
b_price_4     -0.68314     0.38579         -1.7707
delta_1        1.21105     0.34896          3.4705
delta_2        0.48825     0.37929          1.2873
delta_3        0.16059     0.37134          0.4325
delta_4        0.00000          NA              NA

Final LL: -2756.4601


Summary of class allocation for model component :
         Mean prob.
Class_1      0.4688
Class_2      0.2276
Class_3      0.1640
Class_4      0.1397

Calculating log-likelihood at equal shares (LL(0)) for applicable
  models...
Calculating log-likelihood at observed shares from estimation data
  (LL(c)) for applicable models...
Calculating LL of each model component...
Calculating other model fit measures
Computing covariance matrix using numerical methods (numDeriv).
 0%....25%....50%....75%....100%
Negative definite Hessian with maximum eigenvalue: -2.725232

Please acknowledge the use of Apollo by citing Hess & Palma (2019) -
  doi.org/10.1016/j.jocm.2019.100170
[00:19:18]   done moderate|seed4 : gaps  klue_ml=+0.00  klue_em=-0.00  apollo_searchStart=-0.00  apollo_lcEM=-0.00  gmnl_lc=-0.00  apollo_ss_published=-0.00
[00:19:18] RUN  moderate|seed5  (K=4 kap=0.75 sig=0.25 corr=none)  arms: apollo_searchStart, apollo_lcEM
Several observations per individual detected based on the value of ID.
  Setting panelData in apollo_control set to TRUE.
All checks on apollo_control completed.
All checks on database completed.
Testing probability function (apollo_probabilities)
Apollo found a model component of type classAlloc without a
  componentName. The name was set to "classAlloc" by default.
INFORMATION: Setting "avail" is missing, so full availability is assumed. 
Apollo found a model component of type MNL without a componentName. The
  name was set to "Class_1" by default.
Apollo found a model component of type MNL without a componentName. The
  name was set to "Class_2" by default.
Apollo found a model component of type MNL without a componentName. The
  name was set to "Class_3" by default.
Apollo found a model component of type MNL without a componentName. The
  name was set to "Class_4" by default.
Pre-processing likelihood function...
INFORMATION: Apollo was not able to compute analytical gradients for your model.
  This could be because you are using model components for which
  analytical gradients are not yet implemented, or because you coded
  your own model functions. If however you only used apollo_mnl,
  apollo_fmnl, apollo_normalDensity, apollo_ol or apollo_op, then there
  could be another issue. You might want to ask for help in the Apollo
  forum (http://www.apollochoicemodelling.com/forum) on how to solve
  this issue. If you do, please post your code and data (if not
  confidential). 
Creating initial set of 100 candidate values.
Calculating LL of candidates 0%....50%.....100%

Stage 1, 100 active candidates.
Estimating 20 BFGS iteration(s) for each active candidate.
 Candidate......LLstart.....LLfinish.....GradientNorm...Converged
         1        -2916        -2717           42.453           0
         2        -2916        -2719           30.298           0
         3        -2913        -2721           49.986           0
         4        -2926        -2710           24.614           0
         5        -2908        -2707           25.202           0
         6        -2923        -2720           32.707           0
         7        -2914        -2703           15.265           0
         8        -2910        -2725           31.743           0
         9        -2916        -2709            32.75           0
        10        -2914        -2710           26.042           0
        11        -2909        -2718           44.501           0
        12        -2916        -2714           27.192           0
        13        -2896        -2709           31.169           0
        14        -2919        -2719           33.491           0
        15        -2909        -2713           40.735           0
        16        -2911        -2702           13.386           0
        17        -2915        -2706            22.11           0
        18        -2920        -2723           22.503           0
        19        -2922        -2703           17.832           0
        20        -2919        -2703           15.386           0
        21        -2905        -2710           27.869           0
        22        -2924        -2708           31.664           0
        23        -2918        -2706            28.01           0
        24        -2914        -2701           10.043           0
        25        -2929        -2706           26.301           0
        26        -2924        -2714           26.625           0
        27        -2917        -2703           21.148           0
        28        -2920        -2703           19.595           0
        29        -2922        -2717           35.425           0
        30        -2914        -2708           17.593           0
        31        -2916        -2725           15.339           0
        32        -2924        -2714           26.009           0
        33        -2926        -2723           16.611           0
        34        -2922        -2711           30.329           0
        35        -2910        -2707           26.971           0
        36        -2917        -2732           33.245           0
        37        -2907        -2710           32.567           0
        38        -2922        -2716           29.287           0
        39        -2917        -2717           41.338           0
        40        -2925        -2712           41.459           0
        41        -2915        -2714           28.796           0
        42        -2920        -2722           21.379           0
        43        -2912        -2706           24.261           0
        44        -2912        -2703           17.162           0
        45        -2920        -2707           21.499           0
        46        -2912        -2712           32.186           0
        47        -2912        -2708           18.375           0
        48        -2911        -2708           27.344           0
        49        -2922        -2710           24.268           0
        50        -2907        -2726           26.651           0
        51        -2900        -2714           32.069           0
        52        -2917        -2707            18.01           0
        53        -2907        -2724           14.125           0
        54        -2911        -2701           10.299           0
        55        -2913        -2715           34.263           0
        56        -2900        -2712           27.859           0
        57        -2920        -2709            15.71           0
        58        -2920        -2716           35.444           0
        59        -2908        -2727           39.313           0
        60        -2914        -2711           36.242           0
        61        -2918        -2714           34.789           0
        62        -2912        -2705           19.734           0
        63        -2915        -2701            9.452           0
        64        -2920        -2708           20.064           0
        65        -2920        -2710           25.566           0
        66        -2911        -2717           39.525           0
        67        -2916        -2714           34.619           0
        68        -2921        -2729           24.962           0
        69        -2932        -2730           24.712           0
        70        -2916        -2709           23.303           0
        71        -2930        -2739           36.436           0
        72        -2928        -2711           35.901           0
        73        -2920        -2701            9.827           0
        74        -2925        -2714           41.327           0
        75        -2910        -2704           20.516           0
        76        -2908        -2707           30.231           0
        77        -2920        -2713           31.136           0
        78        -2911        -2711           32.741           0
        79        -2931        -2706           20.674           0
        80        -2928        -2712           29.116           0
        81        -2923        -2711           30.903           0
        82        -2903        -2707           31.735           0
        83        -2914        -2712           22.336           0
        84        -2924        -2713           33.862           0
        85        -2914        -2707           20.039           0
        86        -2912        -2709           34.089           0
        87        -2916        -2707            21.36           0
        88        -2922        -2708           32.822           0
        89        -2913        -2728           25.466           0
        90        -2923        -2724           41.741           0
        91        -2910        -2712           30.682           0
        92        -2918        -2705           18.207           0
        93        -2904        -2708           34.921           0
        94        -2914        -2709           30.933           0
        95        -2916        -2726           21.928           0
        96        -2910        -2704           21.732           0
        97        -2921        -2718           38.813           0
        98        -2917        -2709           25.533           0
        99        -2921        -2710           27.187           0
       100        -2913        -2712           33.032           0
Candidate 5 dropped.
- Failed test 1: Too close to 27 in parameter space.
Candidate 7 dropped.
- Failed test 1: Too close to 16, 24, 73 in parameter space.
Candidate 9 dropped.
- Failed test 1: Too close to 28, 54 in parameter space.
Candidate 13 dropped.
- Failed test 1: Too close to 44, 47 in parameter space.
Candidate 16 dropped.
- Failed test 1: Too close to 24, 73 in parameter space.
Candidate 17 dropped.
- Failed test 1: Too close to 43, 63 in parameter space.
Candidate 19 dropped.
- Failed test 1: Too close to 7, 16, 24, 73 in parameter space.
Candidate 21 dropped.
- Failed test 1: Too close to 45 in parameter space.
Candidate 22 dropped.
- Failed test 1: Too close to 28, 35, 54 in parameter space.
Candidate 23 dropped.
- Failed test 1: Too close to 7, 16, 19, 24, 73 in parameter space.
Candidate 25 dropped.
- Failed test 1: Too close to 96 in parameter space.
Candidate 28 dropped.
- Failed test 1: Too close to 54 in parameter space.
Candidate 35 dropped.
- Failed test 1: Too close to 28 in parameter space.
Candidate 40 dropped.
- Failed test 1: Too close to 43, 63 in parameter space.
Candidate 43 dropped.
- Failed test 1: Too close to 63 in parameter space.
Candidate 46 dropped.
- Failed test 1: Too close to 52 in parameter space.
Candidate 48 dropped.
- Failed test 1: Too close to 44, 93, 96 in parameter space.
Candidate 50 dropped.
- Failed test 1: Too close to 33 in parameter space.
Candidate 56 dropped.
- Failed test 1: Too close to 30, 65 in parameter space.
Candidate 57 dropped.
- Failed test 1: Too close to 30 in parameter space.
Candidate 60 dropped.
- Failed test 1: Too close to 5 in parameter space.
Candidate 65 dropped.
- Failed test 1: Too close to 30, 87 in parameter space.
Candidate 67 dropped.
- Failed test 1: Too close to 46, 52 in parameter space.
Candidate 73 dropped.
- Failed test 1: Too close to 24 in parameter space.
Candidate 74 dropped.
- Failed test 1: Too close to 15, 64 in parameter space.
Candidate 75 dropped.
- Failed test 1: Too close to 7, 16, 19, 24, 73 in parameter space.
Candidate 76 dropped.
- Failed test 1: Too close to 43, 63, 87 in parameter space.
Candidate 78 dropped.
- Failed test 1: Too close to 22, 28, 35, 98 in parameter space.
Candidate 80 dropped.
- Failed test 1: Too close to 52 in parameter space.
Candidate 81 dropped.
- Failed test 1: Too close to 35 in parameter space.
Candidate 82 dropped.
- Failed test 1: Too close to 7, 16, 19, 24, 73, 75 in parameter space.
Candidate 87 dropped.
- Failed test 1: Too close to 43 in parameter space.
Candidate 88 dropped.
- Failed test 1: Too close to 7, 16, 19, 24, 73, 82 in parameter space.
Candidate 92 dropped.
- Failed test 1: Too close to 63 in parameter space.
Candidate 93 dropped.
- Failed test 1: Too close to 44, 96 in parameter space.
Candidate 94 dropped.
- Failed test 1: Too close to 24, 82 in parameter space.
Candidate 96 dropped.
- Failed test 1: Too close to 44 in parameter space.
Candidate 98 dropped.
- Failed test 1: Too close to 22 in parameter space.
Best candidate so far (LL=-2701.1)
             Value
asc_alt1_1 -0.0604
asc_alt1_2  0.0104
asc_alt1_3 -0.0093
asc_alt1_4  0.0157
asc_alt2_1 -0.3141
asc_alt2_2  0.0666
asc_alt2_3  0.0230
asc_alt2_4  0.1928
asc_alt3_1  0.0000
asc_alt3_2  0.0000
asc_alt3_3  0.0000
asc_alt3_4  0.0000
b_x1_1     -0.3804
b_x1_2      0.2375
b_x1_3      1.4870
b_x1_4      0.6151
b_x2_1      0.0081
b_x2_2      1.0229
b_x2_3      0.7926
b_x2_4     -0.4287
b_x3_1      1.4683
b_x3_2      1.0799
b_x3_3     -0.2248
b_x3_4      0.0525
b_x4_1      1.7479
b_x4_2      0.0623
b_x4_3     -0.0632
b_x4_4      0.9583
b_price_1  -2.1784
b_price_2  -2.6935
b_price_3  -1.3734
b_price_4  -0.8227
delta_1    -0.3401
delta_2     0.2326
delta_3    -0.0742
delta_4     0.0000

Stage 2, 62 active candidates.
Estimating 20 BFGS iteration(s) for each active candidate.
 Candidate......LLstart.....LLfinish.....GradientNorm...Converged
         1        -2717        -2700            3.201           0
         2        -2719        -2700            3.783           0
         3        -2721        -2701            3.902           0
         4        -2710        -2701            5.198           0
         6        -2720        -2700            5.764           0
         8        -2725        -2711            8.228           0
        10        -2710        -2701            7.421           0
        11        -2718        -2700            4.151           0
        12        -2714        -2701            5.958           0
        14        -2719        -2700            4.463           0
        15        -2713        -2701            6.314           0
        18        -2723        -2708           25.445           0
        20        -2703        -2700            2.616           0
        24        -2701        -2700            1.176           0
        26        -2714        -2701            5.053           0
        27        -2703        -2700             1.48           0
        29        -2717        -2701            5.877           0
        30        -2708        -2700            4.137           0
        31        -2725        -2709            26.42           0
        32        -2714        -2701            12.56           0
        33        -2723        -2707           18.013           0
        34        -2711        -2701            5.254           0
        36        -2732        -2707            22.82           0
        37        -2710        -2700            2.596           0
        38        -2716        -2701            4.213           0
        39        -2717        -2701            7.167           0
        41        -2714        -2700            4.402           0
        42        -2722        -2702            13.92           0
        44        -2703        -2700            1.495           0
        45        -2707        -2700            3.568           0
        47        -2708        -2701             5.71           0
        49        -2710        -2700            5.624           0
        51        -2714        -2701            4.488           0
        52        -2707        -2700            2.714           0
        53        -2724        -2717           37.387           0
        54        -2701        -2700             0.97           0
        55        -2715        -2700            3.778           0
        58        -2716        -2700            3.622           0
        59        -2727        -2702           12.185           0
        61        -2714        -2700            3.744           0
        62        -2705        -2700            2.068           0
        63        -2701        -2700            0.883           0
        64        -2708        -2701            6.668           0
        66        -2717        -2701            5.979           0
        68        -2729        -2708           25.873           0
        69        -2730        -2707           16.102           0
        70        -2709        -2700            4.306           0
        71        -2739        -2721           14.484           0
        72        -2711        -2700            3.697           0
        77        -2713        -2701             7.29           0
        79        -2706        -2700            2.047           0
        83        -2712        -2701            5.236           0
        84        -2713        -2700            2.525           0
        85        -2707        -2700            4.112           0
        86        -2709        -2700            3.035           0
        89        -2728        -2715           11.458           0
        90        -2724        -2702           13.411           0
        91        -2712        -2700            4.739           0
        95        -2726        -2713           24.114           0
        97        -2718        -2701            7.322           0
        99        -2710        -2700            4.558           0
       100        -2712        -2700            3.974           0
Candidate 1 dropped.
- Failed test 1: Too close to 63 in parameter space.
Candidate 3 dropped.
- Failed test 1: Too close to 61, 84 in parameter space.
Candidate 4 dropped.
- Failed test 1: Too close to 27, 52 in parameter space.
Candidate 6 dropped.
- Failed test 1: Too close to 49, 79 in parameter space.
Candidate 10 dropped.
- Failed test 1: Too close to 12, 24, 45, 55, 70, 72, 83, 100 in
  parameter space.
Candidate 11 dropped.
- Failed test 1: Too close to 54 in parameter space.
Candidate 12 dropped.
- Failed test 1: Too close to 24, 45, 55, 70, 72, 100 in parameter
  space.
Candidate 14 dropped.
- Failed test 1: Too close to 37, 44, 91 in parameter space.
Candidate 15 dropped.
- Failed test 1: Too close to 11, 41, 54 in parameter space.
Candidate 18 dropped.
- Failed test 1: Too close to 3 in parameter space.
Candidate 26 dropped.
- Failed test 1: Too close to 4, 27, 52 in parameter space.
Candidate 29 dropped.
- Failed test 1: Too close to 14, 37, 44, 91 in parameter space.
Candidate 30 dropped.
- Failed test 1: Too close to 1, 63 in parameter space.
Candidate 31 dropped.
- Failed test 1: Too close to 59 in parameter space.
Candidate 32 dropped.
- Failed test 1: Too close to 10, 12, 24, 45, 55, 70, 72, 83, 100 in
  parameter space.
Candidate 34 dropped.
- Failed test 1: Too close to 20, 86 in parameter space.
Candidate 36 dropped.
- Failed test 1: Too close to 6 in parameter space.
Candidate 37 dropped.
- Failed test 1: Too close to 44 in parameter space.
Candidate 38 dropped.
- Failed test 1: Too close to 1, 30, 63 in parameter space.
Candidate 39 dropped.
- Failed test 1: Too close to 51, 58, 62, 99 in parameter space.
Candidate 41 dropped.
- Failed test 1: Too close to 11, 54 in parameter space.
Candidate 42 dropped.
- Failed test 1: Too close to 4, 26, 27, 52, 97 in parameter space.
Candidate 45 dropped.
- Failed test 1: Too close to 24 in parameter space.
Candidate 47 dropped.
- Failed test 1: Too close to 14, 29, 37, 44, 77, 91 in parameter
  space.
Candidate 49 dropped.
- Failed test 1: Too close to 79 in parameter space.
Candidate 51 dropped.
- Failed test 1: Too close to 58, 62, 99 in parameter space.
Candidate 52 dropped.
- Failed test 1: Too close to 27 in parameter space.
Candidate 55 dropped.
- Failed test 1: Too close to 24, 45, 70, 72, 100 in parameter space.
Candidate 58 dropped.
- Failed test 1: Too close to 62, 99 in parameter space.
Candidate 59 dropped.
- Failed test 1: Too close to 11, 15, 41, 54, 64 in parameter space.
Candidate 61 dropped.
- Failed test 1: Too close to 84 in parameter space.
Candidate 64 dropped.
- Failed test 1: Too close to 11, 15, 41, 54 in parameter space.
Candidate 68 dropped.
- Failed test 1: Too close to 99 in parameter space.
Candidate 70 dropped.
- Failed test 1: Too close to 24, 45, 72 in parameter space.
Candidate 72 dropped.
- Failed test 1: Too close to 24, 45 in parameter space.
Candidate 77 dropped.
- Failed test 1: Too close to 14, 29, 37, 44, 91 in parameter space.
Candidate 83 dropped.
- Failed test 1: Too close to 12, 24, 45, 55, 70, 72, 100 in parameter
  space.
Candidate 86 dropped.
- Failed test 1: Too close to 20 in parameter space.
Candidate 90 dropped.
- Failed test 1: Too close to 10, 12, 24, 32, 45, 55, 70, 72, 83, 100
  in parameter space.
Candidate 91 dropped.
- Failed test 1: Too close to 37, 44 in parameter space.
Candidate 97 dropped.
- Failed test 1: Too close to 4, 26, 27, 52 in parameter space.
Candidate 99 dropped.
- Failed test 1: Too close to 62 in parameter space.
Candidate 100 dropped.
- Failed test 1: Too close to 24, 45, 70, 72 in parameter space.
Best candidate so far (LL=-2700.3)
             Value
asc_alt1_1  0.0038
asc_alt1_2 -0.0459
asc_alt1_3  0.0544
asc_alt1_4 -0.0287
asc_alt2_1  0.0647
asc_alt2_2 -0.2528
asc_alt2_3  0.1810
asc_alt2_4  0.0117
asc_alt3_1  0.0000
asc_alt3_2  0.0000
asc_alt3_3  0.0000
asc_alt3_4  0.0000
b_x1_1      0.2076
b_x1_2     -0.3227
b_x1_3      0.6385
b_x1_4      1.4253
b_x2_1      0.9979
b_x2_2      0.0662
b_x2_3     -0.4454
b_x2_4      0.7489
b_x3_1      1.0542
b_x3_2      1.4020
b_x3_3      0.0708
b_x3_4     -0.1724
b_x4_1      0.0459
b_x4_2      1.7195
b_x4_3      0.9620
b_x4_4     -0.0778
b_price_1  -2.5934
b_price_2  -2.0406
b_price_3  -0.9063
b_price_4  -1.4192
delta_1     0.2296
delta_2    -0.2625
delta_3    -0.0245
delta_4     0.0000

Stage 3, 19 active candidates.
Estimating 20 BFGS iteration(s) for each active candidate.
 Candidate......LLstart.....LLfinish.....GradientNorm...Converged
         2        -2700        -2700            0.229           0
         8        -2711        -2709            9.644           0
        20        -2700        -2700            0.171           0
        24        -2700        -2700            0.068           0
        27        -2700        -2700            0.186           1
        33        -2707        -2700            4.418           0
        44        -2700        -2700            0.091           0
        53        -2717        -2701            6.414           0
        54        -2700        -2700            0.049           1
        62        -2700        -2700            0.211           0
        63        -2700        -2700            0.113           1
        66        -2701        -2700             0.38           0
        69        -2707        -2700            5.576           0
        71        -2721        -2703           15.097           0
        79        -2700        -2700            0.304           0
        84        -2700        -2700             0.25           0
        85        -2700        -2700            0.504           0
        89        -2715        -2701             9.59           0
        95        -2713        -2701            8.689           0
Candidate 33 dropped.
- Failed test 1: Too close to 62 in parameter space.
Candidate 53 dropped.
- Failed test 1: Too close to 54 in parameter space.
Candidate 69 dropped.
- Failed test 1: Too close to 33, 62 in parameter space.
Candidate 71 dropped.
- Failed test 1: Too close to 63, 95 in parameter space.
Candidate 89 dropped.
- Failed test 1: Too close to 84 in parameter space.
Candidate 95 dropped.
- Failed test 1: Too close to 63 in parameter space.
Best candidate so far (LL=-2700.3)
             Value
asc_alt1_1  0.0044
asc_alt1_2 -0.0440
asc_alt1_3  0.0523
asc_alt1_4 -0.0285
asc_alt2_1  0.0671
asc_alt2_2 -0.2583
asc_alt2_3  0.1831
asc_alt2_4  0.0087
asc_alt3_1  0.0000
asc_alt3_2  0.0000
asc_alt3_3  0.0000
asc_alt3_4  0.0000
b_x1_1      0.2067
b_x1_2     -0.3263
b_x1_3      0.6385
b_x1_4      1.4349
b_x2_1      0.9971
b_x2_2      0.0679
b_x2_3     -0.4443
b_x2_4      0.7496
b_x3_1      1.0537
b_x3_2      1.4109
b_x3_3      0.0763
b_x3_4     -0.1740
b_x4_1      0.0460
b_x4_2      1.7233
b_x4_3      0.9603
b_x4_4     -0.0766
b_price_1  -2.5905
b_price_2  -2.0457
b_price_3  -0.9245
b_price_4  -1.4182
delta_1     0.2366
delta_2    -0.2647
delta_3    -0.0106
delta_4     0.0000

Stage 4, 11 active candidates.
Estimating 20 BFGS iteration(s) for each active candidate.
 Candidate......LLstart.....LLfinish.....GradientNorm...Converged
         2        -2700        -2700            0.086           1
         8        -2709        -2707            3.205           0
        20        -2700        -2700            0.062           1
        24        -2700        -2700            0.036           1
        44        -2700        -2700            0.074           1
        54        -2700        -2700                0           1
        62        -2700        -2700            0.145           1
        66        -2700        -2700            0.042           1
        79        -2700        -2700            0.058           1
        84        -2700        -2700            0.177           1
        85        -2700        -2700            0.083           1
Candidate 8 dropped.
- Failed test 2: Converging to a worse solution than54
Best candidate so far (LL=-2700.3)
             Value
asc_alt1_1  0.0045
asc_alt1_2 -0.0441
asc_alt1_3 -0.0287
asc_alt1_4  0.0525
asc_alt2_1  0.0672
asc_alt2_2 -0.2584
asc_alt2_3  0.0084
asc_alt2_4  0.1834
asc_alt3_1  0.0000
asc_alt3_2  0.0000
asc_alt3_3  0.0000
asc_alt3_4  0.0000
b_x1_1      0.2074
b_x1_2     -0.3266
b_x1_3      1.4363
b_x1_4      0.6387
b_x2_1      0.9970
b_x2_2      0.0676
b_x2_3      0.7498
b_x2_4     -0.4440
b_x3_1      1.0531
b_x3_2      1.4110
b_x3_3     -0.1750
b_x3_4      0.0764
b_x4_1      0.0461
b_x4_2      1.7237
b_x4_3     -0.0769
b_x4_4      0.9599
b_price_1  -2.5895
b_price_2  -2.0471
b_price_3  -1.4185
b_price_4  -0.9245
delta_1     0.2479
delta_2    -0.2544
delta_3     0.0079
delta_4     0.0000
Several observations per individual detected based on the value of ID.
  Setting panelData in apollo_control set to TRUE.
With setting noValidation=TRUE in apollo_control, your model code will
  not be validated prior to estimation. This may of course be
  deliberate for large models or models with many components.
All checks on apollo_control completed.
All checks on database completed.
INFORMATION: The use of apollo_lcEM has a number of requirements. No checks are run
  for these, so the user needs to ensure these conditions are met by
  their model: 
1: This function is only suitable for single component models, i.e. no
  use of apollo_combineModels or manual multiplication of model
  components.
2: Any parameters that vary across classes need to be included in the
  definition of random parameters in apollo_lcPars.
3: The entries in the lists in apollo_lcPars need to be individual
  parameters, not functions thereof.

Validating inputs of likelihood function (apollo_probabilities)

Initialising EM algorithm
Starting iteration: 1
- Current LL : -2915.997
- New LL     : -2847.714
- Improvement: 68.28373

Starting iteration: 2
- Current LL : -2847.714
- New LL     : -2826.367
- Improvement: 21.34688

Starting iteration: 3
- Current LL : -2826.367
- New LL     : -2801.876
- Improvement: 24.49035

Starting iteration: 4
- Current LL : -2801.876
- New LL     : -2790.465
- Improvement: 11.4116

Starting iteration: 5
- Current LL : -2790.465
- New LL     : -2780.639
- Improvement: 9.826045

Starting iteration: 6
- Current LL : -2780.639
- New LL     : -2759.221
- Improvement: 21.41743

Starting iteration: 7
- Current LL : -2759.221
- New LL     : -2737.286
- Improvement: 21.93541

Starting iteration: 8
- Current LL : -2737.286
- New LL     : -2726.842
- Improvement: 10.44422

Starting iteration: 9
- Current LL : -2726.842
- New LL     : -2719.74
- Improvement: 7.101765

Starting iteration: 10
- Current LL : -2719.74
- New LL     : -2714.288
- Improvement: 5.45219

Starting iteration: 11
- Current LL : -2714.288
- New LL     : -2710.642
- Improvement: 3.645973

Starting iteration: 12
- Current LL : -2710.642
- New LL     : -2708.241
- Improvement: 2.400474

Starting iteration: 13
- Current LL : -2708.241
- New LL     : -2706.6
- Improvement: 1.641364

Starting iteration: 14
- Current LL : -2706.6
- New LL     : -2705.42
- Improvement: 1.180289

Starting iteration: 15
- Current LL : -2705.42
- New LL     : -2704.531
- Improvement: 0.8884114

Starting iteration: 16
- Current LL : -2704.531
- New LL     : -2703.84
- Improvement: 0.6916234

Starting iteration: 17
- Current LL : -2703.84
- New LL     : -2703.286
- Improvement: 0.5532038

Starting iteration: 18
- Current LL : -2703.286
- New LL     : -2702.831
- Improvement: 0.4555931

Starting iteration: 19
- Current LL : -2702.831
- New LL     : -2702.446
- Improvement: 0.3844309

Starting iteration: 20
- Current LL : -2702.446
- New LL     : -2702.115
- Improvement: 0.3315092

Starting iteration: 21
- Current LL : -2702.115
- New LL     : -2701.825
- Improvement: 0.289591

Starting iteration: 22
- Current LL : -2701.825
- New LL     : -2701.571
- Improvement: 0.254775

Starting iteration: 23
- Current LL : -2701.571
- New LL     : -2701.347
- Improvement: 0.2238218

Starting iteration: 24
- Current LL : -2701.347
- New LL     : -2701.152
- Improvement: 0.1950784

Starting iteration: 25
- Current LL : -2701.152
- New LL     : -2700.984
- Improvement: 0.1679083

Starting iteration: 26
- Current LL : -2700.984
- New LL     : -2700.839
- Improvement: 0.1447694

Starting iteration: 27
- Current LL : -2700.839
- New LL     : -2700.721
- Improvement: 0.1183884

Starting iteration: 28
- Current LL : -2700.721
- New LL     : -2700.624
- Improvement: 0.0969038

Starting iteration: 29
- Current LL : -2700.624
- New LL     : -2700.545
- Improvement: 0.07830265

Starting iteration: 30
- Current LL : -2700.545
- New LL     : -2700.483
- Improvement: 0.06245529

Starting iteration: 31
- Current LL : -2700.483
- New LL     : -2700.434
- Improvement: 0.04924583

Starting iteration: 32
- Current LL : -2700.434
- New LL     : -2700.395
- Improvement: 0.03856769

Starting iteration: 33
- Current LL : -2700.395
- New LL     : -2700.365
- Improvement: 0.03000975

Starting iteration: 34
- Current LL : -2700.365
- New LL     : -2700.342
- Improvement: 0.02322586

Starting iteration: 35
- Current LL : -2700.342
- New LL     : -2700.324
- Improvement: 0.01791134

Starting iteration: 36
- Current LL : -2700.324
- New LL     : -2700.31
- Improvement: 0.01375213

Starting iteration: 37
- Current LL : -2700.31
- New LL     : -2700.3
- Improvement: 0.01056209

Starting iteration: 38
- Current LL : -2700.3
- New LL     : -2700.292
- Improvement: 0.008081578

Starting iteration: 39
- Current LL : -2700.292
- New LL     : -2700.285
- Improvement: 0.006127088

Starting iteration: 40
- Current LL : -2700.285
- New LL     : -2700.281
- Improvement: 0.00472709

Starting iteration: 41
- Current LL : -2700.281
- New LL     : -2700.277
- Improvement: 0.003594495

Starting iteration: 42
- Current LL : -2700.277
- New LL     : -2700.274
- Improvement: 0.002745149

Starting iteration: 43
- Current LL : -2700.274
- New LL     : -2700.272
- Improvement: 0.0020124

Starting iteration: 44
- Current LL : -2700.272
- New LL     : -2700.271
- Improvement: 0.001670245

Starting iteration: 45
- Current LL : -2700.271
- New LL     : -2700.269
- Improvement: 0.001257571

Starting iteration: 46
- Current LL : -2700.269
- New LL     : -2700.269
- Improvement: 0.0008665836

Starting iteration: 47
- Current LL : -2700.269
- New LL     : -2700.268
- Improvement: 0.0007551665

Starting iteration: 48
- Current LL : -2700.268
- New LL     : -2700.267
- Improvement: 0.0005018671

Starting iteration: 49
- Current LL : -2700.267
- New LL     : -2700.267
- Improvement: 0.0004368762

Starting iteration: 50
- Current LL : -2700.267
- New LL     : -2700.267
- Improvement: 0.0003000158

Starting iteration: 51
- Current LL : -2700.267
- New LL     : -2700.266
- Improvement: 0.0002311896

Starting iteration: 52
- Current LL : -2700.266
- New LL     : -2700.266
- Improvement: 0.0001773078

Starting iteration: 53
- Current LL : -2700.266
- New LL     : -2700.266
- Improvement: 0.0001434229

Starting iteration: 54
- Current LL : -2700.266
- New LL     : -2700.266
- Improvement: 0.0001061621

Starting iteration: 55
- Current LL : -2700.266
- New LL     : -2700.266
- Improvement: 7.89475e-05

Starting iteration: 56
- Current LL : -2700.266
- New LL     : -2700.266
- Improvement: 6.105384e-05

Starting iteration: 57
- Current LL : -2700.266
- New LL     : -2700.266
- Improvement: 4.357247e-05

Starting iteration: 58
- Current LL : -2700.266
- New LL     : -2700.266
- Improvement: 3.115396e-05

Starting iteration: 59
- Current LL : -2700.266
- New LL     : -2700.266
- Improvement: 2.915436e-05

Starting iteration: 60
- Current LL : -2700.266
- New LL     : -2700.266
- Improvement: 2.162535e-05

Starting iteration: 61
- Current LL : -2700.266
- New LL     : -2700.266
- Improvement: 2.40793e-05

Starting iteration: 62
- Current LL : -2700.266
- New LL     : -2700.266
- Improvement: 1.566997e-05

Starting iteration: 63
- Current LL : -2700.266
- New LL     : -2700.266
- Improvement: 1.317117e-05

Starting iteration: 64
- Current LL : -2700.266
- New LL     : -2700.266
- Improvement: 1.088488e-05

Starting iteration: 65
- Current LL : -2700.266
- New LL     : -2700.266
- Improvement: 8.937906e-06

EM algorithm stopped: improvements in LL smaller than convergence
  criterion.
Continuing with classical estimation...
Preparing user-defined functions.

Testing likelihood function...
Apollo found a model component of type MNL without a componentName. The
  name was set to "Class_1" by default.
Apollo found a model component of type MNL without a componentName. The
  name was set to "Class_2" by default.
Apollo found a model component of type MNL without a componentName. The
  name was set to "Class_3" by default.
Apollo found a model component of type MNL without a componentName. The
  name was set to "Class_4" by default.

Pre-processing likelihood function...

Starting main estimation
Initial function value: -2700.266 
Initial gradient value:
   asc_alt1_1    asc_alt1_2    asc_alt1_3    asc_alt1_4    asc_alt2_1 
-0.0000682121  0.0004606591  0.0002660272  0.0002041816 -0.0004579306 
   asc_alt2_2    asc_alt2_3    asc_alt2_4        b_x1_1        b_x1_2 
-0.0012910277  0.0018949322 -0.0009463292 -0.0005270522 -0.0082450242 
       b_x1_3        b_x1_4        b_x2_1        b_x2_2        b_x2_3 
-0.0093264134 -0.0017698767 -0.0008981260  0.0008394636  0.0014588295 
       b_x2_4        b_x3_1        b_x3_2        b_x3_3        b_x3_4 
-0.0001709850  0.0018426363  0.0074560376  0.0087134140  0.0013865247 
       b_x4_1        b_x4_2        b_x4_3        b_x4_4     b_price_1 
 0.0031145646  0.0023474058  0.0013010322  0.0012519195 -0.0012328201 
    b_price_2     b_price_3     b_price_4       delta_1       delta_2 
-0.0130835360 -0.0078334779 -0.0012050805 -0.0114541763 -0.0087411536 
      delta_3 
 0.0142708814 
initial  value 2700.265585 
iter   1 value 2700.265554
final  value 2700.265554 
converged

Estimated parameters with approximate standard errors from BHHH matrix:
              Estimate     BHHH se BHH t-ratio (0)
asc_alt1_1   -0.044235     0.17944        -0.24652
asc_alt1_2    0.004454     0.11652         0.03822
asc_alt1_3   -0.028649     0.13964        -0.20516
asc_alt1_4    0.052368     0.13987         0.37440
asc_alt2_1   -0.258307     0.20566        -1.25596
asc_alt2_2    0.067164     0.12122         0.55405
asc_alt2_3    0.008436     0.15735         0.05361
asc_alt2_4    0.183408     0.10895         1.68349
asc_alt3_1    0.000000          NA              NA
asc_alt3_2    0.000000          NA              NA
asc_alt3_3    0.000000          NA              NA
asc_alt3_4    0.000000          NA              NA
b_x1_1       -0.326104     0.17198        -1.89620
b_x1_2        0.207898     0.09403         2.21109
b_x1_3        1.436407     0.17446         8.23364
b_x1_4        0.638894     0.15216         4.19891
b_x2_1        0.067851     0.14229         0.47683
b_x2_2        0.996749     0.12502         7.97257
b_x2_3        0.749463     0.15863         4.72458
b_x2_4       -0.444336     0.13297        -3.34157
b_x3_1        1.410338     0.22538         6.25749
b_x3_2        1.052554     0.13040         8.07156
b_x3_3       -0.175225     0.14333        -1.22252
b_x3_4        0.075993     0.12610         0.60265
b_x4_1        1.722468     0.22303         7.72292
b_x4_2        0.046029     0.10594         0.43449
b_x4_3       -0.076871     0.12392        -0.62033
b_x4_4        0.960228     0.15575         6.16524
b_price_1    -2.045908     0.51340        -3.98498
b_price_2    -2.588067     0.29387        -8.80691
b_price_3    -1.417675     0.29824        -4.75351
b_price_4    -0.923367     0.28837        -3.20203
delta_1      -0.252586     0.36070        -0.70027
delta_2       0.249245     0.27989         0.89051
delta_3       0.008524     0.32168         0.02650
delta_4       0.000000          NA              NA

Final LL: -2700.2656


Summary of class allocation for model component :
         Mean prob.
Class_1      0.1909
Class_2      0.3154
Class_3      0.2479
Class_4      0.2458

Calculating log-likelihood at equal shares (LL(0)) for applicable
  models...
Calculating log-likelihood at observed shares from estimation data
  (LL(c)) for applicable models...
Calculating LL of each model component...
Calculating other model fit measures
Computing covariance matrix using numerical methods (numDeriv).
 0%....25%....50%....75%....100%
Negative definite Hessian with maximum eigenvalue: -3.932818

Please acknowledge the use of Apollo by citing Hess & Palma (2019) -
  doi.org/10.1016/j.jocm.2019.100170
[00:37:19]   done moderate|seed5 : gaps  klue_ml=+0.00  klue_em=-0.00  apollo_searchStart=-0.00  apollo_lcEM=-0.00  gmnl_lc=-0.00  apollo_ss_published=-0.00
[00:37:19] RUN  hard|seed1  (K=5 kap=0.50 sig=0.30 corr=none)  arms: apollo_searchStart, apollo_lcEM
Several observations per individual detected based on the value of ID.
  Setting panelData in apollo_control set to TRUE.
All checks on apollo_control completed.
All checks on database completed.
Testing probability function (apollo_probabilities)
Apollo found a model component of type classAlloc without a
  componentName. The name was set to "classAlloc" by default.
INFORMATION: Setting "avail" is missing, so full availability is assumed. 
Apollo found a model component of type MNL without a componentName. The
  name was set to "Class_1" by default.
Apollo found a model component of type MNL without a componentName. The
  name was set to "Class_2" by default.
Apollo found a model component of type MNL without a componentName. The
  name was set to "Class_3" by default.
Apollo found a model component of type MNL without a componentName. The
  name was set to "Class_4" by default.
Apollo found a model component of type MNL without a componentName. The
  name was set to "Class_5" by default.
Pre-processing likelihood function...
INFORMATION: Apollo was not able to compute analytical gradients for your model.
  This could be because you are using model components for which
  analytical gradients are not yet implemented, or because you coded
  your own model functions. If however you only used apollo_mnl,
  apollo_fmnl, apollo_normalDensity, apollo_ol or apollo_op, then there
  could be another issue. You might want to ask for help in the Apollo
  forum (http://www.apollochoicemodelling.com/forum) on how to solve
  this issue. If you do, please post your code and data (if not
  confidential). 
Creating initial set of 100 candidate values.
Calculating LL of candidates 0%....50%.....100%

Stage 1, 100 active candidates.
Estimating 20 BFGS iteration(s) for each active candidate.
 Candidate......LLstart.....LLfinish.....GradientNorm...Converged
         1        -3677        -3548           46.943           0
         2        -3674        -3543           22.681           0
         3        -3679        -3540           16.054           0
         4        -3688        -3543           23.547           0
         5        -3686        -3542           28.685           0
         6        -3679        -3538           19.156           0
         7        -3675        -3538           11.101           0
         8        -3680        -3537            9.825           0
         9        -3675        -3541           14.365           0
        10        -3680        -3541           22.998           0
        11        -3667        -3540            18.79           0
        12        -3672        -3537           20.837           0
        13        -3668        -3541           18.576           0
        14        -3675        -3541           19.698           0
        15        -3679        -3543           27.935           0
        16        -3686        -3537           23.523           0
        17        -3675        -3539           23.332           0
        18        -3683        -3541           14.614           0
        19        -3681        -3546           37.249           0
        20        -3686        -3537            12.14           0
        21        -3671        -3540           12.163           0
        22        -3690        -3540           21.898           0
        23        -3671        -3536           13.285           0
        24        -3674        -3542           28.712           0
        25        -3678        -3538           19.653           0
        26        -3684        -3539           16.177           0
        27        -3672        -3537           10.935           0
        28        -3681        -3540           17.118           0
        29        -3675        -3551           33.311           0
        30        -3674        -3538           17.905           0
        31        -3676        -3540           21.213           0
        32        -3676        -3540           17.634           0
        33        -3679        -3545           15.445           0
        34        -3686        -3540           20.339           0
        35        -3667        -3541           15.837           0
        36        -3682        -3538           17.531           0
        37        -3663        -3542           21.369           0
        38        -3679        -3541           36.791           0
        39        -3670        -3541           31.088           0
        40        -3689        -3541           22.821           0
        41        -3670        -3541           19.129           0
        42        -3687        -3541           28.805           0
        43        -3684        -3537           11.884           0
        44        -3666        -3541           27.188           0
        45        -3685        -3536           11.264           0
        46        -3686        -3540           17.696           0
        47        -3662        -3536           15.226           0
        48        -3673        -3542           18.565           0
        49        -3695        -3538             25.2           0
        50        -3674        -3537           16.786           0
        51        -3669        -3541           32.872           0
        52        -3676        -3539           17.625           0
        53        -3677        -3541           35.366           0
        54        -3672        -3536           17.478           0
        55        -3675        -3538           15.004           0
        56        -3666        -3539           17.933           0
        57        -3682        -3541           26.724           0
        58        -3685        -3541           23.648           0
        59        -3673        -3541           16.023           0
        60        -3687        -3537           12.095           0
        61        -3680        -3543           34.604           0
        62        -3679        -3537           22.966           0
        63        -3679        -3538           21.604           0
        64        -3675        -3540           29.654           0
        65        -3687        -3539           22.742           0
        66        -3675        -3541           18.642           0
        67        -3681        -3544           34.036           0
        68        -3684        -3539           10.334           0
        69        -3678        -3543           30.024           0
        70        -3673        -3541           20.901           0
        71        -3685        -3537           20.669           0
        72        -3679        -3547           34.166           0
        73        -3685        -3538           14.496           0
        74        -3677        -3546           28.839           0
        75        -3671        -3540           25.782           0
        76        -3673        -3541           38.705           0
        77        -3694        -3546           29.848           0
        78        -3676        -3541           23.871           0
        79        -3689        -3541           18.445           0
        80        -3690        -3538           10.957           0
        81        -3686        -3540           19.389           0
        82        -3653        -3539           17.738           0
        83        -3691        -3538            16.23           0
        84        -3688        -3539           12.887           0
        85        -3678        -3539           26.033           0
        86        -3672        -3536           14.762           0
        87        -3684        -3539           21.711           0
        88        -3682        -3540           20.398           0
        89        -3682        -3541           23.952           0
        90        -3687        -3540           26.023           0
        91        -3678        -3543           26.656           0
        92        -3678        -3541           33.622           0
        93        -3666        -3537           12.578           0
        94        -3677        -3537           12.345           0
        95        -3684        -3540           30.013           0
        96        -3677        -3540           27.652           0
        97        -3683        -3545           21.482           0
        98        -3683        -3538           26.703           0
        99        -3669        -3537            17.87           0
       100        -3671        -3540           20.759           0
Candidate 60 dropped.
- Failed test 1: Too close to 50 in parameter space.
Best candidate so far (LL=-3535.5)
             Value
asc_alt1_1 -0.3235
asc_alt1_2 -0.0590
asc_alt1_3 -0.0862
asc_alt1_4  0.2967
asc_alt1_5  0.1625
asc_alt2_1 -0.1687
asc_alt2_2 -0.0932
asc_alt2_3 -0.0652
asc_alt2_4  0.3873
asc_alt2_5 -0.2689
asc_alt3_1  0.0000
asc_alt3_2  0.0000
asc_alt3_3  0.0000
asc_alt3_4  0.0000
asc_alt3_5  0.0000
b_x1_1     -0.0280
b_x1_2      0.6006
b_x1_3      0.7997
b_x1_4     -0.0680
b_x1_5      0.0063
b_x2_1      1.1508
b_x2_2      1.0235
b_x2_3      0.1768
b_x2_4     -0.1410
b_x2_5      0.1358
b_x3_1      1.9392
b_x3_2      0.4003
b_x3_3     -0.0079
b_x3_4      0.6914
b_x3_5      0.5718
b_x4_1      0.0853
b_x4_2      0.2066
b_x4_3      0.3730
b_x4_4      0.5083
b_x4_5      1.0895
b_price_1  -2.8499
b_price_2  -2.0068
b_price_3  -1.3666
b_price_4   0.0502
b_price_5  -1.9935
delta_1    -0.7026
delta_2     0.6607
delta_3     0.5881
delta_4    -0.4449
delta_5     0.0000

Stage 2, 99 active candidates.
Estimating 20 BFGS iteration(s) for each active candidate.
 Candidate......LLstart.....LLfinish.....GradientNorm...Converged
         1        -3548        -3533            8.127           0
         2        -3543        -3535           13.127           0
         3        -3540        -3535            6.089           0
         4        -3543        -3537            7.156           0
         5        -3542        -3535            5.139           0
         6        -3538        -3533            3.377           0
         7        -3538        -3535            2.616           0
         8        -3537        -3535            2.542           0
         9        -3541        -3537            8.433           0
        10        -3541        -3533            8.105           0
        11        -3540        -3534           10.769           0
        12        -3537        -3532            7.172           0
        13        -3541        -3535            9.968           0
        14        -3541        -3534            4.975           0
        15        -3543        -3535           17.939           0
        16        -3537        -3532            7.662           0
        17        -3539        -3532            4.262           0
        18        -3541        -3538            3.213           0
        19        -3546        -3535            7.743           0
        20        -3537        -3534            4.674           0
        21        -3540        -3538            2.194           0
        22        -3540        -3535            5.407           0
        23        -3536        -3533            2.608           0
        24        -3542        -3534            4.432           0
        25        -3538        -3532            4.613           0
        26        -3539        -3534            5.008           0
        27        -3537        -3534            3.735           0
        28        -3540        -3534            7.111           0
        29        -3551        -3536           10.225           0
        30        -3538        -3534            8.295           0
        31        -3540        -3535            5.774           0
        32        -3540        -3536            5.272           0
        33        -3545        -3539           18.707           0
        34        -3540        -3536            6.492           0
        35        -3541        -3534           10.198           0
        36        -3538        -3533            3.741           0
        37        -3542        -3536            8.011           0
        38        -3541        -3535           11.474           0
        39        -3541        -3532             6.01           0
        40        -3541        -3534            8.774           0
        41        -3541        -3533            10.77           0
        42        -3541        -3532             4.49           0
        43        -3537        -3534            4.558           0
        44        -3541        -3532            3.545           0
        45        -3536        -3533            2.638           0
        46        -3540        -3534            4.664           0
        47        -3536        -3533            2.842           0
        48        -3542        -3534            7.437           0
        49        -3538        -3533            6.954           0
        50        -3537        -3533            2.728           0
        51        -3541        -3533             6.75           0
        52        -3539        -3532            9.393           0
        53        -3541        -3533            9.913           0
        54        -3536        -3532            2.338           0
        55        -3538        -3534             3.74           0
        56        -3539        -3536            3.551           0
        57        -3541        -3534           10.832           0
        58        -3541        -3537            3.241           0
        59        -3541        -3536           10.713           0
        61        -3543        -3533            7.801           0
        62        -3537        -3532            6.166           0
        63        -3538        -3532            5.037           0
        64        -3540        -3533            3.364           0
        65        -3539        -3534            5.659           0
        66        -3541        -3535           11.213           0
        67        -3544        -3535            10.15           0
        68        -3539        -3538            1.065           0
        69        -3543        -3537           25.971           0
        70        -3541        -3536            6.621           0
        71        -3537        -3532            5.029           0
        72        -3547        -3535           12.574           0
        73        -3538        -3533            3.773           0
        74        -3546        -3536            4.742           0
        75        -3540        -3533            2.777           0
        76        -3541        -3534            5.439           0
        77        -3546        -3536            8.534           0
        78        -3541        -3534            9.368           0
        79        -3541        -3535            6.147           0
        80        -3538        -3534             5.14           0
        81        -3540        -3533            4.676           0
        82        -3539        -3534            5.671           0
        83        -3538        -3534            7.851           0
        84        -3539        -3534            9.513           0
        85        -3539        -3532            9.347           0
        86        -3536        -3533            2.951           0
        87        -3539        -3535            5.786           0
        88        -3540        -3535            4.522           0
        89        -3541        -3535            3.994           0
        90        -3540        -3534            3.891           0
        91        -3543        -3535            3.908           0
        92        -3541        -3533            7.847           0
        93        -3537        -3535            8.489           0
        94        -3537        -3534            4.703           0
        95        -3540        -3534            6.831           0
        96        -3540        -3532             5.34           0
        97        -3545        -3536           11.148           0
        98        -3538        -3532            6.189           0
        99        -3537        -3532             4.51           0
       100        -3540        -3535            8.752           0
Candidate 10 dropped.
- Failed test 1: Too close to 85 in parameter space.
Candidate 27 dropped.
- Failed test 1: Too close to 23 in parameter space.
Candidate 28 dropped.
- Failed test 1: Too close to 80 in parameter space.
Candidate 44 dropped.
- Failed test 1: Too close to 99 in parameter space.
Candidate 53 dropped.
- Failed test 1: Too close to 10, 85 in parameter space.
Candidate 62 dropped.
- Failed test 1: Too close to 96 in parameter space.
Candidate 65 dropped.
- Failed test 1: Too close to 86 in parameter space.
Candidate 69 dropped.
- Failed test 1: Too close to 10 in parameter space.
Candidate 81 dropped.
- Failed test 1: Too close to 6 in parameter space.
Candidate 82 dropped.
- Failed test 1: Too close to 36 in parameter space.
Candidate 84 dropped.
- Failed test 1: Too close to 30 in parameter space.
Candidate 85 dropped.
- Failed test 1: Too close to 62 in parameter space.
Candidate 93 dropped.
- Failed test 1: Too close to 84 in parameter space.
Best candidate so far (LL=-3531.7)
             Value
asc_alt1_1 -0.1703
asc_alt1_2 -0.1035
asc_alt1_3 -0.4175
asc_alt1_4  0.1542
asc_alt1_5  0.0013
asc_alt2_1 -0.0119
asc_alt2_2 -0.1948
asc_alt2_3  0.5993
asc_alt2_4  0.0960
asc_alt2_5 -0.0708
asc_alt3_1  0.0000
asc_alt3_2  0.0000
asc_alt3_3  0.0000
asc_alt3_4  0.0000
asc_alt3_5  0.0000
b_x1_1      0.2052
b_x1_2      0.5506
b_x1_3      2.8645
b_x1_4     -0.0713
b_x1_5      0.6236
b_x2_1      1.6000
b_x2_2      1.0025
b_x2_3      1.0523
b_x2_4      0.0508
b_x2_5      0.1176
b_x3_1      2.0455
b_x3_2      0.3436
b_x3_3     -1.5178
b_x3_4      0.8724
b_x3_5      0.1276
b_x4_1     -0.2415
b_x4_2      0.2782
b_x4_3     -0.4587
b_x4_4      0.7205
b_x4_5      0.5051
b_price_1  -3.4017
b_price_2  -1.9314
b_price_3  -2.6986
b_price_4  -1.1614
b_price_5  -1.2697
delta_1    -1.5304
delta_2    -0.0575
delta_3    -2.6618
delta_4    -0.4038
delta_5     0.0000

Stage 3, 86 active candidates.
Estimating 20 BFGS iteration(s) for each active candidate.
 Candidate......LLstart.....LLfinish.....GradientNorm...Converged
         1        -3533        -3532            1.829           0
         2        -3535        -3533            2.253           0
         3        -3535        -3532            9.604           0
         4        -3537        -3536            3.521           0
         5        -3535        -3534            5.064           0
         6        -3533        -3533            0.505           0
         7        -3535        -3534             9.77           0
         8        -3535        -3534             4.92           0
         9        -3537        -3536            9.273           0
        11        -3534        -3532            2.965           0
        12        -3532        -3532            0.876           0
        13        -3535        -3534             1.48           0
        14        -3534        -3533            1.576           0
        15        -3535        -3533            2.645           0
        16        -3532        -3532            2.229           0
        17        -3532        -3532            0.246           0
        18        -3538        -3537            5.189           0
        19        -3535        -3533            7.474           0
        20        -3534        -3533            3.672           0
        21        -3538        -3538             0.75           0
        22        -3535        -3534            5.739           0
        23        -3533        -3533            0.645           0
        24        -3534        -3534            1.838           0
        25        -3532        -3532            1.232           0
        26        -3534        -3532             1.47           0
        29        -3536        -3534             4.42           0
        30        -3534        -3532            8.836           0
        31        -3535        -3534            4.475           0
        32        -3536        -3534            9.411           0
        33        -3539        -3535            6.324           0
        34        -3536        -3534            4.663           0
        35        -3534        -3533            1.848           0
        36        -3533        -3533            0.721           0
        37        -3536        -3535             7.14           0
        38        -3535        -3534            4.899           0
        39        -3532        -3531            0.535           0
        40        -3534        -3532            5.374           0
        41        -3533        -3533            1.385           0
        42        -3532        -3532            1.992           0
        43        -3534        -3532            6.202           0
        45        -3533        -3533            0.628           0
        46        -3534        -3533            0.892           0
        47        -3533        -3533            0.567           1
        48        -3534        -3533            2.512           0
        49        -3533        -3531            2.968           0
        50        -3533        -3533            1.003           0
        51        -3533        -3533           10.882           0
        52        -3532        -3532            1.362           0
        54        -3532        -3532            0.198           0
        55        -3534        -3533            0.838           0
        56        -3536        -3536            8.863           0
        57        -3534        -3533            0.753           0
        58        -3537        -3537            5.929           0
        59        -3536        -3533            4.527           0
        61        -3533        -3532             0.83           0
        63        -3532        -3532            0.639           0
        64        -3533        -3533            0.309           0
        66        -3535        -3532            8.793           0
        67        -3535        -3533           11.113           0
        68        -3538        -3538            0.792           0
        70        -3536        -3535             3.79           0
        71        -3532        -3531            1.161           0
        72        -3535        -3534            1.922           0
        73        -3533        -3533            1.136           0
        74        -3536        -3535            3.617           0
        75        -3533        -3533             0.79           0
        76        -3534        -3532           11.425           0
        77        -3536        -3534            6.262           0
        78        -3534        -3533              2.6           0
        79        -3535        -3533            3.477           0
        80        -3534        -3533            1.163           0
        83        -3534        -3533            7.542           0
        86        -3533        -3533             0.68           0
        87        -3535        -3532            7.913           0
        88        -3535        -3534            2.508           0
        89        -3535        -3534            4.677           0
        90        -3534        -3534            3.162           0
        91        -3535        -3534            5.534           0
        92        -3533        -3532            2.037           0
        94        -3534        -3533            7.728           0
        95        -3534        -3534            4.684           0
        96        -3532        -3531            1.143           0
        97        -3536        -3534            5.998           0
        98        -3532        -3532            0.267           0
        99        -3532        -3532            0.375           0
       100        -3535        -3532            6.965           0
Candidate 2 dropped.
- Failed test 1: Too close to 6 in parameter space.
Candidate 16 dropped.
- Failed test 1: Too close to 39 in parameter space.
Candidate 20 dropped.
- Failed test 1: Too close to 86 in parameter space.
Candidate 26 dropped.
- Failed test 1: Too close to 98 in parameter space.
Candidate 48 dropped.
- Failed test 1: Too close to 50 in parameter space.
Candidate 59 dropped.
- Failed test 1: Too close to 23 in parameter space.
Candidate 67 dropped.
- Failed test 1: Too close to 79 in parameter space.
Candidate 76 dropped.
- Failed test 1: Too close to 43 in parameter space.
Candidate 94 dropped.
- Failed test 1: Too close to 12 in parameter space.
Candidate 95 dropped.
- Failed test 1: Too close to 38 in parameter space.
Best candidate so far (LL=-3531.3)
             Value
asc_alt1_1  0.7156
asc_alt1_2 -0.3831
asc_alt1_3  0.0309
asc_alt1_4 -0.3929
asc_alt1_5  0.1419
asc_alt2_1  0.6522
asc_alt2_2 -0.3028
asc_alt2_3 -0.0876
asc_alt2_4  0.5427
asc_alt2_5  0.1179
asc_alt3_1  0.0000
asc_alt3_2  0.0000
asc_alt3_3  0.0000
asc_alt3_4  0.0000
asc_alt3_5  0.0000
b_x1_1      0.3985
b_x1_2      0.4973
b_x1_3      0.5569
b_x1_4      2.7106
b_x1_5     -0.0660
b_x2_1      1.7434
b_x2_2      1.4706
b_x2_3      0.2906
b_x2_4      1.0328
b_x2_5      0.0280
b_x3_1      2.0242
b_x3_2      0.6860
b_x3_3      0.1434
b_x3_4     -1.4177
b_x3_5      1.0347
b_x4_1     -0.6075
b_x4_2      0.2882
b_x4_3      0.4828
b_x4_4     -0.3981
b_x4_5      0.6691
b_price_1  -5.0998
b_price_2  -1.9833
b_price_3  -1.4118
b_price_4  -2.6191
b_price_5  -1.0874
delta_1    -1.4988
delta_2    -0.1582
delta_3     0.9135
delta_4    -2.0554
delta_5     0.0000

Stage 4, 75 active candidates.
Estimating 20 BFGS iteration(s) for each active candidate.
 Candidate......LLstart.....LLfinish.....GradientNorm...Converged
         1        -3532        -3532            1.669           0
         3        -3532        -3532             1.03           0
         4        -3536        -3535            3.456           0
         5        -3534        -3534             1.93           0
         6        -3533        -3533            0.306           1
         7        -3534        -3532            1.899           0
         8        -3534        -3532            6.941           0
         9        -3536        -3533           12.323           0
        11        -3532        -3532            0.276           0
        12        -3532        -3532            0.077           0
        13        -3534        -3534            5.269           0
        14        -3533        -3533            1.753           0
        15        -3533        -3533            1.967           0
        17        -3532        -3532            0.156           1
        18        -3537        -3537            2.447           0
        19        -3533        -3532            0.486           0
        21        -3538        -3538            0.945           0
        22        -3534        -3534            1.684           0
        23        -3533        -3533            0.072           1
        24        -3534        -3534            1.171           0
        25        -3532        -3532            0.195           0
        29        -3534        -3533            2.432           0
        30        -3532        -3531            0.973           0
        31        -3534        -3534            6.662           0
        32        -3534        -3533            1.317           0
        33        -3535        -3534            2.843           0
        34        -3534        -3534            3.785           0
        35        -3533        -3533            0.267           0
        36        -3533        -3533            0.128           0
        37        -3535        -3533            9.454           0
        38        -3534        -3533            3.818           0
        39        -3531        -3531            0.156           1
        40        -3532        -3531            0.549           0
        41        -3533        -3533            0.276           0
        42        -3532        -3531            0.461           0
        43        -3532        -3531            1.398           0
        45        -3533        -3533            0.081           1
        46        -3533        -3533             0.25           0
        49        -3531        -3531            7.394           0
        50        -3533        -3533            0.279           0
        51        -3533        -3532            1.699           0
        52        -3532        -3531            0.133           0
        54        -3532        -3532            0.173           1
        55        -3533        -3533            0.313           0
        56        -3536        -3534            8.906           0
        57        -3533        -3533            0.114           0
        58        -3537        -3536            5.322           0
        61        -3532        -3532            0.138           0
        63        -3532        -3532             0.17           0
        64        -3533        -3533            0.169           1
        66        -3532        -3531            3.955           0
        68        -3538        -3538            0.974           0
        70        -3535        -3534            4.452           0
        71        -3531        -3531            0.268           0
        72        -3534        -3534            0.749           0
        73        -3533        -3533            0.107           0
        74        -3535        -3534            2.703           0
        75        -3533        -3533             0.13           1
        77        -3534        -3533            2.566           0
        78        -3533        -3533            0.259           0
        79        -3533        -3532            0.724           0
        80        -3533        -3533            0.175           0
        83        -3533        -3532            1.278           0
        86        -3533        -3533            0.091           1
        87        -3532        -3532            1.996           0
        88        -3534        -3534            6.332           0
        89        -3534        -3534            1.635           0
        90        -3534        -3532            9.467           0
        91        -3534        -3533            2.446           0
        92        -3532        -3532            0.122           0
        96        -3531        -3531            0.084           1
        97        -3534        -3533            1.201           0
        98        -3532        -3532            0.481           1
        99        -3532        -3532            0.105           1
       100        -3532        -3531            1.224           0
Candidate 1 dropped.
- Failed test 1: Too close to 42 in parameter space.
Candidate 29 dropped.
- Failed test 1: Too close to 50 in parameter space.
Candidate 32 dropped.
- Failed test 1: Too close to 15 in parameter space.
Candidate 33 dropped.
- Failed test 1: Too close to 24 in parameter space.
Candidate 51 dropped.
- Failed test 1: Too close to 87 in parameter space.
Candidate 90 dropped.
- Failed test 1: Too close to 39 in parameter space.
Best candidate so far (LL=-3530.8)
             Value
asc_alt1_1  1.1135
asc_alt1_2 -0.5692
asc_alt1_3  0.0030
asc_alt1_4 -0.3973
asc_alt1_5  0.1578
asc_alt2_1  1.1870
asc_alt2_2 -0.4022
asc_alt2_3 -0.1046
asc_alt2_4  0.5995
asc_alt2_5  0.1326
asc_alt3_1  0.0000
asc_alt3_2  0.0000
asc_alt3_3  0.0000
asc_alt3_4  0.0000
asc_alt3_5  0.0000
b_x1_1      0.5382
b_x1_2      0.3490
b_x1_3      0.5965
b_x1_4      2.6829
b_x1_5     -0.0563
b_x2_1      2.4316
b_x2_2      1.6956
b_x2_3      0.4232
b_x2_4      1.0278
b_x2_5      0.0248
b_x3_1      2.3927
b_x3_2      1.0568
b_x3_3      0.1625
b_x3_4     -1.4397
b_x3_5      0.9584
b_x4_1     -0.8655
b_x4_2      0.2687
b_x4_3      0.4377
b_x4_4     -0.4466
b_x4_5      0.6813
b_price_1  -7.0877
b_price_2  -2.1139
b_price_3  -1.4789
b_price_4  -2.5123
b_price_5  -1.0634
delta_1    -1.7911
delta_2    -0.7242
delta_3     0.9454
delta_4    -2.1742
delta_5     0.0000

Stage 5, 57 active candidates.
Estimating 20 BFGS iteration(s) for each active candidate.
 Candidate......LLstart.....LLfinish.....GradientNorm...Converged
         3        -3532        -3532            0.158           1
         4        -3535        -3535            2.687           0
         5        -3534        -3534            1.688           0
         7        -3532        -3532            0.197           0
         8        -3532        -3532            0.981           0
         9        -3533        -3532            0.517           0
        11        -3532        -3532            0.129           1
        12        -3532        -3532            0.055           1
        13        -3534        -3534            1.368           0
        14        -3533        -3533            2.583           0
        15        -3533        -3533            0.335           0
        18        -3537        -3536            7.462           0
        19        -3532        -3532             0.06           1
        21        -3538        -3538            0.508           0
        22        -3534        -3534            1.288           0
        24        -3534        -3534            0.465           0
        25        -3532        -3532            0.095           1
        30        -3531        -3531            0.499           1
        31        -3534        -3533            0.903           0
        34        -3534        -3534            3.434           0
        35        -3533        -3533            0.072           1
        36        -3533        -3533            0.079           1
        37        -3533        -3533            3.105           0
        38        -3533        -3533            1.857           0
        40        -3531        -3531            0.068           1
        41        -3533        -3533            0.184           1
        42        -3531        -3531            0.115           1
        43        -3531        -3531            0.114           0
        46        -3533        -3533            0.096           1
        49        -3531        -3530             1.36           0
        50        -3533        -3533            0.061           1
        52        -3531        -3531            0.104           1
        55        -3533        -3533            0.217           1
        56        -3534        -3533            4.426           0
        57        -3533        -3533            0.045           1
        58        -3536        -3536            9.279           0
        61        -3532        -3532            0.171           1
        63        -3532        -3532            0.104           1
        66        -3531        -3530            1.951           0
        68        -3538        -3538            0.251           0
        70        -3534        -3534            1.019           0
        71        -3531        -3531            0.082           1
        72        -3534        -3534            0.284           0
        73        -3533        -3533            0.055           1
        74        -3534        -3533            3.647           0
        77        -3533        -3533             2.33           0
        78        -3533        -3533             0.07           1
        79        -3532        -3532             0.12           0
        80        -3533        -3533            0.042           1
        83        -3532        -3532             0.36           0
        87        -3532        -3531            0.339           1
        88        -3534        -3533            1.229           0
        89        -3534        -3534            1.062           0
        91        -3533        -3533            2.232           0
        92        -3532        -3532            0.076           1
        97        -3533        -3533            1.155           1
       100        -3531        -3531            0.136           0
Candidate 89 dropped.
- Failed test 1: Too close to 72 in parameter space.
Best candidate so far (LL=-3530.5)
             Value
asc_alt1_1  1.1540
asc_alt1_2 -0.7047
asc_alt1_3 -0.0063
asc_alt1_4 -0.3905
asc_alt1_5  0.1589
asc_alt2_1  1.2394
asc_alt2_2 -0.5086
asc_alt2_3 -0.1141
asc_alt2_4  0.5667
asc_alt2_5  0.1425
asc_alt3_1  0.0000
asc_alt3_2  0.0000
asc_alt3_3  0.0000
asc_alt3_4  0.0000
asc_alt3_5  0.0000
b_x1_1      0.6182
b_x1_2      0.2566
b_x1_3      0.5835
b_x1_4      2.6539
b_x1_5     -0.0583
b_x2_1      2.4427
b_x2_2      1.8972
b_x2_3      0.4423
b_x2_4      1.0143
b_x2_5      0.0083
b_x3_1      2.3514
b_x3_2      1.3557
b_x3_3      0.1816
b_x3_4     -1.4064
b_x3_5      0.9423
b_x4_1     -0.8250
b_x4_2      0.2155
b_x4_3      0.4441
b_x4_4     -0.4245
b_x4_5      0.6764
b_price_1  -6.9527
b_price_2  -2.2535
b_price_3  -1.4966
b_price_4  -2.5227
b_price_5  -1.0441
delta_1    -1.8036
delta_2    -0.9989
delta_3     0.9675
delta_4    -2.1847
delta_5     0.0000
Several observations per individual detected based on the value of ID.
  Setting panelData in apollo_control set to TRUE.
With setting noValidation=TRUE in apollo_control, your model code will
  not be validated prior to estimation. This may of course be
  deliberate for large models or models with many components.
All checks on apollo_control completed.
All checks on database completed.
INFORMATION: The use of apollo_lcEM has a number of requirements. No checks are run
  for these, so the user needs to ensure these conditions are met by
  their model: 
1: This function is only suitable for single component models, i.e. no
  use of apollo_combineModels or manual multiplication of model
  components.
2: Any parameters that vary across classes need to be included in the
  definition of random parameters in apollo_lcPars.
3: The entries in the lists in apollo_lcPars need to be individual
  parameters, not functions thereof.

Validating inputs of likelihood function (apollo_probabilities)

Initialising EM algorithm
Starting iteration: 1
- Current LL : -3676.911
- New LL     : -3583.453
- Improvement: 93.4577

Starting iteration: 2
- Current LL : -3583.453
- New LL     : -3579.003
- Improvement: 4.450299

Starting iteration: 3
- Current LL : -3579.003
- New LL     : -3574.317
- Improvement: 4.686079

Starting iteration: 4
- Current LL : -3574.317
- New LL     : -3570.6
- Improvement: 3.717201

Starting iteration: 5
- Current LL : -3570.6
- New LL     : -3568.294
- Improvement: 2.305763

Starting iteration: 6
- Current LL : -3568.294
- New LL     : -3566.939
- Improvement: 1.355468

Starting iteration: 7
- Current LL : -3566.939
- New LL     : -3565.942
- Improvement: 0.9967391

Starting iteration: 8
- Current LL : -3565.942
- New LL     : -3564.942
- Improvement: 1.000052

Starting iteration: 9
- Current LL : -3564.942
- New LL     : -3563.743
- Improvement: 1.199213

Starting iteration: 10
- Current LL : -3563.743
- New LL     : -3562.208
- Improvement: 1.534583

Starting iteration: 11
- Current LL : -3562.208
- New LL     : -3560.21
- Improvement: 1.997879

Starting iteration: 12
- Current LL : -3560.21
- New LL     : -3557.666
- Improvement: 2.544435

Starting iteration: 13
- Current LL : -3557.666
- New LL     : -3554.633
- Improvement: 3.032411

Starting iteration: 14
- Current LL : -3554.633
- New LL     : -3551.366
- Improvement: 3.267107

Starting iteration: 15
- Current LL : -3551.366
- New LL     : -3548.263
- Improvement: 3.102831

Starting iteration: 16
- Current LL : -3548.263
- New LL     : -3545.68
- Improvement: 2.583061

Starting iteration: 17
- Current LL : -3545.68
- New LL     : -3543.7
- Improvement: 1.980473

Starting iteration: 18
- Current LL : -3543.7
- New LL     : -3542.189
- Improvement: 1.510452

Starting iteration: 19
- Current LL : -3542.189
- New LL     : -3541.011
- Improvement: 1.178104

Starting iteration: 20
- Current LL : -3541.011
- New LL     : -3540.095
- Improvement: 0.9165126

Starting iteration: 21
- Current LL : -3540.095
- New LL     : -3539.407
- Improvement: 0.687576

Starting iteration: 22
- Current LL : -3539.407
- New LL     : -3538.905
- Improvement: 0.5021696

Starting iteration: 23
- Current LL : -3538.905
- New LL     : -3538.54
- Improvement: 0.3654659

Starting iteration: 24
- Current LL : -3538.54
- New LL     : -3538.266
- Improvement: 0.2736365

Starting iteration: 25
- Current LL : -3538.266
- New LL     : -3538.052
- Improvement: 0.2143439

Starting iteration: 26
- Current LL : -3538.052
- New LL     : -3537.874
- Improvement: 0.177992

Starting iteration: 27
- Current LL : -3537.874
- New LL     : -3537.717
- Improvement: 0.1563364

Starting iteration: 28
- Current LL : -3537.717
- New LL     : -3537.573
- Improvement: 0.1441097

Starting iteration: 29
- Current LL : -3537.573
- New LL     : -3537.435
- Improvement: 0.1385676

Starting iteration: 30
- Current LL : -3537.435
- New LL     : -3537.298
- Improvement: 0.1370276

Starting iteration: 31
- Current LL : -3537.298
- New LL     : -3537.159
- Improvement: 0.1383188

Starting iteration: 32
- Current LL : -3537.159
- New LL     : -3537.017
- Improvement: 0.1419665

Starting iteration: 33
- Current LL : -3537.017
- New LL     : -3536.871
- Improvement: 0.1460544

Starting iteration: 34
- Current LL : -3536.871
- New LL     : -3536.72
- Improvement: 0.1515759

Starting iteration: 35
- Current LL : -3536.72
- New LL     : -3536.564
- Improvement: 0.1557976

Starting iteration: 36
- Current LL : -3536.564
- New LL     : -3536.404
- Improvement: 0.1595635

Starting iteration: 37
- Current LL : -3536.404
- New LL     : -3536.241
- Improvement: 0.1628052

Starting iteration: 38
- Current LL : -3536.241
- New LL     : -3536.077
- Improvement: 0.1644674

Starting iteration: 39
- Current LL : -3536.077
- New LL     : -3535.912
- Improvement: 0.1649433

Starting iteration: 40
- Current LL : -3535.912
- New LL     : -3535.748
- Improvement: 0.1639398

Starting iteration: 41
- Current LL : -3535.748
- New LL     : -3535.587
- Improvement: 0.1609177

Starting iteration: 42
- Current LL : -3535.587
- New LL     : -3535.431
- Improvement: 0.1563052

Starting iteration: 43
- Current LL : -3535.431
- New LL     : -3535.28
- Improvement: 0.1507434

Starting iteration: 44
- Current LL : -3535.28
- New LL     : -3535.135
- Improvement: 0.1449517

Starting iteration: 45
- Current LL : -3535.135
- New LL     : -3534.997
- Improvement: 0.1379218

Starting iteration: 46
- Current LL : -3534.997
- New LL     : -3534.866
- Improvement: 0.1307597

Starting iteration: 47
- Current LL : -3534.866
- New LL     : -3534.743
- Improvement: 0.1231976

Starting iteration: 48
- Current LL : -3534.743
- New LL     : -3534.627
- Improvement: 0.1159603

Starting iteration: 49
- Current LL : -3534.627
- New LL     : -3534.519
- Improvement: 0.1082645

Starting iteration: 50
- Current LL : -3534.519
- New LL     : -3534.418
- Improvement: 0.1010658

Starting iteration: 51
- Current LL : -3534.418
- New LL     : -3534.324
- Improvement: 0.09412828

Starting iteration: 52
- Current LL : -3534.324
- New LL     : -3534.236
- Improvement: 0.08756011

Starting iteration: 53
- Current LL : -3534.236
- New LL     : -3534.155
- Improvement: 0.0812677

Starting iteration: 54
- Current LL : -3534.155
- New LL     : -3534.08
- Improvement: 0.07508186

Starting iteration: 55
- Current LL : -3534.08
- New LL     : -3534.01
- Improvement: 0.06975988

Starting iteration: 56
- Current LL : -3534.01
- New LL     : -3533.945
- Improvement: 0.06472837

Starting iteration: 57
- Current LL : -3533.945
- New LL     : -3533.886
- Improvement: 0.05921646

Starting iteration: 58
- Current LL : -3533.886
- New LL     : -3533.832
- Improvement: 0.0546959

Starting iteration: 59
- Current LL : -3533.832
- New LL     : -3533.781
- Improvement: 0.05087789

Starting iteration: 60
- Current LL : -3533.781
- New LL     : -3533.734
- Improvement: 0.04706587

Starting iteration: 61
- Current LL : -3533.734
- New LL     : -3533.69
- Improvement: 0.04349386

Starting iteration: 62
- Current LL : -3533.69
- New LL     : -3533.65
- Improvement: 0.03999184

Starting iteration: 63
- Current LL : -3533.65
- New LL     : -3533.613
- Improvement: 0.03706379

Starting iteration: 64
- Current LL : -3533.613
- New LL     : -3533.579
- Improvement: 0.03376298

Starting iteration: 65
- Current LL : -3533.579
- New LL     : -3533.548
- Improvement: 0.03152982

Starting iteration: 66
- Current LL : -3533.548
- New LL     : -3533.519
- Improvement: 0.0291352

Starting iteration: 67
- Current LL : -3533.519
- New LL     : -3533.492
- Improvement: 0.02649725

Starting iteration: 68
- Current LL : -3533.492
- New LL     : -3533.467
- Improvement: 0.02543016

Starting iteration: 69
- Current LL : -3533.467
- New LL     : -3533.443
- Improvement: 0.02387252

Starting iteration: 70
- Current LL : -3533.443
- New LL     : -3533.422
- Improvement: 0.02125961

Starting iteration: 71
- Current LL : -3533.422
- New LL     : -3533.403
- Improvement: 0.01900351

Starting iteration: 72
- Current LL : -3533.403
- New LL     : -3533.385
- Improvement: 0.01786555

Starting iteration: 73
- Current LL : -3533.385
- New LL     : -3533.369
- Improvement: 0.016015

Starting iteration: 74
- Current LL : -3533.369
- New LL     : -3533.354
- Improvement: 0.01487358

Starting iteration: 75
- Current LL : -3533.354
- New LL     : -3533.34
- Improvement: 0.01361247

Starting iteration: 76
- Current LL : -3533.34
- New LL     : -3533.328
- Improvement: 0.01238553

Starting iteration: 77
- Current LL : -3533.328
- New LL     : -3533.316
- Improvement: 0.01157089

Starting iteration: 78
- Current LL : -3533.316
- New LL     : -3533.306
- Improvement: 0.01043215

Starting iteration: 79
- Current LL : -3533.306
- New LL     : -3533.296
- Improvement: 0.009684061

Starting iteration: 80
- Current LL : -3533.296
- New LL     : -3533.288
- Improvement: 0.008451746

Starting iteration: 81
- Current LL : -3533.288
- New LL     : -3533.28
- Improvement: 0.007807806

Starting iteration: 82
- Current LL : -3533.28
- New LL     : -3533.273
- Improvement: 0.007302779

Starting iteration: 83
- Current LL : -3533.273
- New LL     : -3533.266
- Improvement: 0.00667556

Starting iteration: 84
- Current LL : -3533.266
- New LL     : -3533.26
- Improvement: 0.006261752

Starting iteration: 85
- Current LL : -3533.26
- New LL     : -3533.254
- Improvement: 0.005278778

Starting iteration: 86
- Current LL : -3533.254
- New LL     : -3533.249
- Improvement: 0.005017802

Starting iteration: 87
- Current LL : -3533.249
- New LL     : -3533.245
- Improvement: 0.004656948

Starting iteration: 88
- Current LL : -3533.245
- New LL     : -3533.241
- Improvement: 0.004011258

Starting iteration: 89
- Current LL : -3533.241
- New LL     : -3533.237
- Improvement: 0.003869586

Starting iteration: 90
- Current LL : -3533.237
- New LL     : -3533.233
- Improvement: 0.003478868

Starting iteration: 91
- Current LL : -3533.233
- New LL     : -3533.23
- Improvement: 0.003155394

Starting iteration: 92
- Current LL : -3533.23
- New LL     : -3533.227
- Improvement: 0.003073132

Starting iteration: 93
- Current LL : -3533.227
- New LL     : -3533.224
- Improvement: 0.002766775

Starting iteration: 94
- Current LL : -3533.224
- New LL     : -3533.222
- Improvement: 0.002538544

Starting iteration: 95
- Current LL : -3533.222
- New LL     : -3533.22
- Improvement: 0.002186671

Starting iteration: 96
- Current LL : -3533.22
- New LL     : -3533.218
- Improvement: 0.002073085

Starting iteration: 97
- Current LL : -3533.218
- New LL     : -3533.216
- Improvement: 0.001759335

Starting iteration: 98
- Current LL : -3533.216
- New LL     : -3533.214
- Improvement: 0.001570899

Starting iteration: 99
- Current LL : -3533.214
- New LL     : -3533.213
- Improvement: 0.001445954

Starting iteration: 100
- Current LL : -3533.213
- New LL     : -3533.211
- Improvement: 0.001300504

EM algorithm stopped: maximum number of iterations reached!
No covariance matrix will be computed as convergence has not been
  reached. You may call apollo_addCovariance(model,apollo_inputs) to
  compute a covariance matrix at the current estimates.
[01:45:09]   done hard|seed1 : gaps  klue_ml=-0.00  klue_em=-1.01  apollo_searchStart=+0.00  apollo_lcEM=-2.74  gmnl_lc=-5.79  apollo_ss_published=-0.00
[01:45:09] RUN  hard|seed2  (K=5 kap=0.50 sig=0.30 corr=none)  arms: apollo_searchStart, apollo_lcEM
Several observations per individual detected based on the value of ID.
  Setting panelData in apollo_control set to TRUE.
All checks on apollo_control completed.
All checks on database completed.
Testing probability function (apollo_probabilities)
Apollo found a model component of type classAlloc without a
  componentName. The name was set to "classAlloc" by default.
INFORMATION: Setting "avail" is missing, so full availability is assumed. 
Apollo found a model component of type MNL without a componentName. The
  name was set to "Class_1" by default.
Apollo found a model component of type MNL without a componentName. The
  name was set to "Class_2" by default.
Apollo found a model component of type MNL without a componentName. The
  name was set to "Class_3" by default.
Apollo found a model component of type MNL without a componentName. The
  name was set to "Class_4" by default.
Apollo found a model component of type MNL without a componentName. The
  name was set to "Class_5" by default.
Pre-processing likelihood function...
INFORMATION: Apollo was not able to compute analytical gradients for your model.
  This could be because you are using model components for which
  analytical gradients are not yet implemented, or because you coded
  your own model functions. If however you only used apollo_mnl,
  apollo_fmnl, apollo_normalDensity, apollo_ol or apollo_op, then there
  could be another issue. You might want to ask for help in the Apollo
  forum (http://www.apollochoicemodelling.com/forum) on how to solve
  this issue. If you do, please post your code and data (if not
  confidential). 
Creating initial set of 100 candidate values.
Calculating LL of candidates 0%....50%.....100%

Stage 1, 100 active candidates.
Estimating 20 BFGS iteration(s) for each active candidate.
 Candidate......LLstart.....LLfinish.....GradientNorm...Converged
         1        -3639        -3489           14.332           0
         2        -3637        -3480           14.807           0
         3        -3641        -3480           12.198           0
         4        -3653        -3482           12.793           0
         5        -3648        -3479            9.353           0
         6        -3645        -3480           23.116           0
         7        -3630        -3479           16.089           0
         8        -3639        -3480           20.763           0
         9        -3634        -3487           23.677           0
        10        -3641        -3483           19.997           0
        11        -3629        -3480           14.822           0
        12        -3633        -3483           13.883           0
        13        -3627        -3489           27.689           0
        14        -3642        -3483           14.343           0
        15        -3642        -3478           15.281           0
        16        -3646        -3477           11.968           0
        17        -3636        -3481           24.112           0
        18        -3643        -3481           25.452           0
        19        -3643        -3482           18.329           0
        20        -3648        -3483           27.703           0
        21        -3631        -3485           15.393           0
        22        -3657        -3483             24.1           0
        23        -3631        -3479           13.198           0
        24        -3636        -3488           16.617           0
        25        -3643        -3477           13.008           0
        26        -3649        -3483           16.281           0
        27        -3632        -3478           12.073           0
        28        -3641        -3482           17.891           0
        29        -3638        -3491           31.966           0
        30        -3635        -3483           11.305           0
        31        -3638        -3488           32.524           0
        32        -3638        -3488           23.933           0
        33        -3640        -3481           14.556           0
        34        -3645        -3477           11.486           0
        35        -3626        -3482           25.488           0
        36        -3642        -3480           11.025           0
        37        -3623        -3491           33.898           0
        38        -3639        -3482           25.413           0
        39        -3636        -3486           29.204           0
        40        -3652        -3479           15.319           0
        41        -3630        -3481           16.341           0
        42        -3651        -3487           21.641           0
        43        -3643        -3486           14.388           0
        44        -3628        -3488           35.874           0
        45        -3642        -3480           15.472           0
        46        -3649        -3484           19.891           0
        47        -3627        -3479           14.697           0
        48        -3638        -3486           31.274           0
        49        -3658        -3484           16.866           0
        50        -3635        -3478           17.142           0
        51        -3630        -3489           16.585           0
        52        -3638        -3488           25.581           0
        53        -3640        -3480           14.755           0
        54        -3633        -3479           21.951           0
        55        -3640        -3483           24.308           0
        56        -3629        -3486           22.479           0
        57        -3648        -3486           19.551           0
        58        -3647        -3485           32.237           0
        59        -3635        -3484           17.419           0
        60        -3648        -3477           16.003           0
        61        -3645        -3483           29.508           0
        62        -3640        -3478           14.168           0
        63        -3638        -3480           15.206           0
        64        -3635        -3491           20.451           0
        65        -3645        -3483           25.268           0
        66        -3640        -3485           20.523           0
        67        -3642        -3481           23.664           0
        68        -3647        -3489           24.124           0
        69        -3641        -3483           31.011           0
        70        -3640        -3480           13.399           0
        71        -3647        -3482           19.809           0
        72        -3644        -3478           14.634           0
        73        -3646        -3481           14.407           0
        74        -3643        -3482           20.909           0
        75        -3628        -3492           26.276           0
        76        -3635        -3479           10.911           0
        77        -3653        -3492           25.771           0
        78        -3638        -3479           17.294           0
        79        -3654        -3483           21.626           0
        80        -3652        -3490           27.638           0
        81        -3652        -3481           29.053           0
        82        -3610        -3489           32.292           0
        83        -3652        -3483           23.924           0
        84        -3653        -3478           15.622           0
        85        -3643        -3484           25.413           0
        86        -3633        -3494           39.219           0
        87        -3647        -3488           42.205           0
        88        -3645        -3487           25.681           0
        89        -3648        -3482             23.1           0
        90        -3649        -3478           13.058           0
        91        -3639        -3486           38.482           0
        92        -3641        -3483           19.872           0
        93        -3628        -3482           17.635           0
        94        -3639        -3486           38.952           0
        95        -3645        -3487           30.315           0
        96        -3639        -3483           16.521           0
        97        -3647        -3484           26.245           0
        98        -3647        -3479            12.99           0
        99        -3630        -3480           23.775           0
       100        -3632        -3485           24.544           0
Candidate 11 dropped.
- Failed test 1: Too close to 47 in parameter space.
Candidate 33 dropped.
- Failed test 1: Too close to 3 in parameter space.
Candidate 73 dropped.
- Failed test 1: Too close to 36 in parameter space.
Candidate 98 dropped.
- Failed test 1: Too close to 72 in parameter space.
Best candidate so far (LL=-3476.5)
             Value
asc_alt1_1 -0.3486
asc_alt1_2  0.0224
asc_alt1_3  0.0495
asc_alt1_4  0.0664
asc_alt1_5  0.1244
asc_alt2_1  0.0470
asc_alt2_2  0.0577
asc_alt2_3 -0.0416
asc_alt2_4  0.1277
asc_alt2_5 -0.1286
asc_alt3_1  0.0000
asc_alt3_2  0.0000
asc_alt3_3  0.0000
asc_alt3_4  0.0000
asc_alt3_5  0.0000
b_x1_1      1.2192
b_x1_2      0.2335
b_x1_3      1.3514
b_x1_4      0.1690
b_x1_5      0.6649
b_x2_1      0.6055
b_x2_2      0.8701
b_x2_3      1.5104
b_x2_4      0.1469
b_x2_5     -0.1182
b_x3_1      1.2973
b_x3_2      0.7119
b_x3_3      0.0010
b_x3_4      0.5769
b_x3_5     -0.2754
b_x4_1      0.7700
b_x4_2     -0.0923
b_x4_3      0.0095
b_x4_4      0.9478
b_x4_5      0.2537
b_price_1  -2.0744
b_price_2  -0.9606
b_price_3  -1.6295
b_price_4  -1.3250
b_price_5  -1.9541
delta_1     0.2499
delta_2     0.5740
delta_3     0.2731
delta_4     1.0967
delta_5     0.0000

Stage 2, 96 active candidates.
Estimating 20 BFGS iteration(s) for each active candidate.
 Candidate......LLstart.....LLfinish.....GradientNorm...Converged
         1        -3489        -3480           16.113           0
         2        -3480        -3475            5.313           0
         3        -3480        -3475             5.58           0
         4        -3482        -3475           12.457           0
         5        -3479        -3474            9.441           0
         6        -3480        -3475            5.593           0
         7        -3479        -3475            7.474           0
         8        -3480        -3475            3.819           0
         9        -3487        -3477           13.435           0
        10        -3483        -3476            5.592           0
        12        -3483        -3478           12.234           0
        13        -3489        -3478           30.491           0
        14        -3483        -3476            12.67           0
        15        -3478        -3475            3.037           0
        16        -3477        -3474            6.911           0
        17        -3481        -3475            2.912           0
        18        -3481        -3475             2.71           0
        19        -3482        -3475            9.184           0
        20        -3483        -3474           11.306           0
        21        -3485        -3480           15.023           0
        22        -3483        -3474            6.275           0
        23        -3479        -3474            8.751           0
        24        -3488        -3480           11.244           0
        25        -3477        -3475            2.206           0
        26        -3483        -3476            5.193           0
        27        -3478        -3475            2.913           0
        28        -3482        -3475             5.48           0
        29        -3491        -3474            11.08           0
        30        -3483        -3478           11.563           0
        31        -3488        -3476            7.328           0
        32        -3488        -3476            8.553           0
        34        -3477        -3475            2.768           0
        35        -3482        -3475            6.286           0
        36        -3480        -3476            5.028           0
        37        -3491        -3473           14.717           0
        38        -3482        -3475            5.895           0
        39        -3486        -3471           11.235           0
        40        -3479        -3475            2.752           0
        41        -3481        -3475            5.819           0
        42        -3487        -3476           10.003           0
        43        -3486        -3478           13.869           0
        44        -3488        -3475           19.024           0
        45        -3480        -3475            2.689           0
        46        -3484        -3476            6.212           0
        47        -3479        -3475            4.044           0
        48        -3486        -3473           12.907           0
        49        -3484        -3477            16.05           0
        50        -3478        -3475            2.311           0
        51        -3489        -3483           14.716           0
        52        -3488        -3478             8.77           0
        53        -3480        -3475             5.22           0
        54        -3479        -3474            8.278           0
        55        -3483        -3474           13.025           0
        56        -3486        -3480            7.872           0
        57        -3486        -3479            6.693           0
        58        -3485        -3479            9.006           0
        59        -3484        -3479            5.584           0
        60        -3477        -3475            2.235           0
        61        -3483        -3474            3.989           0
        62        -3478        -3475            8.238           0
        63        -3480        -3475            2.617           0
        64        -3491        -3476           16.275           0
        65        -3483        -3473            8.225           0
        66        -3485        -3478            6.357           0
        67        -3481        -3474           11.905           0
        68        -3489        -3479           10.736           0
        69        -3483        -3475            6.378           0
        70        -3480        -3475            6.153           0
        71        -3482        -3473           14.568           0
        72        -3478        -3475            2.331           0
        74        -3482        -3475             5.81           0
        75        -3492        -3481           15.454           0
        76        -3479        -3475            5.212           0
        77        -3492        -3485           19.628           0
        78        -3479        -3475            2.856           0
        79        -3483        -3477           12.476           0
        80        -3490        -3476           13.054           0
        81        -3481        -3474           12.646           0
        82        -3489        -3477           11.208           0
        83        -3483        -3475            4.742           0
        84        -3478        -3475            4.593           0
        85        -3484        -3475            8.461           0
        86        -3494        -3481            7.294           0
        87        -3488        -3477            9.246           0
        88        -3487        -3479           22.174           0
        89        -3482        -3475            3.872           0
        90        -3478        -3475            2.913           0
        91        -3486        -3476           13.157           0
        92        -3483        -3479            5.552           0
        93        -3482        -3476            5.669           0
        94        -3486        -3474           10.662           0
        95        -3487        -3471           14.949           0
        96        -3483        -3475            6.711           0
        97        -3484        -3476            6.693           0
        99        -3480        -3475            3.332           0
       100        -3485        -3477           15.375           0
Candidate 2 dropped.
- Failed test 1: Too close to 34, 84 in parameter space.
Candidate 3 dropped.
- Failed test 1: Too close to 15 in parameter space.
Candidate 17 dropped.
- Failed test 1: Too close to 25 in parameter space.
Candidate 34 dropped.
- Failed test 1: Too close to 84 in parameter space.
Candidate 42 dropped.
- Failed test 1: Too close to 8 in parameter space.
Candidate 46 dropped.
- Failed test 1: Too close to 27, 74 in parameter space.
Candidate 53 dropped.
- Failed test 1: Too close to 99 in parameter space.
Candidate 69 dropped.
- Failed test 1: Too close to 3, 15 in parameter space.
Candidate 74 dropped.
- Failed test 1: Too close to 27 in parameter space.
Candidate 76 dropped.
- Failed test 1: Too close to 50 in parameter space.
Candidate 79 dropped.
- Failed test 1: Too close to 82 in parameter space.
Candidate 84 dropped.
- Failed test 1: Too close to 85 in parameter space.
Candidate 89 dropped.
- Failed test 1: Too close to 16 in parameter space.
Candidate 97 dropped.
- Failed test 1: Too close to 18 in parameter space.
Best candidate so far (LL=-3470.6)
             Value
asc_alt1_1 -0.3527
asc_alt1_2  0.0034
asc_alt1_3 -1.2771
asc_alt1_4  0.1988
asc_alt1_5  0.1094
asc_alt2_1 -0.3373
asc_alt2_2  0.0760
asc_alt2_3 -0.1423
asc_alt2_4 -0.0256
asc_alt2_5  0.1725
asc_alt3_1  0.0000
asc_alt3_2  0.0000
asc_alt3_3  0.0000
asc_alt3_4  0.0000
asc_alt3_5  0.0000
b_x1_1      3.8250
b_x1_2      0.8462
b_x1_3      1.3182
b_x1_4      0.7634
b_x1_5      0.1551
b_x2_1      2.9193
b_x2_2      1.1906
b_x2_3      0.9773
b_x2_4     -0.0628
b_x2_5      0.2226
b_x3_1     -3.1076
b_x3_2      0.5710
b_x3_3      1.4939
b_x3_4     -0.1664
b_x3_5      0.7492
b_x4_1      1.9015
b_x4_2     -0.0952
b_x4_3      2.0541
b_x4_4      0.5093
b_x4_5      0.6375
b_price_1  -1.2716
b_price_2  -1.2145
b_price_3  -1.7021
b_price_4  -1.7153
b_price_5  -1.5172
delta_1    -3.3489
delta_2    -0.3005
delta_3    -1.7739
delta_4    -0.8679
delta_5     0.0000

Stage 3, 82 active candidates.
Estimating 20 BFGS iteration(s) for each active candidate.
 Candidate......LLstart.....LLfinish.....GradientNorm...Converged
         1        -3480        -3475             7.91           0
         4        -3475        -3472            5.467           0
         5        -3474        -3472            5.161           0
         6        -3475        -3475            0.506           0
         7        -3475        -3473           11.051           0
         8        -3475        -3475            4.176           0
         9        -3477        -3473            9.181           0
        10        -3476        -3475            1.485           0
        12        -3478        -3477            2.477           0
        13        -3478        -3472           10.163           0
        14        -3476        -3474            6.359           0
        15        -3475        -3475            5.023           0
        16        -3474        -3472           12.496           0
        18        -3475        -3475            5.546           0
        19        -3475        -3473            3.813           0
        20        -3474        -3472            7.264           0
        21        -3480        -3473            7.994           0
        22        -3474        -3472            13.75           0
        23        -3474        -3472           12.447           0
        24        -3480        -3476            8.971           0
        25        -3475        -3475            6.827           0
        26        -3476        -3475            1.505           0
        27        -3475        -3475            6.689           0
        28        -3475        -3474            8.818           0
        29        -3474        -3471           10.049           0
        30        -3478        -3475            3.362           0
        31        -3476        -3474            7.818           0
        32        -3476        -3475            1.874           0
        35        -3475        -3473           11.517           0
        36        -3476        -3475            0.754           0
        37        -3473        -3469           14.195           0
        38        -3475        -3473           12.191           0
        39        -3471        -3468            6.115           0
        40        -3475        -3475            5.485           0
        41        -3475        -3474           16.854           0
        43        -3478        -3475           14.021           0
        44        -3475        -3471           11.047           0
        45        -3475        -3475            5.791           0
        47        -3475        -3475            7.933           0
        48        -3473        -3469           11.185           0
        49        -3477        -3473           11.873           0
        50        -3475        -3475            4.383           0
        51        -3483        -3477            9.179           0
        52        -3478        -3475            5.566           0
        54        -3474        -3472            12.67           0
        55        -3474        -3470           12.635           0
        56        -3480        -3479            2.923           0
        57        -3479        -3479            1.231           0
        58        -3479        -3477             7.08           0
        59        -3479        -3477            8.986           0
        60        -3475        -3474            7.148           0
        61        -3474        -3473           13.663           0
        62        -3475        -3473           14.172           0
        63        -3475        -3474            7.451           0
        64        -3476        -3469            9.743           0
        65        -3473        -3470           12.514           0
        66        -3478        -3477           13.895           0
        67        -3474        -3472           16.327           0
        68        -3479        -3477            4.289           0
        70        -3475        -3475            6.698           0
        71        -3473        -3469            8.843           0
        72        -3475        -3475            7.745           0
        75        -3481        -3476            7.456           0
        77        -3485        -3476           13.907           0
        78        -3475        -3474            8.372           0
        80        -3476        -3472           10.809           0
        81        -3474        -3472            8.873           0
        82        -3477        -3475            2.552           0
        83        -3475        -3474            5.666           0
        85        -3475        -3473           11.798           0
        86        -3481        -3481             2.03           0
        87        -3477        -3474           12.036           0
        88        -3479        -3476            8.908           0
        90        -3475        -3475            4.019           0
        91        -3476        -3473             8.91           0
        92        -3479        -3479            1.276           0
        93        -3476        -3474            4.711           0
        94        -3474        -3472            5.724           0
        95        -3471        -3468            5.055           0
        96        -3475        -3475            3.332           0
        99        -3475        -3474             6.31           0
       100        -3477        -3474            4.909           0
Candidate 30 dropped.
- Failed test 1: Too close to 50 in parameter space.
Best candidate so far (LL=-3468)
             Value
asc_alt1_1 -0.1750
asc_alt1_2 -0.0104
asc_alt1_3 -1.3219
asc_alt1_4  0.1520
asc_alt1_5  0.0465
asc_alt2_1 -0.5381
asc_alt2_2  0.0130
asc_alt2_3 -0.1796
asc_alt2_4 -0.0217
asc_alt2_5  0.1458
asc_alt3_1  0.0000
asc_alt3_2  0.0000
asc_alt3_3  0.0000
asc_alt3_4  0.0000
asc_alt3_5  0.0000
b_x1_1      4.9150
b_x1_2      0.8147
b_x1_3      1.3315
b_x1_4      0.6822
b_x1_5      0.1029
b_x2_1      3.3536
b_x2_2      1.1769
b_x2_3      1.0001
b_x2_4      0.0281
b_x2_5      0.1933
b_x3_1     -3.3150
b_x3_2      0.5863
b_x3_3      1.4461
b_x3_4     -0.1057
b_x3_5      0.8138
b_x4_1      2.0783
b_x4_2     -0.0976
b_x4_3      1.9507
b_x4_4      0.5161
b_x4_5      0.6805
b_price_1   0.3294
b_price_2  -1.2673
b_price_3  -1.7562
b_price_4  -1.6778
b_price_5  -1.3886
delta_1    -3.0825
delta_2    -0.1178
delta_3    -1.4389
delta_4    -0.4746
delta_5     0.0000

Stage 4, 81 active candidates.
Estimating 20 BFGS iteration(s) for each active candidate.
 Candidate......LLstart.....LLfinish.....GradientNorm...Converged
         1        -3475        -3473             5.94           0
         4        -3472        -3472            2.854           0
         5        -3472        -3472            3.606           0
         6        -3475        -3475            0.086           1
         7        -3473        -3470           11.028           0
         8        -3475        -3472           12.502           0
         9        -3473        -3472            2.181           0
        10        -3475        -3475            5.473           0
        12        -3477        -3477             1.86           0
        13        -3472        -3471            2.822           0
        14        -3474        -3472            11.01           0
        15        -3475        -3472           11.161           0
        16        -3472        -3470            7.481           0
        18        -3475        -3473           15.036           0
        19        -3473        -3473            0.272           0
        20        -3472        -3472            2.188           0
        21        -3473        -3473            1.805           0
        22        -3472        -3468             8.32           0
        23        -3472        -3469           14.109           0
        24        -3476        -3475            1.903           0
        25        -3475        -3473           12.736           0
        26        -3475        -3475            4.812           0
        27        -3475        -3473            9.997           0
        28        -3474        -3473            9.429           0
        29        -3471        -3469           13.003           0
        31        -3474        -3471            14.22           0
        32        -3475        -3475            2.175           0
        35        -3473        -3469            12.24           0
        36        -3475        -3475            0.067           0
        37        -3469        -3468            4.196           0
        38        -3473        -3470           10.274           0
        39        -3468        -3468            2.782           0
        40        -3475        -3474            9.407           0
        41        -3474        -3472            3.264           0
        43        -3475        -3474            3.075           0
        44        -3471        -3470            6.781           0
        45        -3475        -3474            7.086           0
        47        -3475        -3472           12.596           0
        48        -3469        -3468            2.817           0
        49        -3473        -3472            3.976           0
        50        -3475        -3472           14.923           0
        51        -3477        -3474            4.763           0
        52        -3475        -3474            5.854           0
        54        -3472        -3469            10.96           0
        55        -3470        -3468            4.206           0
        56        -3479        -3479            1.063           0
        57        -3479        -3479             0.62           0
        58        -3477        -3476            7.002           0
        59        -3477        -3476            5.755           0
        60        -3474        -3472           10.961           0
        61        -3473        -3469            9.909           0
        62        -3473        -3469           11.161           0
        63        -3474        -3472           15.336           0
        64        -3469        -3468            2.422           0
        65        -3470        -3468            3.523           0
        66        -3477        -3475            2.291           0
        67        -3472        -3470            4.766           0
        68        -3477        -3475            4.833           0
        70        -3475        -3474            8.392           0
        71        -3469        -3468            2.834           0
        72        -3475        -3473           10.341           0
        75        -3476        -3474            6.435           0
        77        -3476        -3472           14.744           0
        78        -3474        -3472           11.122           0
        80        -3472        -3469           12.389           0
        81        -3472        -3472            3.263           0
        82        -3475        -3475            6.745           0
        83        -3474        -3472            8.638           0
        85        -3473        -3470           10.789           0
        86        -3481        -3480            0.745           0
        87        -3474        -3470           11.307           0
        88        -3476        -3474           11.823           0
        90        -3475        -3473           13.088           0
        91        -3473        -3472            5.192           0
        92        -3479        -3479            0.647           0
        93        -3474        -3472           12.994           0
        94        -3472        -3472             1.85           0
        95        -3468        -3468            2.306           0
        96        -3475        -3474            15.98           0
        99        -3474        -3471           17.232           0
       100        -3474        -3473            9.241           0
Candidate 1 dropped.
- Failed test 1: Too close to 41 in parameter space.
Candidate 4 dropped.
- Failed test 1: Too close to 20 in parameter space.
Candidate 29 dropped.
- Failed test 1: Too close to 48 in parameter space.
Candidate 54 dropped.
- Failed test 1: Too close to 35 in parameter space.
Best candidate so far (LL=-3467.6)
             Value
asc_alt1_1 -0.3825
asc_alt1_2 -0.0097
asc_alt1_3 -1.4063
asc_alt1_4  0.1704
asc_alt1_5  0.0475
asc_alt2_1 -0.7564
asc_alt2_2  0.0260
asc_alt2_3 -0.2453
asc_alt2_4 -0.0307
asc_alt2_5  0.1506
asc_alt3_1  0.0000
asc_alt3_2  0.0000
asc_alt3_3  0.0000
asc_alt3_4  0.0000
asc_alt3_5  0.0000
b_x1_1      5.6797
b_x1_2      0.8244
b_x1_3      1.3544
b_x1_4      0.6901
b_x1_5      0.1364
b_x2_1      3.7005
b_x2_2      1.1908
b_x2_3      1.0218
b_x2_4      0.0397
b_x2_5      0.1983
b_x3_1     -3.9583
b_x3_2      0.6031
b_x3_3      1.4828
b_x3_4     -0.1296
b_x3_5      0.7955
b_x4_1      2.4838
b_x4_2     -0.1019
b_x4_3      2.0707
b_x4_4      0.4978
b_x4_5      0.7048
b_price_1   0.6754
b_price_2  -1.2580
b_price_3  -1.8949
b_price_4  -1.7455
b_price_5  -1.4004
delta_1    -3.1759
delta_2    -0.1333
delta_3    -1.6097
delta_4    -0.5349
delta_5     0.0000

Stage 5, 76 active candidates.
Estimating 20 BFGS iteration(s) for each active candidate.
 Candidate......LLstart.....LLfinish.....GradientNorm...Converged
         5        -3472        -3472            2.292           0
         7        -3470        -3468            4.762           0
         8        -3472        -3470            4.739           0
         9        -3472        -3472            0.328           0
        10        -3475        -3472           10.802           0
        12        -3477        -3476            8.234           0
        13        -3471        -3471            1.608           0
        14        -3472        -3469           12.813           0
        15        -3472        -3470            6.948           0
        16        -3470        -3468            8.415           0
        18        -3473        -3470             3.95           0
        19        -3473        -3473             0.32           1
        20        -3472        -3472            2.547           0
        21        -3473        -3473            0.434           0
        22        -3468        -3468            3.005           0
        23        -3469        -3468            3.296           0
        24        -3475        -3474             6.99           0
        25        -3473        -3470           19.778           0
        26        -3475        -3474             6.89           0
        27        -3473        -3471            8.851           0
        28        -3473        -3472            1.758           0
        31        -3471        -3468           10.369           0
        32        -3475        -3475           14.858           0
        35        -3469        -3468            2.707           0
        36        -3475        -3475            0.042           1
        37        -3468        -3468            2.293           0
        38        -3470        -3468            4.444           0
        39        -3468        -3468            1.929           0
        40        -3474        -3471           11.449           0
        41        -3472        -3472            0.674           0
        43        -3474        -3473             12.9           0
        44        -3470        -3468            3.634           0
        45        -3474        -3471            9.888           0
        47        -3472        -3469           14.077           0
        48        -3468        -3467            1.854           0
        49        -3472        -3472            2.595           0
        50        -3472        -3470           19.353           0
        51        -3474        -3474            4.149           0
        52        -3474        -3471            8.009           0
        55        -3468        -3468            2.651           0
        56        -3479        -3479            3.338           0
        57        -3479        -3479            5.577           0
        58        -3476        -3475            9.982           0
        59        -3476        -3474             6.32           0
        60        -3472        -3469           12.901           0
        61        -3469        -3468            3.547           0
        62        -3469        -3468            2.547           0
        63        -3472        -3469           14.206           0
        64        -3468        -3468            1.866           0
        65        -3468        -3468              1.4           0
        66        -3475        -3475              0.3           0
        67        -3470        -3468            6.593           0
        68        -3475        -3475            0.634           0
        70        -3474        -3471           12.136           0
        71        -3468        -3468            1.411           0
        72        -3473        -3470            9.658           0
        75        -3474        -3473            6.289           0
        77        -3472        -3468            6.859           0
        78        -3472        -3469            9.594           0
        80        -3469        -3468            3.089           0
        81        -3472        -3472            3.043           0
        82        -3475        -3473           12.309           0
        83        -3472        -3470            5.765           0
        85        -3470        -3468            3.755           0
        86        -3480        -3480            0.574           0
        87        -3470        -3468            3.074           0
        88        -3474        -3473            4.023           0
        90        -3473        -3470           13.013           0
        91        -3472        -3472            3.325           0
        92        -3479        -3479            6.669           0
        93        -3472        -3469           10.786           0
        94        -3472        -3472            0.958           0
        95        -3468        -3467            2.113           0
        96        -3474        -3472            5.916           0
        99        -3471        -3468            4.267           0
       100        -3473        -3472            5.215           0
Candidate 22 dropped.
- Failed test 1: Too close to 65 in parameter space.
Candidate 23 dropped.
- Failed test 1: Too close to 71 in parameter space.
Candidate 44 dropped.
- Failed test 1: Too close to 37 in parameter space.
Candidate 61 dropped.
- Failed test 1: Too close to 87 in parameter space.
Best candidate so far (LL=-3467.5)
             Value
asc_alt1_1 -0.3113
asc_alt1_2 -0.0071
asc_alt1_3 -1.3538
asc_alt1_4  0.1726
asc_alt1_5  0.0539
asc_alt2_1 -0.8188
asc_alt2_2  0.0322
asc_alt2_3 -0.2245
asc_alt2_4 -0.0363
asc_alt2_5  0.1601
asc_alt3_1  0.0000
asc_alt3_2  0.0000
asc_alt3_3  0.0000
asc_alt3_4  0.0000
asc_alt3_5  0.0000
b_x1_1      6.3091
b_x1_2      0.8151
b_x1_3      1.3744
b_x1_4      0.6847
b_x1_5      0.1153
b_x2_1      4.0657
b_x2_2      1.1886
b_x2_3      1.0324
b_x2_4      0.0535
b_x2_5      0.1822
b_x3_1     -4.0557
b_x3_2      0.5906
b_x3_3      1.4836
b_x3_4     -0.1195
b_x3_5      0.8061
b_x4_1      2.4250
b_x4_2     -0.0932
b_x4_3      2.0292
b_x4_4      0.5112
b_x4_5      0.6977
b_price_1   0.8803
b_price_2  -1.2533
b_price_3  -1.8390
b_price_4  -1.6823
b_price_5  -1.3924
delta_1    -3.1882
delta_2    -0.0815
delta_3    -1.4712
delta_4    -0.4503
delta_5     0.0000
Several observations per individual detected based on the value of ID.
  Setting panelData in apollo_control set to TRUE.
With setting noValidation=TRUE in apollo_control, your model code will
  not be validated prior to estimation. This may of course be
  deliberate for large models or models with many components.
All checks on apollo_control completed.
All checks on database completed.
INFORMATION: The use of apollo_lcEM has a number of requirements. No checks are run
  for these, so the user needs to ensure these conditions are met by
  their model: 
1: This function is only suitable for single component models, i.e. no
  use of apollo_combineModels or manual multiplication of model
  components.
2: Any parameters that vary across classes need to be included in the
  definition of random parameters in apollo_lcPars.
3: The entries in the lists in apollo_lcPars need to be individual
  parameters, not functions thereof.

Validating inputs of likelihood function (apollo_probabilities)

Initialising EM algorithm
Starting iteration: 1
- Current LL : -3639.224
- New LL     : -3537.505
- Improvement: 101.7187

Starting iteration: 2
- Current LL : -3537.505
- New LL     : -3534.339
- Improvement: 3.16647

Starting iteration: 3
- Current LL : -3534.339
- New LL     : -3530.96
- Improvement: 3.378503

Starting iteration: 4
- Current LL : -3530.96
- New LL     : -3527.348
- Improvement: 3.612609

Starting iteration: 5
- Current LL : -3527.348
- New LL     : -3523.384
- Improvement: 3.96412

Starting iteration: 6
- Current LL : -3523.384
- New LL     : -3518.851
- Improvement: 4.532539

Starting iteration: 7
- Current LL : -3518.851
- New LL     : -3513.585
- Improvement: 5.265755

Starting iteration: 8
- Current LL : -3513.585
- New LL     : -3507.649
- Improvement: 5.936315

Starting iteration: 9
- Current LL : -3507.649
- New LL     : -3501.627
- Improvement: 6.022246

Starting iteration: 10
- Current LL : -3501.627
- New LL     : -3496.762
- Improvement: 4.864921

Starting iteration: 11
- Current LL : -3496.762
- New LL     : -3493.801
- Improvement: 2.961189

Starting iteration: 12
- Current LL : -3493.801
- New LL     : -3492.178
- Improvement: 1.622538

Starting iteration: 13
- Current LL : -3492.178
- New LL     : -3491.085
- Improvement: 1.092772

Starting iteration: 14
- Current LL : -3491.085
- New LL     : -3490.096
- Improvement: 0.989265

Starting iteration: 15
- Current LL : -3490.096
- New LL     : -3489.016
- Improvement: 1.080168

Starting iteration: 16
- Current LL : -3489.016
- New LL     : -3487.737
- Improvement: 1.278799

Starting iteration: 17
- Current LL : -3487.737
- New LL     : -3486.227
- Improvement: 1.509865

Starting iteration: 18
- Current LL : -3486.227
- New LL     : -3484.554
- Improvement: 1.6736

Starting iteration: 19
- Current LL : -3484.554
- New LL     : -3482.891
- Improvement: 1.662302

Starting iteration: 20
- Current LL : -3482.891
- New LL     : -3481.44
- Improvement: 1.451243

Starting iteration: 21
- Current LL : -3481.44
- New LL     : -3480.31
- Improvement: 1.130459

Starting iteration: 22
- Current LL : -3480.31
- New LL     : -3479.488
- Improvement: 0.8220428

Starting iteration: 23
- Current LL : -3479.488
- New LL     : -3478.897
- Improvement: 0.5904466

Starting iteration: 24
- Current LL : -3478.897
- New LL     : -3478.46
- Improvement: 0.4373887

Starting iteration: 25
- Current LL : -3478.46
- New LL     : -3478.123
- Improvement: 0.3364864

Starting iteration: 26
- Current LL : -3478.123
- New LL     : -3477.852
- Improvement: 0.2718129

Starting iteration: 27
- Current LL : -3477.852
- New LL     : -3477.625
- Improvement: 0.226568

Starting iteration: 28
- Current LL : -3477.625
- New LL     : -3477.423
- Improvement: 0.2018688

Starting iteration: 29
- Current LL : -3477.423
- New LL     : -3477.25
- Improvement: 0.1728478

Starting iteration: 30
- Current LL : -3477.25
- New LL     : -3477.098
- Improvement: 0.1526551

Starting iteration: 31
- Current LL : -3477.098
- New LL     : -3476.959
- Improvement: 0.1382733

Starting iteration: 32
- Current LL : -3476.959
- New LL     : -3476.833
- Improvement: 0.1261226

Starting iteration: 33
- Current LL : -3476.833
- New LL     : -3476.718
- Improvement: 0.1151636

Starting iteration: 34
- Current LL : -3476.718
- New LL     : -3476.612
- Improvement: 0.1063631

Starting iteration: 35
- Current LL : -3476.612
- New LL     : -3476.513
- Improvement: 0.09820187

Starting iteration: 36
- Current LL : -3476.513
- New LL     : -3476.422
- Improvement: 0.091234

Starting iteration: 37
- Current LL : -3476.422
- New LL     : -3476.337
- Improvement: 0.08538854

Starting iteration: 38
- Current LL : -3476.337
- New LL     : -3476.258
- Improvement: 0.07909902

Starting iteration: 39
- Current LL : -3476.258
- New LL     : -3476.184
- Improvement: 0.07384303

Starting iteration: 40
- Current LL : -3476.184
- New LL     : -3476.115
- Improvement: 0.0691584

Starting iteration: 41
- Current LL : -3476.115
- New LL     : -3476.05
- Improvement: 0.06448824

Starting iteration: 42
- Current LL : -3476.05
- New LL     : -3475.99
- Improvement: 0.06006259

Starting iteration: 43
- Current LL : -3475.99
- New LL     : -3475.934
- Improvement: 0.0563842

Starting iteration: 44
- Current LL : -3475.934
- New LL     : -3475.881
- Improvement: 0.05243166

Starting iteration: 45
- Current LL : -3475.881
- New LL     : -3475.832
- Improvement: 0.04907375

Starting iteration: 46
- Current LL : -3475.832
- New LL     : -3475.787
- Improvement: 0.04567628

Starting iteration: 47
- Current LL : -3475.787
- New LL     : -3475.744
- Improvement: 0.04298528

Starting iteration: 48
- Current LL : -3475.744
- New LL     : -3475.704
- Improvement: 0.04003234

Starting iteration: 49
- Current LL : -3475.704
- New LL     : -3475.666
- Improvement: 0.03721428

Starting iteration: 50
- Current LL : -3475.666
- New LL     : -3475.632
- Improvement: 0.03453569

Starting iteration: 51
- Current LL : -3475.632
- New LL     : -3475.6
- Improvement: 0.03232154

Starting iteration: 52
- Current LL : -3475.6
- New LL     : -3475.569
- Improvement: 0.03030718

Starting iteration: 53
- Current LL : -3475.569
- New LL     : -3475.541
- Improvement: 0.02799823

Starting iteration: 54
- Current LL : -3475.541
- New LL     : -3475.515
- Improvement: 0.02616201

Starting iteration: 55
- Current LL : -3475.515
- New LL     : -3475.491
- Improvement: 0.02427665

Starting iteration: 56
- Current LL : -3475.491
- New LL     : -3475.468
- Improvement: 0.02299874

Starting iteration: 57
- Current LL : -3475.468
- New LL     : -3475.447
- Improvement: 0.02121174

Starting iteration: 58
- Current LL : -3475.447
- New LL     : -3475.427
- Improvement: 0.01982179

Starting iteration: 59
- Current LL : -3475.427
- New LL     : -3475.408
- Improvement: 0.01843399

Starting iteration: 60
- Current LL : -3475.408
- New LL     : -3475.391
- Improvement: 0.0173116

Starting iteration: 61
- Current LL : -3475.391
- New LL     : -3475.375
- Improvement: 0.01617022

Starting iteration: 62
- Current LL : -3475.375
- New LL     : -3475.36
- Improvement: 0.01528923

Starting iteration: 63
- Current LL : -3475.36
- New LL     : -3475.345
- Improvement: 0.0141858

Starting iteration: 64
- Current LL : -3475.345
- New LL     : -3475.332
- Improvement: 0.01328134

Starting iteration: 65
- Current LL : -3475.332
- New LL     : -3475.32
- Improvement: 0.01246273

Starting iteration: 66
- Current LL : -3475.32
- New LL     : -3475.308
- Improvement: 0.0116043

Starting iteration: 67
- Current LL : -3475.308
- New LL     : -3475.297
- Improvement: 0.01089904

Starting iteration: 68
- Current LL : -3475.297
- New LL     : -3475.287
- Improvement: 0.0102064

Starting iteration: 69
- Current LL : -3475.287
- New LL     : -3475.277
- Improvement: 0.009582432

Starting iteration: 70
- Current LL : -3475.277
- New LL     : -3475.268
- Improvement: 0.008988266

Starting iteration: 71
- Current LL : -3475.268
- New LL     : -3475.26
- Improvement: 0.008452416

Starting iteration: 72
- Current LL : -3475.26
- New LL     : -3475.252
- Improvement: 0.007942589

Starting iteration: 73
- Current LL : -3475.252
- New LL     : -3475.244
- Improvement: 0.007491045

Starting iteration: 74
- Current LL : -3475.244
- New LL     : -3475.237
- Improvement: 0.007044804

Starting iteration: 75
- Current LL : -3475.237
- New LL     : -3475.231
- Improvement: 0.006472503

Starting iteration: 76
- Current LL : -3475.231
- New LL     : -3475.225
- Improvement: 0.006086951

Starting iteration: 77
- Current LL : -3475.225
- New LL     : -3475.219
- Improvement: 0.005757665

Starting iteration: 78
- Current LL : -3475.219
- New LL     : -3475.214
- Improvement: 0.00544148

Starting iteration: 79
- Current LL : -3475.214
- New LL     : -3475.209
- Improvement: 0.004774968

Starting iteration: 80
- Current LL : -3475.209
- New LL     : -3475.204
- Improvement: 0.005252923

Starting iteration: 81
- Current LL : -3475.204
- New LL     : -3475.199
- Improvement: 0.004644467

Starting iteration: 82
- Current LL : -3475.199
- New LL     : -3475.195
- Improvement: 0.004372059

Starting iteration: 83
- Current LL : -3475.195
- New LL     : -3475.19
- Improvement: 0.004153886

Starting iteration: 84
- Current LL : -3475.19
- New LL     : -3475.187
- Improvement: 0.003938985

Starting iteration: 85
- Current LL : -3475.187
- New LL     : -3475.183
- Improvement: 0.003461759

Starting iteration: 86
- Current LL : -3475.183
- New LL     : -3475.179
- Improvement: 0.003808439

Starting iteration: 87
- Current LL : -3475.179
- New LL     : -3475.176
- Improvement: 0.003405273

Starting iteration: 88
- Current LL : -3475.176
- New LL     : -3475.173
- Improvement: 0.003225314

Starting iteration: 89
- Current LL : -3475.173
- New LL     : -3475.17
- Improvement: 0.003060699

Starting iteration: 90
- Current LL : -3475.17
- New LL     : -3475.167
- Improvement: 0.002712817

Starting iteration: 91
- Current LL : -3475.167
- New LL     : -3475.164
- Improvement: 0.002794402

Starting iteration: 92
- Current LL : -3475.164
- New LL     : -3475.161
- Improvement: 0.002815617

Starting iteration: 93
- Current LL : -3475.161
- New LL     : -3475.159
- Improvement: 0.002567205

Starting iteration: 94
- Current LL : -3475.159
- New LL     : -3475.156
- Improvement: 0.00228317

Starting iteration: 95
- Current LL : -3475.156
- New LL     : -3475.154
- Improvement: 0.002322784

Starting iteration: 96
- Current LL : -3475.154
- New LL     : -3475.152
- Improvement: 0.002403252

Starting iteration: 97
- Current LL : -3475.152
- New LL     : -3475.149
- Improvement: 0.002185571

Starting iteration: 98
- Current LL : -3475.149
- New LL     : -3475.148
- Improvement: 0.001915606

Starting iteration: 99
- Current LL : -3475.148
- New LL     : -3475.145
- Improvement: 0.002091818

Starting iteration: 100
- Current LL : -3475.145
- New LL     : -3475.144
- Improvement: 0.001897162

EM algorithm stopped: maximum number of iterations reached!
No covariance matrix will be computed as convergence has not been
  reached. You may call apollo_addCovariance(model,apollo_inputs) to
  compute a covariance matrix at the current estimates.
[02:57:09]   done hard|seed2 : gaps  klue_ml=-0.00  klue_em=-0.00  apollo_searchStart=+0.00  apollo_lcEM=-10.59  gmnl_lc=-7.05  apollo_ss_published=-0.00
[02:57:09] RUN  hard|seed3  (K=5 kap=0.50 sig=0.30 corr=none)  arms: apollo_searchStart, apollo_lcEM
Several observations per individual detected based on the value of ID.
  Setting panelData in apollo_control set to TRUE.
All checks on apollo_control completed.
All checks on database completed.
Testing probability function (apollo_probabilities)
Apollo found a model component of type classAlloc without a
  componentName. The name was set to "classAlloc" by default.
INFORMATION: Setting "avail" is missing, so full availability is assumed. 
Apollo found a model component of type MNL without a componentName. The
  name was set to "Class_1" by default.
Apollo found a model component of type MNL without a componentName. The
  name was set to "Class_2" by default.
Apollo found a model component of type MNL without a componentName. The
  name was set to "Class_3" by default.
Apollo found a model component of type MNL without a componentName. The
  name was set to "Class_4" by default.
Apollo found a model component of type MNL without a componentName. The
  name was set to "Class_5" by default.
Pre-processing likelihood function...
INFORMATION: Apollo was not able to compute analytical gradients for your model.
  This could be because you are using model components for which
  analytical gradients are not yet implemented, or because you coded
  your own model functions. If however you only used apollo_mnl,
  apollo_fmnl, apollo_normalDensity, apollo_ol or apollo_op, then there
  could be another issue. You might want to ask for help in the Apollo
  forum (http://www.apollochoicemodelling.com/forum) on how to solve
  this issue. If you do, please post your code and data (if not
  confidential). 
Creating initial set of 100 candidate values.
Calculating LL of candidates 0%....50%.....100%

Stage 1, 100 active candidates.
Estimating 20 BFGS iteration(s) for each active candidate.
 Candidate......LLstart.....LLfinish.....GradientNorm...Converged
         1        -3646        -3483            31.31           0
         2        -3644        -3471           11.095           0
         3        -3649        -3474           13.428           0
         4        -3656        -3467           15.772           0
         5        -3654        -3484           19.214           0
         6        -3648        -3479           31.981           0
         7        -3641        -3482           35.682           0
         8        -3649        -3472           25.368           0
         9        -3642        -3474           26.808           0
        10        -3650        -3472           18.827           0
        11        -3635        -3484           40.943           0
        12        -3641        -3472           13.344           0
        13        -3634        -3474           15.697           0
        14        -3644        -3470           17.582           0
        15        -3647        -3475           22.201           0
        16        -3654        -3471           11.272           0
        17        -3643        -3479           23.013           0
        18        -3652        -3475           20.706           0
        19        -3651        -3479           32.094           0
        20        -3651        -3471           18.009           0
        21        -3639        -3476           33.657           0
        22        -3660        -3474           22.793           0
        23        -3639        -3470            18.44           0
        24        -3641        -3474            24.17           0
        25        -3646        -3476           26.164           0
        26        -3652        -3474           11.261           0
        27        -3639        -3467           10.566           0
        28        -3650        -3475           35.427           0
        29        -3643        -3479            28.19           0
        30        -3641        -3475           13.316           0
        31        -3644        -3472           23.023           0
        32        -3646        -3483           19.697           0
        33        -3647        -3469            21.57           0
        34        -3654        -3477           20.857           0
        35        -3634        -3472           21.507           0
        36        -3649        -3478           39.766           0
        37        -3630        -3484           49.815           0
        38        -3646        -3477           30.511           0
        39        -3637        -3474           13.251           0
        40        -3660        -3471           10.926           0
        41        -3637        -3474           24.078           0
        42        -3655        -3480           31.425           0
        43        -3652        -3475           20.063           0
        44        -3634        -3473           19.508           0
        45        -3652        -3474           19.989           0
        46        -3655        -3479           41.219           0
        47        -3633        -3470           18.962           0
        48        -3642        -3480            27.24           0
        49        -3665        -3470           23.007           0
        50        -3642        -3472           13.495           0
        51        -3637        -3475           25.184           0
        52        -3644        -3478            20.69           0
        53        -3644        -3473           21.164           0
        54        -3641        -3472           12.332           0
        55        -3644        -3478           27.085           0
        56        -3633        -3471           19.925           0
        57        -3652        -3474           22.275           0
        58        -3653        -3471           24.751           0
        59        -3640        -3488           35.389           0
        60        -3655        -3472           20.886           0
        61        -3648        -3477           38.143           0
        62        -3647        -3472           22.879           0
        63        -3647        -3467           12.645           0
        64        -3642        -3472           18.337           0
        65        -3656        -3477           32.066           0
        66        -3644        -3479           15.882           0
        67        -3648        -3482           32.688           0
        68        -3651        -3475           19.459           0
        69        -3647        -3472           17.104           0
        70        -3643        -3474           16.461           0
        71        -3655        -3473           11.313           0
        72        -3650        -3472           21.389           0
        73        -3652        -3471            21.81           0
        74        -3646        -3474           20.311           0
        75        -3638        -3481           31.348           0
        76        -3640        -3471           22.612           0
        77        -3662        -3481           24.622           0
        78        -3645        -3473           24.752           0
        79        -3658        -3480           31.609           0
        80        -3661        -3475            30.11           0
        81        -3655        -3480           30.883           0
        82        -3619        -3481            26.86           0
        83        -3659        -3476           20.083           0
        84        -3657        -3470           22.019           0
        85        -3647        -3479             25.7           0
        86        -3637        -3477           31.862           0
        87        -3652        -3472           11.623           0
        88        -3651        -3475           24.304           0
        89        -3652        -3470            8.567           0
        90        -3656        -3476           23.009           0
        91        -3647        -3472           25.528           0
        92        -3644        -3477           26.026           0
        93        -3636        -3477           28.045           0
        94        -3646        -3476            22.09           0
        95        -3655        -3483           39.073           0
        96        -3646        -3477           25.927           0
        97        -3652        -3494           50.859           0
        98        -3654        -3476           28.672           0
        99        -3637        -3469           15.906           0
       100        -3640        -3477           28.542           0
Best candidate so far (LL=-3466.7)
             Value
asc_alt1_1  0.0416
asc_alt1_2  0.1136
asc_alt1_3  0.4464
asc_alt1_4 -0.1176
asc_alt1_5  0.1570
asc_alt2_1  0.1140
asc_alt2_2 -0.0170
asc_alt2_3  0.3494
asc_alt2_4  0.0173
asc_alt2_5 -0.2355
asc_alt3_1  0.0000
asc_alt3_2  0.0000
asc_alt3_3  0.0000
asc_alt3_4  0.0000
asc_alt3_5  0.0000
b_x1_1      0.0852
b_x1_2      0.2537
b_x1_3     -0.3759
b_x1_4      1.0642
b_x1_5      0.6866
b_x2_1      1.1041
b_x2_2      0.0654
b_x2_3      0.0242
b_x2_4      0.7034
b_x2_5     -0.4826
b_x3_1      0.5606
b_x3_2      1.0016
b_x3_3      2.4259
b_x3_4      0.2011
b_x3_5     -0.1471
b_x4_1      0.4645
b_x4_2      1.2790
b_x4_3     -0.0306
b_x4_4      0.2110
b_x4_5      0.7503
b_price_1  -2.1205
b_price_2  -1.7416
b_price_3  -2.3972
b_price_4  -0.8637
b_price_5  -0.9438
delta_1     0.9613
delta_2     0.4207
delta_3    -1.5516
delta_4     0.8477
delta_5     0.0000

Stage 2, 100 active candidates.
Estimating 20 BFGS iteration(s) for each active candidate.
 Candidate......LLstart.....LLfinish.....GradientNorm...Converged
         1        -3483        -3466            15.05           0
         2        -3471        -3465           12.286           0
         3        -3474        -3467            7.288           0
         4        -3467        -3465            3.077           0
         5        -3484        -3476           19.818           0
         6        -3479        -3468           16.305           0
         7        -3482        -3469            7.248           0
         8        -3472        -3465            4.558           0
         9        -3474        -3466            7.368           0
        10        -3472        -3466            5.845           0
        11        -3484        -3468             9.28           0
        12        -3472        -3468            9.595           0
        13        -3474        -3470            6.481           0
        14        -3470        -3466            5.708           0
        15        -3475        -3470            7.961           0
        16        -3471        -3468            8.129           0
        17        -3479        -3468           14.382           0
        18        -3475        -3469            8.814           0
        19        -3479        -3470            7.227           0
        20        -3471        -3466            5.216           0
        21        -3476        -3467           20.696           0
        22        -3474        -3466            8.168           0
        23        -3470        -3466           11.977           0
        24        -3474        -3466           10.475           0
        25        -3476        -3465            9.193           0
        26        -3474        -3468           13.871           0
        27        -3467        -3466             5.29           0
        28        -3475        -3465            5.899           0
        29        -3479        -3466            9.297           0
        30        -3475        -3469            7.219           0
        31        -3472        -3466            6.079           0
        32        -3483        -3469           24.138           0
        33        -3469        -3465            3.769           0
        34        -3477        -3471            5.825           0
        35        -3472        -3465             6.42           0
        36        -3478        -3469           12.351           0
        37        -3484        -3467           16.743           0
        38        -3477        -3466           12.272           0
        39        -3474        -3468           10.632           0
        40        -3471        -3468           22.201           0
        41        -3474        -3465            4.672           0
        42        -3480        -3467            21.25           0
        43        -3475        -3468            8.182           0
        44        -3473        -3466            8.979           0
        45        -3474        -3469           12.441           0
        46        -3479        -3466             9.86           0
        47        -3470        -3465            7.427           0
        48        -3480        -3470           15.312           0
        49        -3470        -3465            4.163           0
        50        -3472        -3466            8.718           0
        51        -3475        -3466           10.513           0
        52        -3478        -3468           15.692           0
        53        -3473        -3467            8.243           0
        54        -3472        -3467           14.313           0
        55        -3478        -3467           14.113           0
        56        -3471        -3465            7.945           0
        57        -3474        -3466            8.175           0
        58        -3471        -3465            5.944           0
        59        -3488        -3467           16.084           0
        60        -3472        -3468            7.378           0
        61        -3477        -3468            6.922           0
        62        -3472        -3466            4.348           0
        63        -3467        -3465            3.102           0
        64        -3472        -3465            5.873           0
        65        -3477        -3469           10.345           0
        66        -3479        -3468           14.103           0
        67        -3482        -3471           13.328           0
        68        -3475        -3466            7.789           0
        69        -3472        -3466             7.31           0
        70        -3474        -3466           10.582           0
        71        -3473        -3468           13.012           0
        72        -3472        -3465            3.611           0
        73        -3471        -3465            5.845           0
        74        -3474        -3468            4.527           0
        75        -3481        -3468           15.343           0
        76        -3471        -3466            5.985           0
        77        -3481        -3469           15.055           0
        78        -3473        -3467            4.309           0
        79        -3480        -3466           11.244           0
        80        -3475        -3465            5.571           0
        81        -3480        -3471           11.726           0
        82        -3481        -3471           24.448           0
        83        -3476        -3466            7.782           0
        84        -3470        -3465            9.234           0
        85        -3479        -3467            7.099           0
        86        -3477        -3468           19.397           0
        87        -3472        -3470            3.833           0
        88        -3475        -3467            7.125           0
        89        -3470        -3468           10.555           0
        90        -3476        -3469            5.668           0
        91        -3472        -3466            6.258           0
        92        -3477        -3469            6.212           0
        93        -3477        -3466           10.727           0
        94        -3476        -3471            6.639           0
        95        -3483        -3469             8.85           0
        96        -3477        -3467           14.015           0
        97        -3494        -3468           19.479           0
        98        -3476        -3468           16.633           0
        99        -3469        -3467            6.218           0
       100        -3477        -3468           12.823           0
Candidate 1 dropped.
- Failed test 1: Too close to 49 in parameter space.
Candidate 3 dropped.
- Failed test 1: Too close to 27 in parameter space.
Candidate 9 dropped.
- Failed test 1: Too close to 31 in parameter space.
Candidate 12 dropped.
- Failed test 1: Too close to 55 in parameter space.
Candidate 28 dropped.
- Failed test 1: Too close to 80 in parameter space.
Candidate 29 dropped.
- Failed test 1: Too close to 20 in parameter space.
Candidate 37 dropped.
- Failed test 1: Too close to 8, 93 in parameter space.
Candidate 40 dropped.
- Failed test 1: Too close to 54 in parameter space.
Candidate 42 dropped.
- Failed test 1: Too close to 28 in parameter space.
Candidate 44 dropped.
- Failed test 1: Too close to 49 in parameter space.
Candidate 56 dropped.
- Failed test 1: Too close to 72 in parameter space.
Candidate 59 dropped.
- Failed test 1: Too close to 54 in parameter space.
Candidate 62 dropped.
- Failed test 1: Too close to 91 in parameter space.
Candidate 64 dropped.
- Failed test 1: Too close to 8 in parameter space.
Candidate 73 dropped.
- Failed test 1: Too close to 41 in parameter space.
Candidate 76 dropped.
- Failed test 1: Too close to 14 in parameter space.
Candidate 80 dropped.
- Failed test 1: Too close to 63 in parameter space.
Candidate 85 dropped.
- Failed test 1: Too close to 99 in parameter space.
Candidate 93 dropped.
- Failed test 1: Too close to 8, 64 in parameter space.
Candidate 100 dropped.
- Failed test 1: Too close to 9, 31 in parameter space.
Best candidate so far (LL=-3464.5)
             Value
asc_alt1_1  0.0582
asc_alt1_2  0.1374
asc_alt1_3  0.5888
asc_alt1_4 -0.1494
asc_alt1_5  0.2538
asc_alt2_1  0.1489
asc_alt2_2 -0.0583
asc_alt2_3  0.1077
asc_alt2_4 -0.0192
asc_alt2_5 -0.2172
asc_alt3_1  0.0000
asc_alt3_2  0.0000
asc_alt3_3  0.0000
asc_alt3_4  0.0000
asc_alt3_5  0.0000
b_x1_1      0.0159
b_x1_2      0.2770
b_x1_3      0.0963
b_x1_4      1.0350
b_x1_5      0.6392
b_x2_1      1.0834
b_x2_2      0.0302
b_x2_3     -0.0590
b_x2_4      0.7256
b_x2_5     -0.5175
b_x3_1      0.6439
b_x3_2      1.0146
b_x3_3      2.0922
b_x3_4      0.1419
b_x3_5     -0.1661
b_x4_1      0.4589
b_x4_2      1.2972
b_x4_3     -0.2250
b_x4_4      0.2594
b_x4_5      0.7681
b_price_1  -2.2150
b_price_2  -1.7393
b_price_3  -1.6902
b_price_4  -0.8927
b_price_5  -1.0964
delta_1     1.0300
delta_2     0.4202
delta_3    -0.9426
delta_4     1.0113
delta_5     0.0000

Stage 3, 80 active candidates.
Estimating 20 BFGS iteration(s) for each active candidate.
 Candidate......LLstart.....LLfinish.....GradientNorm...Converged
         2        -3465        -3464            1.592           0
         4        -3465        -3464            0.579           0
         5        -3476        -3469            19.55           0
         6        -3468        -3465            3.953           0
         7        -3469        -3468           11.304           0
         8        -3465        -3465            1.601           0
        10        -3466        -3465            4.148           0
        11        -3468        -3467            4.564           0
        13        -3470        -3470            2.983           0
        14        -3466        -3466            1.323           0
        15        -3470        -3468             8.03           0
        16        -3468        -3466            7.841           0
        17        -3468        -3465            7.769           0
        18        -3469        -3468            4.301           0
        19        -3470        -3469            4.099           0
        20        -3466        -3466            0.822           0
        21        -3467        -3465            4.124           0
        22        -3466        -3465            6.022           0
        23        -3466        -3465            3.356           0
        24        -3466        -3465            1.063           0
        25        -3465        -3465            1.682           0
        26        -3468        -3467            2.305           0
        27        -3466        -3466            0.936           0
        30        -3469        -3466            7.593           0
        31        -3466        -3466            0.684           0
        32        -3469        -3465            5.157           0
        33        -3465        -3465            0.512           0
        34        -3471        -3470             9.94           0
        35        -3465        -3465            2.023           0
        36        -3469        -3466           11.399           0
        38        -3466        -3465            4.833           0
        39        -3468        -3466            5.008           0
        41        -3465        -3465            0.761           0
        43        -3468        -3466            17.35           0
        45        -3469        -3467           10.871           0
        46        -3466        -3466            0.827           0
        47        -3465        -3465            0.617           0
        48        -3470        -3467            3.179           0
        49        -3465        -3465            1.024           0
        50        -3466        -3466            2.843           0
        51        -3466        -3466            0.698           0
        52        -3468        -3465            6.683           0
        53        -3467        -3466            2.479           0
        54        -3467        -3465            3.232           0
        55        -3467        -3465            4.355           0
        57        -3466        -3465            0.867           0
        58        -3465        -3464             1.46           0
        60        -3468        -3466            5.143           0
        61        -3468        -3468            1.768           0
        63        -3465        -3464            0.358           0
        65        -3469        -3466            7.442           0
        66        -3468        -3467            3.653           0
        67        -3471        -3470            5.289           0
        68        -3466        -3465            2.557           0
        69        -3466        -3466            1.563           0
        70        -3466        -3465            3.957           0
        71        -3468        -3465            3.605           0
        72        -3465        -3465            0.917           0
        74        -3468        -3468            5.439           0
        75        -3468        -3466            4.379           0
        77        -3469        -3465            5.838           0
        78        -3467        -3465            9.464           0
        79        -3466        -3465            1.819           0
        81        -3471        -3469             6.66           0
        82        -3471        -3465            4.696           0
        83        -3466        -3465            2.046           0
        84        -3465        -3465            1.497           0
        86        -3468        -3465            6.082           0
        87        -3470        -3469           11.445           0
        88        -3467        -3466            3.871           0
        89        -3468        -3465             6.67           0
        90        -3469        -3467           11.866           0
        91        -3466        -3466            1.159           0
        92        -3469        -3468            9.181           0
        94        -3471        -3470            5.828           0
        95        -3469        -3467            3.045           0
        96        -3467        -3465            6.314           0
        97        -3468        -3465            5.941           0
        98        -3468        -3466            3.618           0
        99        -3467        -3465            7.804           0
Candidate 16 dropped.
- Failed test 1: Too close to 89 in parameter space.
Candidate 17 dropped.
- Failed test 1: Too close to 47 in parameter space.
Candidate 22 dropped.
- Failed test 1: Too close to 70 in parameter space.
Candidate 33 dropped.
- Failed test 1: Too close to 68 in parameter space.
Candidate 35 dropped.
- Failed test 1: Too close to 2 in parameter space.
Candidate 38 dropped.
- Failed test 1: Too close to 4 in parameter space.
Candidate 52 dropped.
- Failed test 1: Too close to 23, 71 in parameter space.
Candidate 53 dropped.
- Failed test 1: Too close to 14 in parameter space.
Candidate 70 dropped.
- Failed test 1: Too close to 79 in parameter space.
Candidate 71 dropped.
- Failed test 1: Too close to 23 in parameter space.
Candidate 89 dropped.
- Failed test 1: Too close to 72 in parameter space.
Candidate 97 dropped.
- Failed test 1: Too close to 54 in parameter space.
Candidate 98 dropped.
- Failed test 1: Too close to 31 in parameter space.
Best candidate so far (LL=-3464.5)
             Value
asc_alt1_1  0.0687
asc_alt1_2  0.1475
asc_alt1_3  0.2310
asc_alt1_4 -0.1637
asc_alt1_5  0.5370
asc_alt2_1  0.1514
asc_alt2_2 -0.0556
asc_alt2_3 -0.2461
asc_alt2_4 -0.0183
asc_alt2_5  0.0962
asc_alt3_1  0.0000
asc_alt3_2  0.0000
asc_alt3_3  0.0000
asc_alt3_4  0.0000
asc_alt3_5  0.0000
b_x1_1      0.0156
b_x1_2      0.2682
b_x1_3      0.6238
b_x1_4      1.0197
b_x1_5      0.3176
b_x2_1      1.0805
b_x2_2      0.0343
b_x2_3     -0.5225
b_x2_4      0.7329
b_x2_5     -0.1096
b_x3_1      0.6524
b_x3_2      1.0205
b_x3_3     -0.1840
b_x3_4      0.1267
b_x3_5      1.9339
b_x4_1      0.4593
b_x4_2      1.3157
b_x4_3      0.7776
b_x4_4      0.2627
b_x4_5     -0.1953
b_price_1  -2.2155
b_price_2  -1.7733
b_price_3  -1.1074
b_price_4  -0.8896
b_price_5  -1.4966
delta_1     1.8274
delta_2     1.1960
delta_3     0.7647
delta_4     1.7856
delta_5     0.0000

Stage 4, 67 active candidates.
Estimating 20 BFGS iteration(s) for each active candidate.
 Candidate......LLstart.....LLfinish.....GradientNorm...Converged
         2        -3464        -3464            0.104           1
         4        -3464        -3464            0.153           1
         5        -3469        -3465            3.998           0
         6        -3465        -3464            2.477           0
         7        -3468        -3465            6.087           0
         8        -3465        -3465            0.663           0
        10        -3465        -3465            2.833           0
        11        -3467        -3467            0.887           0
        13        -3470        -3469            0.762           0
        14        -3466        -3466            0.411           1
        15        -3468        -3466            3.388           0
        18        -3468        -3468            0.704           1
        19        -3469        -3467            8.576           0
        20        -3466        -3466            0.058           1
        21        -3465        -3465            2.101           0
        23        -3465        -3464            0.762           0
        24        -3465        -3465             0.24           0
        25        -3465        -3465            0.352           0
        26        -3467        -3467             0.42           0
        27        -3466        -3466            0.077           1
        30        -3466        -3465             2.25           0
        31        -3466        -3466            0.073           1
        32        -3465        -3464            1.075           0
        34        -3470        -3468            7.327           0
        36        -3466        -3465            4.459           0
        39        -3466        -3466            0.529           0
        41        -3465        -3465            1.557           0
        43        -3466        -3463            5.835           0
        45        -3467        -3466             1.31           0
        46        -3466        -3466            0.219           1
        47        -3465        -3465            0.332           1
        48        -3467        -3466            1.129           0
        49        -3465        -3465             0.12           1
        50        -3466        -3466            0.451           0
        51        -3466        -3466            0.323           1
        54        -3465        -3464             3.45           0
        55        -3465        -3464            0.961           0
        57        -3465        -3465            0.378           1
        58        -3464        -3464            0.262           1
        60        -3466        -3466            1.623           0
        61        -3468        -3467            0.266           0
        63        -3464        -3464            0.242           1
        65        -3466        -3466            1.232           0
        66        -3467        -3467             1.81           0
        67        -3470        -3469            2.942           0
        68        -3465        -3465            0.858           0
        69        -3466        -3466            0.061           1
        72        -3465        -3465            0.468           0
        74        -3468        -3467            0.707           0
        75        -3466        -3466            1.847           0
        77        -3465        -3465            1.334           0
        78        -3465        -3465             2.02           0
        79        -3465        -3464             0.42           0
        81        -3469        -3466           11.553           0
        82        -3465        -3465            3.843           0
        83        -3465        -3465            0.351           0
        84        -3465        -3464            0.487           0
        86        -3465        -3465            1.059           0
        87        -3469        -3467           10.108           0
        88        -3466        -3466            1.092           0
        90        -3467        -3465            3.822           0
        91        -3466        -3466            0.166           1
        92        -3468        -3465            7.373           0
        94        -3470        -3469             3.89           0
        95        -3467        -3467            5.903           0
        96        -3465        -3464            3.614           0
        99        -3465        -3465            1.594           0
Candidate 10 dropped.
- Failed test 1: Too close to 2 in parameter space.
Candidate 15 dropped.
- Failed test 1: Too close to 46 in parameter space.
Candidate 41 dropped.
- Failed test 1: Too close to 90 in parameter space.
Candidate 81 dropped.
- Failed test 1: Too close to 68 in parameter space.
Best candidate so far (LL=-3463.3)
             Value
asc_alt1_1  0.1354
asc_alt1_2 -0.1514
asc_alt1_3 -2.7486
asc_alt1_4  0.2086
asc_alt1_5  0.2227
asc_alt2_1  0.1750
asc_alt2_2 -0.0228
asc_alt2_3 -1.7648
asc_alt2_4  0.0073
asc_alt2_5 -0.2903
asc_alt3_1  0.0000
asc_alt3_2  0.0000
asc_alt3_3  0.0000
asc_alt3_4  0.0000
asc_alt3_5  0.0000
b_x1_1      0.0316
b_x1_2      0.9925
b_x1_3     -2.3227
b_x1_4      0.2692
b_x1_5      0.6281
b_x2_1      0.9987
b_x2_2      0.7275
b_x2_3      5.2866
b_x2_4     -0.1020
b_x2_5     -0.5032
b_x3_1      0.7557
b_x3_2      0.1203
b_x3_3     -3.7187
b_x3_4      1.1726
b_x3_5     -0.1677
b_x4_1      0.3949
b_x4_2      0.2815
b_x4_3      5.7385
b_x4_4      1.0807
b_x4_5      0.7616
b_price_1  -2.1474
b_price_2  -0.9107
b_price_3  -2.8356
b_price_4  -1.6823
b_price_5  -1.0902
delta_1     1.0560
delta_2     1.0143
delta_3    -2.5024
delta_4     0.4574
delta_5     0.0000

Stage 5, 47 active candidates.
Estimating 20 BFGS iteration(s) for each active candidate.
 Candidate......LLstart.....LLfinish.....GradientNorm...Converged
         5        -3465        -3464            2.322           0
         6        -3464        -3464            1.319           0
         7        -3465        -3465            1.238           0
         8        -3465        -3465            0.143           1
        11        -3467        -3467            0.551           0
        13        -3469        -3469            2.666           0
        19        -3467        -3465            3.453           0
        21        -3465        -3465            0.964           0
        23        -3464        -3464            0.352           0
        24        -3465        -3465            0.254           1
        25        -3465        -3465            0.102           1
        26        -3467        -3466            6.836           0
        30        -3465        -3464            0.335           0
        32        -3464        -3464            0.395           0
        34        -3468        -3467           14.898           0
        36        -3465        -3465            2.992           0
        39        -3466        -3466            0.218           1
        43        -3463        -3463            3.805           0
        45        -3466        -3466            0.281           1
        48        -3466        -3466             0.87           0
        50        -3466        -3466            0.084           1
        54        -3464        -3464            1.795           0
        55        -3464        -3464            0.533           1
        60        -3466        -3466             0.14           0
        61        -3467        -3467            0.067           1
        65        -3466        -3466            0.264           1
        66        -3467        -3466             1.34           0
        67        -3469        -3469            1.734           0
        68        -3465        -3465            0.071           1
        72        -3465        -3465            0.111           1
        74        -3467        -3467            0.328           1
        75        -3466        -3466            1.436           0
        77        -3465        -3465            0.628           0
        78        -3465        -3464            0.398           0
        79        -3464        -3464            0.352           1
        82        -3465        -3464            1.967           0
        83        -3465        -3465            0.111           1
        84        -3464        -3464            0.545           1
        86        -3465        -3465            0.871           0
        87        -3467        -3467            3.737           0
        88        -3466        -3466            0.223           0
        90        -3465        -3465            0.417           0
        92        -3465        -3464            0.801           0
        94        -3469        -3468            7.034           0
        95        -3467        -3466            0.883           0
        96        -3464        -3464            2.513           0
        99        -3465        -3464            0.312           0
Best candidate so far (LL=-3462.9)
             Value
asc_alt1_1  0.1261
asc_alt1_2 -0.1669
asc_alt1_3 -3.0720
asc_alt1_4  0.1850
asc_alt1_5  0.2742
asc_alt2_1  0.1658
asc_alt2_2 -0.0305
asc_alt2_3 -1.9342
asc_alt2_4  0.0301
asc_alt2_5 -0.2494
asc_alt3_1  0.0000
asc_alt3_2  0.0000
asc_alt3_3  0.0000
asc_alt3_4  0.0000
asc_alt3_5  0.0000
b_x1_1      0.0303
b_x1_2      1.0066
b_x1_3     -2.4642
b_x1_4      0.2545
b_x1_5      0.6219
b_x2_1      0.9999
b_x2_2      0.7394
b_x2_3      5.8234
b_x2_4     -0.0885
b_x2_5     -0.5177
b_x3_1      0.7681
b_x3_2      0.1277
b_x3_3     -4.0878
b_x3_4      1.1419
b_x3_5     -0.1732
b_x4_1      0.3765
b_x4_2      0.2761
b_x4_3      6.2422
b_x4_4      1.0964
b_x4_5      0.7672
b_price_1  -2.1427
b_price_2  -0.9022
b_price_3  -3.1956
b_price_4  -1.6641
b_price_5  -1.0804
delta_1     1.0860
delta_2     1.0286
delta_3    -2.4546
delta_4     0.5057
delta_5     0.0000
Several observations per individual detected based on the value of ID.
  Setting panelData in apollo_control set to TRUE.
With setting noValidation=TRUE in apollo_control, your model code will
  not be validated prior to estimation. This may of course be
  deliberate for large models or models with many components.
All checks on apollo_control completed.
All checks on database completed.
INFORMATION: The use of apollo_lcEM has a number of requirements. No checks are run
  for these, so the user needs to ensure these conditions are met by
  their model: 
1: This function is only suitable for single component models, i.e. no
  use of apollo_combineModels or manual multiplication of model
  components.
2: Any parameters that vary across classes need to be included in the
  definition of random parameters in apollo_lcPars.
3: The entries in the lists in apollo_lcPars need to be individual
  parameters, not functions thereof.

Validating inputs of likelihood function (apollo_probabilities)

Initialising EM algorithm
Starting iteration: 1
- Current LL : -3645.915
- New LL     : -3543.154
- Improvement: 102.7612

Starting iteration: 2
- Current LL : -3543.154
- New LL     : -3536.407
- Improvement: 6.74728

Starting iteration: 3
- Current LL : -3536.407
- New LL     : -3527.198
- Improvement: 9.208512

Starting iteration: 4
- Current LL : -3527.198
- New LL     : -3518.522
- Improvement: 8.675995

Starting iteration: 5
- Current LL : -3518.522
- New LL     : -3512.094
- Improvement: 6.428692

Starting iteration: 6
- Current LL : -3512.094
- New LL     : -3506.05
- Improvement: 6.044074

Starting iteration: 7
- Current LL : -3506.05
- New LL     : -3498.466
- Improvement: 7.583622

Starting iteration: 8
- Current LL : -3498.466
- New LL     : -3490.713
- Improvement: 7.753006

Starting iteration: 9
- Current LL : -3490.713
- New LL     : -3485.632
- Improvement: 5.08073

Starting iteration: 10
- Current LL : -3485.632
- New LL     : -3483.262
- Improvement: 2.370089

Starting iteration: 11
- Current LL : -3483.262
- New LL     : -3482.074
- Improvement: 1.188532

Starting iteration: 12
- Current LL : -3482.074
- New LL     : -3481.175
- Improvement: 0.8984906

Starting iteration: 13
- Current LL : -3481.175
- New LL     : -3480.268
- Improvement: 0.9073881

Starting iteration: 14
- Current LL : -3480.268
- New LL     : -3479.264
- Improvement: 1.003836

Starting iteration: 15
- Current LL : -3479.264
- New LL     : -3478.175
- Improvement: 1.08942

Starting iteration: 16
- Current LL : -3478.175
- New LL     : -3477.101
- Improvement: 1.073889

Starting iteration: 17
- Current LL : -3477.101
- New LL     : -3476.167
- Improvement: 0.933644

Starting iteration: 18
- Current LL : -3476.167
- New LL     : -3475.423
- Improvement: 0.7439153

Starting iteration: 19
- Current LL : -3475.423
- New LL     : -3474.838
- Improvement: 0.5848338

Starting iteration: 20
- Current LL : -3474.838
- New LL     : -3474.358
- Improvement: 0.4806994

Starting iteration: 21
- Current LL : -3474.358
- New LL     : -3473.939
- Improvement: 0.4185158

Starting iteration: 22
- Current LL : -3473.939
- New LL     : -3473.559
- Improvement: 0.380032

Starting iteration: 23
- Current LL : -3473.559
- New LL     : -3473.208
- Improvement: 0.3510264

Starting iteration: 24
- Current LL : -3473.208
- New LL     : -3472.882
- Improvement: 0.3256873

Starting iteration: 25
- Current LL : -3472.882
- New LL     : -3472.583
- Improvement: 0.2994272

Starting iteration: 26
- Current LL : -3472.583
- New LL     : -3472.31
- Improvement: 0.2730151

Starting iteration: 27
- Current LL : -3472.31
- New LL     : -3472.064
- Improvement: 0.2454108

Starting iteration: 28
- Current LL : -3472.064
- New LL     : -3471.843
- Improvement: 0.2211014

Starting iteration: 29
- Current LL : -3471.843
- New LL     : -3471.645
- Improvement: 0.1986447

Starting iteration: 30
- Current LL : -3471.645
- New LL     : -3471.465
- Improvement: 0.179265

Starting iteration: 31
- Current LL : -3471.465
- New LL     : -3471.302
- Improvement: 0.1631356

Starting iteration: 32
- Current LL : -3471.302
- New LL     : -3471.152
- Improvement: 0.1499071

Starting iteration: 33
- Current LL : -3471.152
- New LL     : -3471.013
- Improvement: 0.1392927

Starting iteration: 34
- Current LL : -3471.013
- New LL     : -3470.882
- Improvement: 0.1309874

Starting iteration: 35
- Current LL : -3470.882
- New LL     : -3470.757
- Improvement: 0.1253417

Starting iteration: 36
- Current LL : -3470.757
- New LL     : -3470.637
- Improvement: 0.1199263

Starting iteration: 37
- Current LL : -3470.637
- New LL     : -3470.52
- Improvement: 0.1167159

Starting iteration: 38
- Current LL : -3470.52
- New LL     : -3470.407
- Improvement: 0.1135302

Starting iteration: 39
- Current LL : -3470.407
- New LL     : -3470.295
- Improvement: 0.1115975

Starting iteration: 40
- Current LL : -3470.295
- New LL     : -3470.185
- Improvement: 0.1100777

Starting iteration: 41
- Current LL : -3470.185
- New LL     : -3470.076
- Improvement: 0.108623

Starting iteration: 42
- Current LL : -3470.076
- New LL     : -3469.969
- Improvement: 0.1069238

Starting iteration: 43
- Current LL : -3469.969
- New LL     : -3469.864
- Improvement: 0.1050583

Starting iteration: 44
- Current LL : -3469.864
- New LL     : -3469.761
- Improvement: 0.1028052

Starting iteration: 45
- Current LL : -3469.761
- New LL     : -3469.661
- Improvement: 0.09999291

Starting iteration: 46
- Current LL : -3469.661
- New LL     : -3469.565
- Improvement: 0.09648643

Starting iteration: 47
- Current LL : -3469.565
- New LL     : -3469.473
- Improvement: 0.09248749

Starting iteration: 48
- Current LL : -3469.473
- New LL     : -3469.385
- Improvement: 0.08780738

Starting iteration: 49
- Current LL : -3469.385
- New LL     : -3469.302
- Improvement: 0.08274363

Starting iteration: 50
- Current LL : -3469.302
- New LL     : -3469.224
- Improvement: 0.07825361

Starting iteration: 51
- Current LL : -3469.224
- New LL     : -3469.151
- Improvement: 0.07301805

Starting iteration: 52
- Current LL : -3469.151
- New LL     : -3469.081
- Improvement: 0.06924712

Starting iteration: 53
- Current LL : -3469.081
- New LL     : -3469.016
- Improvement: 0.06524644

Starting iteration: 54
- Current LL : -3469.016
- New LL     : -3468.954
- Improvement: 0.06240741

Starting iteration: 55
- Current LL : -3468.954
- New LL     : -3468.894
- Improvement: 0.06018156

Starting iteration: 56
- Current LL : -3468.894
- New LL     : -3468.835
- Improvement: 0.05869459

Starting iteration: 57
- Current LL : -3468.835
- New LL     : -3468.775
- Improvement: 0.05977338

Starting iteration: 58
- Current LL : -3468.775
- New LL     : -3468.714
- Improvement: 0.06128298

Starting iteration: 59
- Current LL : -3468.714
- New LL     : -3468.649
- Improvement: 0.06486905

Starting iteration: 60
- Current LL : -3468.649
- New LL     : -3468.579
- Improvement: 0.07044876

Starting iteration: 61
- Current LL : -3468.579
- New LL     : -3468.5
- Improvement: 0.07886074

Starting iteration: 62
- Current LL : -3468.5
- New LL     : -3468.411
- Improvement: 0.08830275

Starting iteration: 63
- Current LL : -3468.411
- New LL     : -3468.31
- Improvement: 0.1014243

Starting iteration: 64
- Current LL : -3468.31
- New LL     : -3468.194
- Improvement: 0.1155227

Starting iteration: 65
- Current LL : -3468.194
- New LL     : -3468.065
- Improvement: 0.1289715

Starting iteration: 66
- Current LL : -3468.065
- New LL     : -3467.924
- Improvement: 0.1409777

Starting iteration: 67
- Current LL : -3467.924
- New LL     : -3467.776
- Improvement: 0.1482344

Starting iteration: 68
- Current LL : -3467.776
- New LL     : -3467.626
- Improvement: 0.1499978

Starting iteration: 69
- Current LL : -3467.626
- New LL     : -3467.482
- Improvement: 0.1442682

Starting iteration: 70
- Current LL : -3467.482
- New LL     : -3467.346
- Improvement: 0.1361858

Starting iteration: 71
- Current LL : -3467.346
- New LL     : -3467.22
- Improvement: 0.1258568

Starting iteration: 72
- Current LL : -3467.22
- New LL     : -3467.105
- Improvement: 0.115204

Starting iteration: 73
- Current LL : -3467.105
- New LL     : -3467
- Improvement: 0.1043262

Starting iteration: 74
- Current LL : -3467
- New LL     : -3466.907
- Improvement: 0.09330987

Starting iteration: 75
- Current LL : -3466.907
- New LL     : -3466.823
- Improvement: 0.08360062

Starting iteration: 76
- Current LL : -3466.823
- New LL     : -3466.749
- Improvement: 0.0744094

Starting iteration: 77
- Current LL : -3466.749
- New LL     : -3466.682
- Improvement: 0.06677634

Starting iteration: 78
- Current LL : -3466.682
- New LL     : -3466.621
- Improvement: 0.06088853

Starting iteration: 79
- Current LL : -3466.621
- New LL     : -3466.566
- Improvement: 0.05588959

Starting iteration: 80
- Current LL : -3466.566
- New LL     : -3466.513
- Improvement: 0.05279992

Starting iteration: 81
- Current LL : -3466.513
- New LL     : -3466.461
- Improvement: 0.05162102

Starting iteration: 82
- Current LL : -3466.461
- New LL     : -3466.411
- Improvement: 0.05045585

Starting iteration: 83
- Current LL : -3466.411
- New LL     : -3466.358
- Improvement: 0.05223106

Starting iteration: 84
- Current LL : -3466.358
- New LL     : -3466.303
- Improvement: 0.0551238

Starting iteration: 85
- Current LL : -3466.303
- New LL     : -3466.243
- Improvement: 0.05984189

Starting iteration: 86
- Current LL : -3466.243
- New LL     : -3466.181
- Improvement: 0.06225989

Starting iteration: 87
- Current LL : -3466.181
- New LL     : -3466.117
- Improvement: 0.06431089

Starting iteration: 88
- Current LL : -3466.117
- New LL     : -3466.054
- Improvement: 0.06288038

Starting iteration: 89
- Current LL : -3466.054
- New LL     : -3465.997
- Improvement: 0.05750601

Starting iteration: 90
- Current LL : -3465.997
- New LL     : -3465.944
- Improvement: 0.05209617

Starting iteration: 91
- Current LL : -3465.944
- New LL     : -3465.9
- Improvement: 0.04465605

Starting iteration: 92
- Current LL : -3465.9
- New LL     : -3465.862
- Improvement: 0.03816484

Starting iteration: 93
- Current LL : -3465.862
- New LL     : -3465.829
- Improvement: 0.03291244

Starting iteration: 94
- Current LL : -3465.829
- New LL     : -3465.801
- Improvement: 0.02791715

Starting iteration: 95
- Current LL : -3465.801
- New LL     : -3465.777
- Improvement: 0.02343644

Starting iteration: 96
- Current LL : -3465.777
- New LL     : -3465.756
- Improvement: 0.02128984

Starting iteration: 97
- Current LL : -3465.756
- New LL     : -3465.738
- Improvement: 0.01813967

Starting iteration: 98
- Current LL : -3465.738
- New LL     : -3465.722
- Improvement: 0.01571586

Starting iteration: 99
- Current LL : -3465.722
- New LL     : -3465.708
- Improvement: 0.01378644

Starting iteration: 100
- Current LL : -3465.708
- New LL     : -3465.696
- Improvement: 0.01190668

EM algorithm stopped: maximum number of iterations reached!
No covariance matrix will be computed as convergence has not been
  reached. You may call apollo_addCovariance(model,apollo_inputs) to
  compute a covariance matrix at the current estimates.
[04:01:21]   NOTE hard|seed3: a new arm improved the best LL by +2.193 -- existing gaps shift
[04:01:21]   done hard|seed3 : gaps  klue_ml=-2.19  klue_em=-2.19  apollo_searchStart=+0.00  apollo_lcEM=-3.42  gmnl_lc=-2.83  apollo_ss_published=-2.47
[04:01:21] RUN  hard|seed4  (K=5 kap=0.50 sig=0.30 corr=none)  arms: apollo_searchStart, apollo_lcEM
Several observations per individual detected based on the value of ID.
  Setting panelData in apollo_control set to TRUE.
All checks on apollo_control completed.
All checks on database completed.
Testing probability function (apollo_probabilities)
Apollo found a model component of type classAlloc without a
  componentName. The name was set to "classAlloc" by default.
INFORMATION: Setting "avail" is missing, so full availability is assumed. 
Apollo found a model component of type MNL without a componentName. The
  name was set to "Class_1" by default.
Apollo found a model component of type MNL without a componentName. The
  name was set to "Class_2" by default.
Apollo found a model component of type MNL without a componentName. The
  name was set to "Class_3" by default.
Apollo found a model component of type MNL without a componentName. The
  name was set to "Class_4" by default.
Apollo found a model component of type MNL without a componentName. The
  name was set to "Class_5" by default.
Pre-processing likelihood function...
INFORMATION: Apollo was not able to compute analytical gradients for your model.
  This could be because you are using model components for which
  analytical gradients are not yet implemented, or because you coded
  your own model functions. If however you only used apollo_mnl,
  apollo_fmnl, apollo_normalDensity, apollo_ol or apollo_op, then there
  could be another issue. You might want to ask for help in the Apollo
  forum (http://www.apollochoicemodelling.com/forum) on how to solve
  this issue. If you do, please post your code and data (if not
  confidential). 
Creating initial set of 100 candidate values.
Calculating LL of candidates 0%....50%.....100%

Stage 1, 100 active candidates.
Estimating 20 BFGS iteration(s) for each active candidate.
 Candidate......LLstart.....LLfinish.....GradientNorm...Converged
         1        -3621        -3458           27.193           0
         2        -3620        -3458           14.693           0
         3        -3624        -3453           11.623           0
         4        -3634        -3456            9.283           0
         5        -3632        -3455           16.807           0
         6        -3624        -3458           17.516           0
         7        -3617        -3454           15.958           0
         8        -3625        -3458           17.019           0
         9        -3617        -3458           23.743           0
        10        -3623        -3462           27.781           0
        11        -3613        -3458           15.403           0
        12        -3617        -3460           22.197           0
        13        -3612        -3460           21.891           0
        14        -3622        -3457           18.603           0
        15        -3624        -3456           14.018           0
        16        -3628        -3453           15.132           0
        17        -3620        -3457           25.528           0
        18        -3626        -3457           16.231           0
        19        -3626        -3456           16.258           0
        20        -3627        -3454           15.813           0
        21        -3613        -3454           15.814           0
        22        -3637        -3460           19.898           0
        23        -3611        -3461           26.351           0
        24        -3619        -3459           18.068           0
        25        -3622        -3457           12.447           0
        26        -3626        -3463           19.975           0
        27        -3613        -3453           15.871           0
        28        -3625        -3465           20.745           0
        29        -3618        -3469           27.767           0
        30        -3617        -3465           22.721           0
        31        -3620        -3463           27.018           0
        32        -3624        -3457           22.241           0
        33        -3625        -3466           20.277           0
        34        -3628        -3458           16.293           0
        35        -3610        -3470           35.837           0
        36        -3623        -3454           14.793           0
        37        -3609        -3456           10.971           0
        38        -3621        -3455            16.64           0
        39        -3614        -3459           11.056           0
        40        -3637        -3456            9.074           0
        41        -3613        -3458           19.319           0
        42        -3630        -3458            15.38           0
        43        -3626        -3456           20.256           0
        44        -3609        -3464           24.217           0
        45        -3628        -3457           17.221           0
        46        -3630        -3458           22.436           0
        47        -3608        -3458           10.671           0
        48        -3618        -3465           29.265           0
        49        -3638        -3461           23.314           0
        50        -3616        -3454           19.812           0
        51        -3612        -3463           22.045           0
        52        -3620        -3463           23.721           0
        53        -3620        -3461           25.596           0
        54        -3618        -3458           16.893           0
        55        -3620        -3463           24.295           0
        56        -3606        -3465           29.105           0
        57        -3623        -3463           21.604           0
        58        -3629        -3458           31.509           0
        59        -3616        -3464           34.567           0
        60        -3630        -3455           18.233           0
        61        -3623        -3456           11.987           0
        62        -3623        -3460           11.267           0
        63        -3621        -3457             21.7           0
        64        -3621        -3458           17.051           0
        65        -3631        -3462           21.237           0
        66        -3619        -3459           13.518           0
        67        -3624        -3467           26.304           0
        68        -3629        -3466           24.385           0
        69        -3625        -3457           12.479           0
        70        -3618        -3456           16.368           0
        71        -3633        -3457           19.872           0
        72        -3626        -3458           13.235           0
        73        -3627        -3457           22.214           0
        74        -3622        -3456           20.003           0
        75        -3615        -3469           18.181           0
        76        -3616        -3459           14.183           0
        77        -3638        -3463           24.131           0
        78        -3619        -3463           22.074           0
        79        -3633        -3464           14.651           0
        80        -3635        -3464           29.923           0
        81        -3631        -3453           15.587           0
        82        -3595        -3462           25.414           0
        83        -3633        -3457           18.734           0
        84        -3638        -3458           13.921           0
        85        -3624        -3455           18.344           0
        86        -3613        -3461           21.398           0
        87        -3627        -3463           28.705           0
        88        -3626        -3462           21.086           0
        89        -3627        -3453           13.687           0
        90        -3632        -3458           17.359           0
        91        -3623        -3464           30.307           0
        92        -3620        -3463           22.397           0
        93        -3610        -3470           23.371           0
        94        -3622        -3461           27.873           0
        95        -3629        -3458           23.494           0
        96        -3621        -3456           23.144           0
        97        -3628        -3466           32.123           0
        98        -3633        -3466           25.704           0
        99        -3612        -3463           22.267           0
       100        -3617        -3462           21.075           0
Candidate 15 dropped.
- Failed test 1: Too close to 37 in parameter space.
Candidate 21 dropped.
- Failed test 1: Too close to 16 in parameter space.
Candidate 83 dropped.
- Failed test 1: Too close to 21 in parameter space.
Candidate 96 dropped.
- Failed test 1: Too close to 7 in parameter space.
Best candidate so far (LL=-3452.7)
             Value
asc_alt1_1  0.0285
asc_alt1_2  0.1726
asc_alt1_3 -0.3607
asc_alt1_4 -0.1394
asc_alt1_5  0.0006
asc_alt2_1  0.1883
asc_alt2_2 -0.0487
asc_alt2_3 -0.1584
asc_alt2_4  0.5028
asc_alt2_5  0.0649
asc_alt3_1  0.0000
asc_alt3_2  0.0000
asc_alt3_3  0.0000
asc_alt3_4  0.0000
asc_alt3_5  0.0000
b_x1_1      0.5495
b_x1_2      0.2579
b_x1_3      0.1655
b_x1_4      1.3982
b_x1_5      0.9512
b_x2_1      1.0937
b_x2_2      0.2985
b_x2_3      0.0212
b_x2_4      0.6783
b_x2_5      0.1292
b_x3_1      0.3337
b_x3_2      1.3443
b_x3_3      0.6077
b_x3_4      0.4777
b_x3_5     -0.0902
b_x4_1      0.5336
b_x4_2      0.4642
b_x4_3      1.2488
b_x4_4     -1.0684
b_x4_5      0.1725
b_price_1  -1.6512
b_price_2  -2.1302
b_price_3  -1.5001
b_price_4  -2.9169
b_price_5  -0.4167
delta_1     0.7783
delta_2     0.3673
delta_3     0.2283
delta_4    -0.8952
delta_5     0.0000

Stage 2, 96 active candidates.
Estimating 20 BFGS iteration(s) for each active candidate.
 Candidate......LLstart.....LLfinish.....GradientNorm...Converged
         1        -3458        -3451            9.325           0
         2        -3458        -3455            8.319           0
         3        -3453        -3451            3.742           0
         4        -3456        -3452             7.78           0
         5        -3455        -3451            5.036           0
         6        -3458        -3451            4.977           0
         7        -3454        -3451            3.047           0
         8        -3458        -3454            8.275           0
         9        -3458        -3451            4.172           0
        10        -3462        -3455           10.038           0
        11        -3458        -3455            2.167           0
        12        -3460        -3451            7.508           0
        13        -3460        -3456            2.211           0
        14        -3457        -3453           12.455           0
        16        -3453        -3451            3.417           0
        17        -3457        -3451            3.956           0
        18        -3457        -3453           11.562           0
        19        -3456        -3451            3.266           0
        20        -3454        -3451            4.838           0
        22        -3460        -3455            5.329           0
        23        -3461        -3453           11.716           0
        24        -3459        -3456            6.588           0
        25        -3457        -3454            8.588           0
        26        -3463        -3452           11.181           0
        27        -3453        -3451            2.709           0
        28        -3465        -3454           20.236           0
        29        -3469        -3458            16.53           0
        30        -3465        -3456            7.884           0
        31        -3463        -3451            5.666           0
        32        -3457        -3452            9.148           0
        33        -3466        -3453           10.103           0
        34        -3458        -3455            4.165           0
        35        -3470        -3452           10.891           0
        36        -3454        -3451            3.882           0
        37        -3456        -3452             9.58           0
        38        -3455        -3451            4.218           0
        39        -3459        -3455            6.371           0
        40        -3456        -3455            2.473           0
        41        -3458        -3451            5.662           0
        42        -3458        -3452             9.24           0
        43        -3456        -3451            5.649           0
        44        -3464        -3454           17.623           0
        45        -3457        -3452            8.844           0
        46        -3458        -3451            5.586           0
        47        -3458        -3455            4.043           0
        48        -3465        -3456             6.85           0
        49        -3461        -3451            6.833           0
        50        -3454        -3451            2.118           0
        51        -3463        -3452            7.385           0
        52        -3463        -3456            7.599           0
        53        -3461        -3452             12.8           0
        54        -3458        -3451            9.761           0
        55        -3463        -3452           10.146           0
        56        -3465        -3457            8.362           0
        57        -3463        -3452           10.653           0
        58        -3458        -3451            5.724           0
        59        -3464        -3457            3.766           0
        60        -3455        -3451            4.825           0
        61        -3456        -3452            12.86           0
        62        -3460        -3456            7.931           0
        63        -3457        -3451             5.65           0
        64        -3458        -3453            9.315           0
        65        -3462        -3451            8.219           0
        66        -3459        -3456            2.296           0
        67        -3467        -3453           13.735           0
        68        -3466        -3455            6.987           0
        69        -3457        -3453            9.719           0
        70        -3456        -3451            8.869           0
        71        -3457        -3451            5.648           0
        72        -3458        -3455            2.975           0
        73        -3457        -3451            8.184           0
        74        -3456        -3451            6.082           0
        75        -3469        -3458           11.778           0
        76        -3459        -3456            2.208           0
        77        -3463        -3456           19.462           0
        78        -3463        -3453           13.431           0
        79        -3464        -3455             5.58           0
        80        -3464        -3451            7.565           0
        81        -3453        -3451            3.058           0
        82        -3462        -3452           10.958           0
        84        -3458        -3454             6.48           0
        85        -3455        -3451            4.579           0
        86        -3461        -3455            2.972           0
        87        -3463        -3452           15.649           0
        88        -3462        -3457            8.933           0
        89        -3453        -3451            2.775           0
        90        -3458        -3452            9.137           0
        91        -3464        -3455            4.604           0
        92        -3463        -3456            4.995           0
        93        -3470        -3458            4.298           0
        94        -3461        -3451            7.868           0
        95        -3458        -3451            4.223           0
        97        -3466        -3455            5.116           0
        98        -3466        -3455            3.334           0
        99        -3463        -3457            8.437           0
       100        -3462        -3456            6.541           0
Candidate 1 dropped.
- Failed test 1: Too close to 5, 70, 85 in parameter space.
Candidate 6 dropped.
- Failed test 1: Too close to 38 in parameter space.
Candidate 7 dropped.
- Failed test 1: Too close to 81 in parameter space.
Candidate 9 dropped.
- Failed test 1: Too close to 7, 81 in parameter space.
Candidate 11 dropped.
- Failed test 1: Too close to 22 in parameter space.
Candidate 16 dropped.
- Failed test 1: Too close to 89 in parameter space.
Candidate 19 dropped.
- Failed test 1: Too close to 50 in parameter space.
Candidate 25 dropped.
- Failed test 1: Too close to 23 in parameter space.
Candidate 26 dropped.
- Failed test 1: Too close to 7, 9, 81 in parameter space.
Candidate 28 dropped.
- Failed test 1: Too close to 3 in parameter space.
Candidate 31 dropped.
- Failed test 1: Too close to 19, 43, 50 in parameter space.
Candidate 43 dropped.
- Failed test 1: Too close to 19, 50 in parameter space.
Candidate 46 dropped.
- Failed test 1: Too close to 17, 58 in parameter space.
Candidate 53 dropped.
- Failed test 1: Too close to 1, 5, 70, 85 in parameter space.
Candidate 55 dropped.
- Failed test 1: Too close to 19, 31, 43, 50 in parameter space.
Candidate 57 dropped.
- Failed test 1: Too close to 6, 82 in parameter space.
Candidate 58 dropped.
- Failed test 1: Too close to 17 in parameter space.
Candidate 60 dropped.
- Failed test 1: Too close to 16, 89 in parameter space.
Candidate 61 dropped.
- Failed test 1: Too close to 90 in parameter space.
Candidate 63 dropped.
- Failed test 1: Too close to 6, 38 in parameter space.
Candidate 64 dropped.
- Failed test 1: Too close to 14 in parameter space.
Candidate 67 dropped.
- Failed test 1: Too close to 1, 53, 70, 85 in parameter space.
Candidate 70 dropped.
- Failed test 1: Too close to 5, 85 in parameter space.
Candidate 71 dropped.
- Failed test 1: Too close to 20, 95 in parameter space.
Candidate 82 dropped.
- Failed test 1: Too close to 6, 38, 63 in parameter space.
Candidate 84 dropped.
- Failed test 1: Too close to 69 in parameter space.
Candidate 85 dropped.
- Failed test 1: Too close to 5 in parameter space.
Candidate 94 dropped.
- Failed test 1: Too close to 16, 60, 89 in parameter space.
Candidate 95 dropped.
- Failed test 1: Too close to 20 in parameter space.
Best candidate so far (LL=-3450.5)
             Value
asc_alt1_1  0.0986
asc_alt1_2 -0.3980
asc_alt1_3  0.0189
asc_alt1_4 -0.2704
asc_alt1_5  0.0507
asc_alt2_1 -0.0445
asc_alt2_2 -0.1168
asc_alt2_3  0.1678
asc_alt2_4  0.5514
asc_alt2_5  0.1371
asc_alt3_1  0.0000
asc_alt3_2  0.0000
asc_alt3_3  0.0000
asc_alt3_4  0.0000
asc_alt3_5  0.0000
b_x1_1      0.2864
b_x1_2      0.0925
b_x1_3      0.4429
b_x1_4      1.8292
b_x1_5      0.9315
b_x2_1      0.2577
b_x2_2      0.0442
b_x2_3      1.1936
b_x2_4      1.0773
b_x2_5      0.2507
b_x3_1      1.2766
b_x3_2      0.5505
b_x3_3      0.4115
b_x3_4      0.5782
b_x3_5     -0.0333
b_x4_1      0.4574
b_x4_2      1.3820
b_x4_3      0.5562
b_x4_4     -1.4389
b_x4_5      0.1579
b_price_1  -2.0593
b_price_2  -1.5784
b_price_3  -1.7653
b_price_4  -3.8474
b_price_5  -0.8142
delta_1     0.1519
delta_2    -0.3273
delta_3     0.2738
delta_4    -1.5827
delta_5     0.0000

Stage 3, 67 active candidates.
Estimating 20 BFGS iteration(s) for each active candidate.
 Candidate......LLstart.....LLfinish.....GradientNorm...Converged
         2        -3455        -3453            5.257           0
         3        -3451        -3450            0.343           0
         4        -3452        -3451            4.197           0
         5        -3451        -3450            0.561           0
         8        -3454        -3451            6.752           0
        10        -3455        -3453            6.095           0
        12        -3451        -3450            2.341           0
        13        -3456        -3456            1.568           0
        14        -3453        -3451            3.587           0
        17        -3451        -3450            0.848           0
        18        -3453        -3451            6.216           0
        20        -3451        -3450            0.443           0
        22        -3455        -3453           10.848           0
        23        -3453        -3451            3.127           0
        24        -3456        -3453           20.544           0
        27        -3451        -3450            0.442           0
        29        -3458        -3453            8.708           0
        30        -3456        -3454              3.5           0
        32        -3452        -3451            2.633           0
        33        -3453        -3451            4.126           0
        34        -3455        -3452           13.695           0
        35        -3452        -3450            1.401           0
        36        -3451        -3450            0.339           0
        37        -3452        -3451            2.225           0
        38        -3451        -3450            0.383           0
        39        -3455        -3452           12.561           0
        40        -3455        -3454            7.261           0
        41        -3451        -3450            0.635           0
        42        -3452        -3451            2.842           0
        44        -3454        -3451            3.192           0
        45        -3452        -3451            2.333           0
        47        -3455        -3455            1.413           0
        48        -3456        -3455            6.246           0
        49        -3451        -3450            1.131           0
        50        -3451        -3450            0.366           0
        51        -3452        -3451            2.988           0
        52        -3456        -3456            1.931           0
        54        -3451        -3450            1.283           0
        56        -3457        -3451            9.232           0
        59        -3457        -3454           21.666           0
        62        -3456        -3454            5.119           0
        65        -3451        -3450            1.468           0
        66        -3456        -3456            1.591           0
        68        -3455        -3455            2.245           0
        69        -3453        -3451            6.622           0
        72        -3455        -3454           10.009           0
        73        -3451        -3450            1.618           0
        74        -3451        -3450            0.746           0
        75        -3458        -3451             7.36           0
        76        -3456        -3456             2.47           0
        77        -3456        -3451            5.525           0
        78        -3453        -3451            2.839           0
        79        -3455        -3455            1.526           0
        80        -3451        -3450            1.513           0
        81        -3451        -3450            0.317           1
        86        -3455        -3453           11.246           0
        87        -3452        -3450             1.23           0
        88        -3457        -3454            5.582           0
        89        -3451        -3450             0.38           0
        90        -3452        -3450            2.099           0
        91        -3455        -3452            6.369           0
        92        -3456        -3456            0.497           0
        93        -3458        -3456            3.072           0
        97        -3455        -3453           15.885           0
        98        -3455        -3454            6.453           0
        99        -3457        -3456            2.622           0
       100        -3456        -3455            1.118           0
Candidate 4 dropped.
- Failed test 1: Too close to 81 in parameter space.
Candidate 14 dropped.
- Failed test 1: Too close to 65 in parameter space.
Candidate 18 dropped.
- Failed test 1: Too close to 54, 77 in parameter space.
Candidate 23 dropped.
- Failed test 1: Too close to 20, 78 in parameter space.
Candidate 32 dropped.
- Failed test 1: Too close to 3 in parameter space.
Candidate 33 dropped.
- Failed test 1: Too close to 35 in parameter space.
Candidate 42 dropped.
- Failed test 1: Too close to 27 in parameter space.
Candidate 45 dropped.
- Failed test 1: Too close to 44 in parameter space.
Candidate 51 dropped.
- Failed test 1: Too close to 12 in parameter space.
Candidate 56 dropped.
- Failed test 1: Too close to 18, 54, 77 in parameter space.
Candidate 69 dropped.
- Failed test 1: Too close to 5 in parameter space.
Candidate 75 dropped.
- Failed test 1: Too close to 37 in parameter space.
Candidate 77 dropped.
- Failed test 1: Too close to 54 in parameter space.
Candidate 78 dropped.
- Failed test 1: Too close to 20 in parameter space.
Candidate 90 dropped.
- Failed test 1: Too close to 41 in parameter space.
Best candidate so far (LL=-3450.5)
             Value
asc_alt1_1  0.0968
asc_alt1_2 -0.3971
asc_alt1_3  0.0072
asc_alt1_4 -0.3143
asc_alt1_5  0.0518
asc_alt2_1 -0.0518
asc_alt2_2 -0.0984
asc_alt2_3  0.1684
asc_alt2_4  0.5377
asc_alt2_5  0.1365
asc_alt3_1  0.0000
asc_alt3_2  0.0000
asc_alt3_3  0.0000
asc_alt3_4  0.0000
asc_alt3_5  0.0000
b_x1_1      0.2867
b_x1_2      0.0871
b_x1_3      0.4469
b_x1_4      1.8405
b_x1_5      0.9405
b_x2_1      0.2625
b_x2_2      0.0421
b_x2_3      1.1746
b_x2_4      1.0685
b_x2_5      0.2520
b_x3_1      1.2837
b_x3_2      0.5331
b_x3_3      0.4095
b_x3_4      0.6011
b_x3_5     -0.0241
b_x4_1      0.4672
b_x4_2      1.3975
b_x4_3      0.5528
b_x4_4     -1.4572
b_x4_5      0.1588
b_price_1  -2.0611
b_price_2  -1.6023
b_price_3  -1.7429
b_price_4  -3.8359
b_price_5  -0.8326
delta_1     0.1500
delta_2    -0.3527
delta_3     0.2734
delta_4    -1.6204
delta_5     0.0000

Stage 4, 52 active candidates.
Estimating 20 BFGS iteration(s) for each active candidate.
 Candidate......LLstart.....LLfinish.....GradientNorm...Converged
         2        -3453        -3453            2.165           0
         3        -3450        -3450            0.052           1
         5        -3450        -3450            0.199           1
         8        -3451        -3450            0.979           0
        10        -3453        -3452            3.365           0
        12        -3450        -3450            0.273           1
        13        -3456        -3456            0.905           0
        17        -3450        -3450            0.218           1
        20        -3450        -3450            0.165           1
        22        -3453        -3451             3.47           0
        24        -3453        -3451            2.365           0
        27        -3450        -3450            0.543           1
        29        -3453        -3451            4.177           0
        30        -3454        -3452           10.107           0
        34        -3452        -3451            2.784           0
        35        -3450        -3450            0.347           1
        36        -3450        -3450            0.091           1
        37        -3451        -3450            0.648           0
        38        -3450        -3450            0.117           1
        39        -3452        -3451            2.888           0
        40        -3454        -3451            4.003           0
        41        -3450        -3450            0.237           1
        44        -3451        -3450            0.543           0
        47        -3455        -3455            0.208           1
        48        -3455        -3455            0.864           0
        49        -3450        -3450            0.448           0
        50        -3450        -3450            0.258           1
        52        -3456        -3456            0.728           0
        54        -3450        -3450             0.27           1
        59        -3454        -3451            3.078           0
        62        -3454        -3451            6.993           0
        65        -3450        -3450            0.208           0
        66        -3456        -3456            0.248           0
        68        -3455        -3455            0.749           0
        72        -3454        -3451            5.396           0
        73        -3450        -3450            0.083           1
        74        -3450        -3450            0.262           1
        76        -3456        -3456            0.338           0
        79        -3455        -3455            0.272           0
        80        -3450        -3450            0.087           0
        81        -3450        -3450                0           1
        86        -3453        -3451            2.484           0
        87        -3450        -3450            0.049           1
        88        -3454        -3451            6.064           0
        89        -3450        -3450            0.058           1
        91        -3452        -3451            2.908           0
        92        -3456        -3456            0.629           1
        93        -3456        -3456            1.526           0
        97        -3453        -3451            3.655           0
        98        -3454        -3451            5.081           0
        99        -3456        -3456            2.216           0
       100        -3455        -3455            2.113           0
Candidate 13 dropped.
- Failed test 2: Converging to a worse solution than81
Candidate 29 dropped.
- Failed test 1: Too close to 20 in parameter space.
Candidate 34 dropped.
- Failed test 1: Too close to 5 in parameter space.
Candidate 39 dropped.
- Failed test 1: Too close to 17 in parameter space.
Candidate 40 dropped.
- Failed test 1: Too close to 41, 97 in parameter space.
Candidate 48 dropped.
- Failed test 2: Converging to a worse solution than81
Candidate 52 dropped.
- Failed test 2: Converging to a worse solution than81
Candidate 62 dropped.
- Failed test 1: Too close to 38 in parameter space.
Candidate 66 dropped.
- Failed test 2: Converging to a worse solution than81
Candidate 68 dropped.
- Failed test 2: Converging to a worse solution than81
Candidate 72 dropped.
- Failed test 1: Too close to 89, 91 in parameter space.
Candidate 76 dropped.
- Failed test 2: Converging to a worse solution than81
Candidate 79 dropped.
- Failed test 2: Converging to a worse solution than81
Candidate 86 dropped.
- Failed test 1: Too close to 65 in parameter space.
Candidate 88 dropped.
- Failed test 1: Too close to 27 in parameter space.
Candidate 91 dropped.
- Failed test 1: Too close to 89 in parameter space.
Candidate 93 dropped.
- Failed test 2: Converging to a worse solution than81
Candidate 97 dropped.
- Failed test 1: Too close to 41 in parameter space.
Candidate 98 dropped.
- Failed test 1: Too close to 50 in parameter space.
Candidate 99 dropped.
- Failed test 2: Converging to a worse solution than81
Candidate 100 dropped.
- Failed test 2: Converging to a worse solution than81
Best candidate so far (LL=-3450.5)
             Value
asc_alt1_1  0.0070
asc_alt1_2 -0.3983
asc_alt1_3 -0.3167
asc_alt1_4  0.0988
asc_alt1_5  0.0510
asc_alt2_1  0.1700
asc_alt2_2 -0.1017
asc_alt2_3  0.5361
asc_alt2_4 -0.0504
asc_alt2_5  0.1359
asc_alt3_1  0.0000
asc_alt3_2  0.0000
asc_alt3_3  0.0000
asc_alt3_4  0.0000
asc_alt3_5  0.0000
b_x1_1      0.4460
b_x1_2      0.0879
b_x1_3      1.8418
b_x1_4      0.2872
b_x1_5      0.9418
b_x2_1      1.1718
b_x2_2      0.0391
b_x2_3      1.0686
b_x2_4      0.2638
b_x2_5      0.2525
b_x3_1      0.4083
b_x3_2      0.5367
b_x3_3      0.6026
b_x3_4      1.2853
b_x3_5     -0.0242
b_x4_1      0.5533
b_x4_2      1.3954
b_x4_3     -1.4588
b_x4_4      0.4668
b_x4_5      0.1584
b_price_1  -1.7407
b_price_2  -1.6034
b_price_3  -3.8409
b_price_4  -2.0634
b_price_5  -0.8330
delta_1     0.2774
delta_2    -0.3502
delta_3    -1.6194
delta_4     0.1482
delta_5     0.0000

Stage 5, 13 active candidates.
Estimating 20 BFGS iteration(s) for each active candidate.
 Candidate......LLstart.....LLfinish.....GradientNorm...Converged
         2        -3453        -3453            1.192           0
         8        -3450        -3450            0.185           1
        10        -3452        -3452             1.78           0
        22        -3451        -3450            0.768           0
        24        -3451        -3450            0.554           0
        30        -3452        -3451            2.435           0
        37        -3450        -3450            0.375           1
        44        -3450        -3450            0.224           1
        49        -3450        -3450            0.059           1
        59        -3451        -3450            0.338           0
        65        -3450        -3450            0.101           1
        73        -3450        -3450                0           1
        80        -3450        -3450            0.071           1
Best candidate so far (LL=-3450.5)
             Value
asc_alt1_1  0.0968
asc_alt1_2  0.0507
asc_alt1_3  0.0071
asc_alt1_4 -0.3169
asc_alt1_5 -0.3967
asc_alt2_1 -0.0517
asc_alt2_2  0.1361
asc_alt2_3  0.1700
asc_alt2_4  0.5368
asc_alt2_5 -0.0983
asc_alt3_1  0.0000
asc_alt3_2  0.0000
asc_alt3_3  0.0000
asc_alt3_4  0.0000
asc_alt3_5  0.0000
b_x1_1      0.2871
b_x1_2      0.9416
b_x1_3      0.4465
b_x1_4      1.8422
b_x1_5      0.0872
b_x2_1      0.2621
b_x2_2      0.2525
b_x2_3      1.1728
b_x2_4      1.0690
b_x2_5      0.0426
b_x3_1      1.2838
b_x3_2     -0.0247
b_x3_3      0.4087
b_x3_4      0.6032
b_x3_5      0.5331
b_x4_1      0.4680
b_x4_2      0.1584
b_x4_3      0.5516
b_x4_4     -1.4593
b_x4_5      1.3976
b_price_1  -2.0614
b_price_2  -0.8313
b_price_3  -1.7433
b_price_4  -3.8409
b_price_5  -1.6013
delta_1     0.5031
delta_2     0.3513
delta_3     0.6279
delta_4    -1.2677
delta_5     0.0000
Several observations per individual detected based on the value of ID.
  Setting panelData in apollo_control set to TRUE.
With setting noValidation=TRUE in apollo_control, your model code will
  not be validated prior to estimation. This may of course be
  deliberate for large models or models with many components.
All checks on apollo_control completed.
All checks on database completed.
INFORMATION: The use of apollo_lcEM has a number of requirements. No checks are run
  for these, so the user needs to ensure these conditions are met by
  their model: 
1: This function is only suitable for single component models, i.e. no
  use of apollo_combineModels or manual multiplication of model
  components.
2: Any parameters that vary across classes need to be included in the
  definition of random parameters in apollo_lcPars.
3: The entries in the lists in apollo_lcPars need to be individual
  parameters, not functions thereof.

Validating inputs of likelihood function (apollo_probabilities)

Initialising EM algorithm
Starting iteration: 1
- Current LL : -3621.117
- New LL     : -3514.797
- Improvement: 106.3207

Starting iteration: 2
- Current LL : -3514.797
- New LL     : -3511.379
- Improvement: 3.417978

Starting iteration: 3
- Current LL : -3511.379
- New LL     : -3507.099
- Improvement: 4.279391

Starting iteration: 4
- Current LL : -3507.099
- New LL     : -3502.001
- Improvement: 5.097798

Starting iteration: 5
- Current LL : -3502.001
- New LL     : -3496.643
- Improvement: 5.358781

Starting iteration: 6
- Current LL : -3496.643
- New LL     : -3491.565
- Improvement: 5.077806

Starting iteration: 7
- Current LL : -3491.565
- New LL     : -3486.941
- Improvement: 4.623589

Starting iteration: 8
- Current LL : -3486.941
- New LL     : -3482.699
- Improvement: 4.241863

Starting iteration: 9
- Current LL : -3482.699
- New LL     : -3478.817
- Improvement: 3.882493

Starting iteration: 10
- Current LL : -3478.817
- New LL     : -3475.522
- Improvement: 3.294589

Starting iteration: 11
- Current LL : -3475.522
- New LL     : -3473.029
- Improvement: 2.493812

Starting iteration: 12
- Current LL : -3473.029
- New LL     : -3471.102
- Improvement: 1.926881

Starting iteration: 13
- Current LL : -3471.102
- New LL     : -3469.232
- Improvement: 1.869426

Starting iteration: 14
- Current LL : -3469.232
- New LL     : -3467.073
- Improvement: 2.159065

Starting iteration: 15
- Current LL : -3467.073
- New LL     : -3464.68
- Improvement: 2.392909

Starting iteration: 16
- Current LL : -3464.68
- New LL     : -3462.476
- Improvement: 2.204058

Starting iteration: 17
- Current LL : -3462.476
- New LL     : -3460.853
- Improvement: 1.622967

Starting iteration: 18
- Current LL : -3460.853
- New LL     : -3459.831
- Improvement: 1.022216

Starting iteration: 19
- Current LL : -3459.831
- New LL     : -3459.191
- Improvement: 0.6395581

Starting iteration: 20
- Current LL : -3459.191
- New LL     : -3458.735
- Improvement: 0.4566082

Starting iteration: 21
- Current LL : -3458.735
- New LL     : -3458.353
- Improvement: 0.3819215

Starting iteration: 22
- Current LL : -3458.353
- New LL     : -3458
- Improvement: 0.3524966

Starting iteration: 23
- Current LL : -3458
- New LL     : -3457.66
- Improvement: 0.3406009

Starting iteration: 24
- Current LL : -3457.66
- New LL     : -3457.326
- Improvement: 0.3335915

Starting iteration: 25
- Current LL : -3457.326
- New LL     : -3456.998
- Improvement: 0.3280034

Starting iteration: 26
- Current LL : -3456.998
- New LL     : -3456.677
- Improvement: 0.3208745

Starting iteration: 27
- Current LL : -3456.677
- New LL     : -3456.364
- Improvement: 0.3130724

Starting iteration: 28
- Current LL : -3456.364
- New LL     : -3456.06
- Improvement: 0.3041792

Starting iteration: 29
- Current LL : -3456.06
- New LL     : -3455.766
- Improvement: 0.2943531

Starting iteration: 30
- Current LL : -3455.766
- New LL     : -3455.486
- Improvement: 0.2801444

Starting iteration: 31
- Current LL : -3455.486
- New LL     : -3455.224
- Improvement: 0.2613283

Starting iteration: 32
- Current LL : -3455.224
- New LL     : -3454.983
- Improvement: 0.2417587

Starting iteration: 33
- Current LL : -3454.983
- New LL     : -3454.762
- Improvement: 0.2207382

Starting iteration: 34
- Current LL : -3454.762
- New LL     : -3454.562
- Improvement: 0.2002698

Starting iteration: 35
- Current LL : -3454.562
- New LL     : -3454.379
- Improvement: 0.1823821

Starting iteration: 36
- Current LL : -3454.379
- New LL     : -3454.212
- Improvement: 0.1673469

Starting iteration: 37
- Current LL : -3454.212
- New LL     : -3454.056
- Improvement: 0.1560125

Starting iteration: 38
- Current LL : -3454.056
- New LL     : -3453.908
- Improvement: 0.1473225

Starting iteration: 39
- Current LL : -3453.908
- New LL     : -3453.768
- Improvement: 0.1402607

Starting iteration: 40
- Current LL : -3453.768
- New LL     : -3453.633
- Improvement: 0.1351383

Starting iteration: 41
- Current LL : -3453.633
- New LL     : -3453.502
- Improvement: 0.1313386

Starting iteration: 42
- Current LL : -3453.502
- New LL     : -3453.373
- Improvement: 0.1282553

Starting iteration: 43
- Current LL : -3453.373
- New LL     : -3453.247
- Improvement: 0.1262095

Starting iteration: 44
- Current LL : -3453.247
- New LL     : -3453.122
- Improvement: 0.1252059

Starting iteration: 45
- Current LL : -3453.122
- New LL     : -3452.998
- Improvement: 0.1243497

Starting iteration: 46
- Current LL : -3452.998
- New LL     : -3452.874
- Improvement: 0.1234371

Starting iteration: 47
- Current LL : -3452.874
- New LL     : -3452.751
- Improvement: 0.1237495

Starting iteration: 48
- Current LL : -3452.751
- New LL     : -3452.627
- Improvement: 0.1238197

Starting iteration: 49
- Current LL : -3452.627
- New LL     : -3452.503
- Improvement: 0.1235375

Starting iteration: 50
- Current LL : -3452.503
- New LL     : -3452.379
- Improvement: 0.1240298

Starting iteration: 51
- Current LL : -3452.379
- New LL     : -3452.255
- Improvement: 0.1237054

Starting iteration: 52
- Current LL : -3452.255
- New LL     : -3452.132
- Improvement: 0.1233961

Starting iteration: 53
- Current LL : -3452.132
- New LL     : -3452.009
- Improvement: 0.123019

Starting iteration: 54
- Current LL : -3452.009
- New LL     : -3451.887
- Improvement: 0.1216217

Starting iteration: 55
- Current LL : -3451.887
- New LL     : -3451.768
- Improvement: 0.1192012

Starting iteration: 56
- Current LL : -3451.768
- New LL     : -3451.651
- Improvement: 0.1170867

Starting iteration: 57
- Current LL : -3451.651
- New LL     : -3451.537
- Improvement: 0.1135885

Starting iteration: 58
- Current LL : -3451.537
- New LL     : -3451.428
- Improvement: 0.109304

Starting iteration: 59
- Current LL : -3451.428
- New LL     : -3451.324
- Improvement: 0.1044609

Starting iteration: 60
- Current LL : -3451.324
- New LL     : -3451.225
- Improvement: 0.09832216

Starting iteration: 61
- Current LL : -3451.225
- New LL     : -3451.134
- Improvement: 0.09183378

Starting iteration: 62
- Current LL : -3451.134
- New LL     : -3451.049
- Improvement: 0.08470835

Starting iteration: 63
- Current LL : -3451.049
- New LL     : -3450.971
- Improvement: 0.0776366

Starting iteration: 64
- Current LL : -3450.971
- New LL     : -3450.901
- Improvement: 0.07006907

Starting iteration: 65
- Current LL : -3450.901
- New LL     : -3450.838
- Improvement: 0.06276255

Starting iteration: 66
- Current LL : -3450.838
- New LL     : -3450.783
- Improvement: 0.05561811

Starting iteration: 67
- Current LL : -3450.783
- New LL     : -3450.734
- Improvement: 0.04849199

Starting iteration: 68
- Current LL : -3450.734
- New LL     : -3450.692
- Improvement: 0.04218963

Starting iteration: 69
- Current LL : -3450.692
- New LL     : -3450.656
- Improvement: 0.03602109

Starting iteration: 70
- Current LL : -3450.656
- New LL     : -3450.625
- Improvement: 0.03071945

Starting iteration: 71
- Current LL : -3450.625
- New LL     : -3450.599
- Improvement: 0.026038

Starting iteration: 72
- Current LL : -3450.599
- New LL     : -3450.577
- Improvement: 0.02192154

Starting iteration: 73
- Current LL : -3450.577
- New LL     : -3450.559
- Improvement: 0.01826168

Starting iteration: 74
- Current LL : -3450.559
- New LL     : -3450.544
- Improvement: 0.01532863

Starting iteration: 75
- Current LL : -3450.544
- New LL     : -3450.531
- Improvement: 0.01278004

Starting iteration: 76
- Current LL : -3450.531
- New LL     : -3450.52
- Improvement: 0.01061381

Starting iteration: 77
- Current LL : -3450.52
- New LL     : -3450.512
- Improvement: 0.008913685

Starting iteration: 78
- Current LL : -3450.512
- New LL     : -3450.504
- Improvement: 0.007587663

Starting iteration: 79
- Current LL : -3450.504
- New LL     : -3450.498
- Improvement: 0.00630779

Starting iteration: 80
- Current LL : -3450.498
- New LL     : -3450.492
- Improvement: 0.005443961

Starting iteration: 81
- Current LL : -3450.492
- New LL     : -3450.488
- Improvement: 0.004608977

Starting iteration: 82
- Current LL : -3450.488
- New LL     : -3450.484
- Improvement: 0.003866359

Starting iteration: 83
- Current LL : -3450.484
- New LL     : -3450.48
- Improvement: 0.003354096

Starting iteration: 84
- Current LL : -3450.48
- New LL     : -3450.477
- Improvement: 0.003017081

Starting iteration: 85
- Current LL : -3450.477
- New LL     : -3450.475
- Improvement: 0.002551986

Starting iteration: 86
- Current LL : -3450.475
- New LL     : -3450.472
- Improvement: 0.002301119

Starting iteration: 87
- Current LL : -3450.472
- New LL     : -3450.471
- Improvement: 0.001935595

Starting iteration: 88
- Current LL : -3450.471
- New LL     : -3450.469
- Improvement: 0.00174373

Starting iteration: 89
- Current LL : -3450.469
- New LL     : -3450.467
- Improvement: 0.001567987

Starting iteration: 90
- Current LL : -3450.467
- New LL     : -3450.466
- Improvement: 0.001401708

Starting iteration: 91
- Current LL : -3450.466
- New LL     : -3450.464
- Improvement: 0.001344966

Starting iteration: 92
- Current LL : -3450.464
- New LL     : -3450.463
- Improvement: 0.001144928

Starting iteration: 93
- Current LL : -3450.463
- New LL     : -3450.462
- Improvement: 0.001048508

Starting iteration: 94
- Current LL : -3450.462
- New LL     : -3450.461
- Improvement: 0.0009306442

Starting iteration: 95
- Current LL : -3450.461
- New LL     : -3450.461
- Improvement: 0.0007247237

Starting iteration: 96
- Current LL : -3450.461
- New LL     : -3450.46
- Improvement: 0.0007575131

Starting iteration: 97
- Current LL : -3450.46
- New LL     : -3450.459
- Improvement: 0.0006347778

Starting iteration: 98
- Current LL : -3450.459
- New LL     : -3450.459
- Improvement: 0.0006639667

Starting iteration: 99
- Current LL : -3450.459
- New LL     : -3450.458
- Improvement: 0.0005642981

Starting iteration: 100
- Current LL : -3450.458
- New LL     : -3450.457
- Improvement: 0.0005635599

EM algorithm stopped: maximum number of iterations reached!
No covariance matrix will be computed as convergence has not been
  reached. You may call apollo_addCovariance(model,apollo_inputs) to
  compute a covariance matrix at the current estimates.
[04:53:54]   done hard|seed4 : gaps  klue_ml=+0.00  klue_em=-0.00  apollo_searchStart=-0.00  apollo_lcEM=-0.01  gmnl_lc=-0.00  apollo_ss_published=-0.00
[04:53:54] RUN  hard|seed5  (K=5 kap=0.50 sig=0.30 corr=none)  arms: apollo_searchStart, apollo_lcEM
Several observations per individual detected based on the value of ID.
  Setting panelData in apollo_control set to TRUE.
All checks on apollo_control completed.
All checks on database completed.
Testing probability function (apollo_probabilities)
Apollo found a model component of type classAlloc without a
  componentName. The name was set to "classAlloc" by default.
INFORMATION: Setting "avail" is missing, so full availability is assumed. 
Apollo found a model component of type MNL without a componentName. The
  name was set to "Class_1" by default.
Apollo found a model component of type MNL without a componentName. The
  name was set to "Class_2" by default.
Apollo found a model component of type MNL without a componentName. The
  name was set to "Class_3" by default.
Apollo found a model component of type MNL without a componentName. The
  name was set to "Class_4" by default.
Apollo found a model component of type MNL without a componentName. The
  name was set to "Class_5" by default.
Pre-processing likelihood function...
INFORMATION: Apollo was not able to compute analytical gradients for your model.
  This could be because you are using model components for which
  analytical gradients are not yet implemented, or because you coded
  your own model functions. If however you only used apollo_mnl,
  apollo_fmnl, apollo_normalDensity, apollo_ol or apollo_op, then there
  could be another issue. You might want to ask for help in the Apollo
  forum (http://www.apollochoicemodelling.com/forum) on how to solve
  this issue. If you do, please post your code and data (if not
  confidential). 
Creating initial set of 100 candidate values.
Calculating LL of candidates 0%....50%.....100%

Stage 1, 100 active candidates.
Estimating 20 BFGS iteration(s) for each active candidate.
 Candidate......LLstart.....LLfinish.....GradientNorm...Converged
         1        -3670        -3535           41.179           0
         2        -3667        -3533           18.322           0
         3        -3673        -3531           16.968           0
         4        -3681        -3532           20.965           0
         5        -3679        -3530           13.062           0
         6        -3673        -3533           15.097           0
         7        -3668        -3533           13.033           0
         8        -3674        -3530            9.941           0
         9        -3668        -3532           18.911           0
        10        -3674        -3537           27.608           0
        11        -3661        -3532            14.59           0
        12        -3667        -3533           18.461           0
        13        -3659        -3539           20.256           0
        14        -3668        -3535           21.416           0
        15        -3671        -3535           18.766           0
        16        -3678        -3533            21.92           0
        17        -3669        -3529            21.79           0
        18        -3676        -3530           16.979           0
        19        -3675        -3532           11.993           0
        20        -3678        -3530           29.578           0
        21        -3664        -3530           15.283           0
        22        -3684        -3534           18.363           0
        23        -3663        -3529           10.168           0
        24        -3667        -3531            9.931           0
        25        -3671        -3531           15.134           0
        26        -3678        -3531           15.167           0
        27        -3664        -3530           18.437           0
        28        -3674        -3531           20.347           0
        29        -3666        -3531           19.071           0
        30        -3667        -3532            15.41           0
        31        -3669        -3537           34.291           0
        32        -3671        -3530           16.504           0
        33        -3672        -3533           21.723           0
        34        -3679        -3530           18.292           0
        35        -3660        -3533           36.254           0
        36        -3675        -3533           13.811           0
        37        -3657        -3534           11.126           0
        38        -3671        -3532            23.81           0
        39        -3663        -3532           13.557           0
        40        -3682        -3529           16.923           0
        41        -3663        -3533           13.712           0
        42        -3679        -3530           17.216           0
        43        -3677        -3532           17.739           0
        44        -3659        -3536           19.818           0
        45        -3678        -3530           12.564           0
        46        -3679        -3530           11.489           0
        47        -3656        -3530           11.546           0
        48        -3666        -3533           18.922           0
        49        -3689        -3533           18.172           0
        50        -3667        -3531            9.629           0
        51        -3663        -3534           17.305           0
        52        -3669        -3533            17.79           0
        53        -3670        -3533           21.311           0
        54        -3667        -3532           13.418           0
        55        -3669        -3535           25.574           0
        56        -3659        -3534           22.816           0
        57        -3676        -3533           20.494           0
        58        -3678        -3538           28.967           0
        59        -3665        -3532           14.081           0
        60        -3679        -3531           18.829           0
        61        -3674        -3530           17.903           0
        62        -3671        -3534           22.377           0
        63        -3673        -3532           15.188           0
        64        -3669        -3538            24.42           0
        65        -3680        -3539           30.654           0
        66        -3668        -3537           27.486           0
        67        -3675        -3534           21.054           0
        68        -3677        -3529           17.294           0
        69        -3672        -3535           13.368           0
        70        -3668        -3530           24.063           0
        71        -3680        -3530           18.402           0
        72        -3672        -3530           17.202           0
        73        -3678        -3529           13.314           0
        74        -3670        -3532           13.664           0
        75        -3664        -3532            9.618           0
        76        -3666        -3536           18.347           0
        77        -3688        -3538           21.515           0
        78        -3670        -3531            20.61           0
        79        -3682        -3532           25.879           0
        80        -3683        -3533           24.595           0
        81        -3680        -3537           26.707           0
        82        -3647        -3531           18.206           0
        83        -3683        -3531           15.346           0
        84        -3681        -3528           14.789           0
        85        -3671        -3538           24.707           0
        86        -3665        -3530            14.65           0
        87        -3676        -3530           10.362           0
        88        -3675        -3529           16.683           0
        89        -3675        -3531           15.966           0
        90        -3680        -3534             25.9           0
        91        -3672        -3534           22.304           0
        92        -3670        -3532           23.616           0
        93        -3659        -3534           12.273           0
        94        -3670        -3532           21.165           0
        95        -3678        -3535           16.987           0
        96        -3672        -3534           21.723           0
        97        -3676        -3533            25.56           0
        98        -3679        -3533           22.775           0
        99        -3663        -3532           30.296           0
       100        -3664        -3534            20.94           0
Candidate 22 dropped.
- Failed test 1: Too close to 50 in parameter space.
Best candidate so far (LL=-3528)
             Value
asc_alt1_1 -0.0471
asc_alt1_2  0.4118
asc_alt1_3 -0.2472
asc_alt1_4  0.2561
asc_alt1_5 -0.0853
asc_alt2_1 -0.1134
asc_alt2_2  0.3928
asc_alt2_3 -0.0854
asc_alt2_4  0.1853
asc_alt2_5 -0.2575
asc_alt3_1  0.0000
asc_alt3_2  0.0000
asc_alt3_3  0.0000
asc_alt3_4  0.0000
asc_alt3_5  0.0000
b_x1_1      0.6547
b_x1_2      0.0361
b_x1_3     -0.1310
b_x1_4      0.9823
b_x1_5      0.3332
b_x2_1      0.8943
b_x2_2      1.0329
b_x2_3     -0.1277
b_x2_4      0.0736
b_x2_5     -0.0306
b_x3_1      0.4906
b_x3_2      0.6307
b_x3_3      0.6772
b_x3_4      0.5479
b_x3_5     -0.3987
b_x4_1      0.1793
b_x4_2      1.1970
b_x4_3      0.9599
b_x4_4      0.5798
b_x4_5      0.0264
b_price_1  -1.8204
b_price_2  -2.5515
b_price_3  -1.1666
b_price_4   0.5054
b_price_5  -1.5087
delta_1     1.6191
delta_2     0.5155
delta_3     0.8500
delta_4     0.3861
delta_5     0.0000

Stage 2, 99 active candidates.
Estimating 20 BFGS iteration(s) for each active candidate.
 Candidate......LLstart.....LLfinish.....GradientNorm...Converged
         1        -3535        -3525            6.324           0
         2        -3533        -3527            5.679           0
         3        -3531        -3524            7.955           0
         4        -3532        -3526           11.577           0
         5        -3530        -3526            7.833           0
         6        -3533        -3528            9.564           0
         7        -3533        -3528           10.911           0
         8        -3530        -3528            6.134           0
         9        -3532        -3527             4.74           0
        10        -3537        -3526            5.353           0
        11        -3532        -3528           11.083           0
        12        -3533        -3526           13.661           0
        13        -3539        -3532           13.603           0
        14        -3535        -3528           14.231           0
        15        -3535        -3527           14.799           0
        16        -3533        -3525            6.019           0
        17        -3529        -3525            6.599           0
        18        -3530        -3527            1.557           0
        19        -3532        -3530             1.94           0
        20        -3530        -3525            4.221           0
        21        -3530        -3526            6.912           0
        23        -3529        -3526            5.938           0
        24        -3531        -3527            6.034           0
        25        -3531        -3526            9.129           0
        26        -3531        -3527            4.911           0
        27        -3530        -3526              9.4           0
        28        -3531        -3525            5.416           0
        29        -3531        -3525            7.819           0
        30        -3532        -3523           11.613           0
        31        -3537        -3527            8.681           0
        32        -3530        -3527            5.208           0
        33        -3533        -3526            7.036           0
        34        -3530        -3526            8.666           0
        35        -3533        -3527            3.142           0
        36        -3533        -3525           15.675           0
        37        -3534        -3527           12.301           0
        38        -3532        -3527            4.062           0
        39        -3532        -3527            6.404           0
        40        -3529        -3525            6.385           0
        41        -3533        -3530            5.363           0
        42        -3530        -3525            8.353           0
        43        -3532        -3529            2.809           0
        44        -3536        -3529            3.559           0
        45        -3530        -3526            3.491           0
        46        -3530        -3527            6.777           0
        47        -3530        -3525           15.452           0
        48        -3533        -3529            4.622           0
        49        -3533        -3526           10.905           0
        50        -3531        -3528            7.559           0
        51        -3534        -3529            5.868           0
        52        -3533        -3528           13.597           0
        53        -3533        -3526            9.276           0
        54        -3532        -3527            9.908           0
        55        -3535        -3525           12.468           0
        56        -3534        -3526            9.568           0
        57        -3533        -3527            7.167           0
        58        -3538        -3533            7.078           0
        59        -3532        -3525           10.428           0
        60        -3531        -3527            6.398           0
        61        -3530        -3525            5.154           0
        62        -3534        -3526            5.808           0
        63        -3532        -3527            10.73           0
        64        -3538        -3528           14.715           0
        65        -3539        -3529            6.613           0
        66        -3537        -3527            14.22           0
        67        -3534        -3529            4.104           0
        68        -3529        -3525            6.187           0
        69        -3535        -3529            6.035           0
        70        -3530        -3522           11.951           0
        71        -3530        -3525            5.919           0
        72        -3530        -3527            4.937           0
        73        -3529        -3525            9.457           0
        74        -3532        -3526            9.458           0
        75        -3532        -3528             7.67           0
        76        -3536        -3531           15.573           0
        77        -3538        -3530           16.481           0
        78        -3531        -3525            4.935           0
        79        -3532        -3524            8.809           0
        80        -3533        -3527            5.049           0
        81        -3537        -3530           13.042           0
        82        -3531        -3524            7.361           0
        83        -3531        -3527           14.173           0
        84        -3528        -3525            4.119           0
        85        -3538        -3527            17.21           0
        86        -3530        -3525            5.916           0
        87        -3530        -3525           12.469           0
        88        -3529        -3522            12.65           0
        89        -3531        -3527            4.608           0
        90        -3534        -3525            7.917           0
        91        -3534        -3527           11.679           0
        92        -3532        -3527            8.073           0
        93        -3534        -3529           13.807           0
        94        -3532        -3526            9.283           0
        95        -3535        -3527           12.036           0
        96        -3534        -3525           17.134           0
        97        -3533        -3524            7.252           0
        98        -3533        -3529            2.566           0
        99        -3532        -3527            7.382           0
       100        -3534        -3526            13.63           0
Candidate 1 dropped.
- Failed test 1: Too close to 20, 86 in parameter space.
Candidate 4 dropped.
- Failed test 1: Too close to 17, 40, 61, 71 in parameter space.
Candidate 10 dropped.
- Failed test 1: Too close to 1, 20, 86 in parameter space.
Candidate 11 dropped.
- Failed test 1: Too close to 39, 46 in parameter space.
Candidate 17 dropped.
- Failed test 1: Too close to 40, 61, 71 in parameter space.
Candidate 25 dropped.
- Failed test 1: Too close to 4, 17, 40, 61, 71 in parameter space.
Candidate 29 dropped.
- Failed test 1: Too close to 78 in parameter space.
Candidate 30 dropped.
- Failed test 1: Too close to 70 in parameter space.
Candidate 34 dropped.
- Failed test 1: Too close to 28, 68 in parameter space.
Candidate 37 dropped.
- Failed test 1: Too close to 99 in parameter space.
Candidate 40 dropped.
- Failed test 1: Too close to 61, 71 in parameter space.
Candidate 46 dropped.
- Failed test 1: Too close to 39 in parameter space.
Candidate 49 dropped.
- Failed test 1: Too close to 90 in parameter space.
Candidate 54 dropped.
- Failed test 1: Too close to 23 in parameter space.
Candidate 68 dropped.
- Failed test 1: Too close to 28 in parameter space.
Candidate 71 dropped.
- Failed test 1: Too close to 61 in parameter space.
Candidate 86 dropped.
- Failed test 1: Too close to 20 in parameter space.
Candidate 95 dropped.
- Failed test 1: Too close to 1, 10, 20, 86 in parameter space.
Best candidate so far (LL=-3522.4)
             Value
asc_alt1_1  0.6601
asc_alt1_2  0.0026
asc_alt1_3 -0.5520
asc_alt1_4 -0.1903
asc_alt1_5  0.5422
asc_alt2_1  0.5763
asc_alt2_2 -0.0868
asc_alt2_3 -1.2420
asc_alt2_4  0.0521
asc_alt2_5  0.4083
asc_alt3_1  0.0000
asc_alt3_2  0.0000
asc_alt3_3  0.0000
asc_alt3_4  0.0000
asc_alt3_5  0.0000
b_x1_1      0.0893
b_x1_2      0.5942
b_x1_3     -0.2427
b_x1_4     -0.0346
b_x1_5      1.2692
b_x2_1      1.2777
b_x2_2      0.7378
b_x2_3      0.7512
b_x2_4     -0.1958
b_x2_5      0.0423
b_x3_1      1.1261
b_x3_2      0.3485
b_x3_3      0.0228
b_x3_4      0.5390
b_x3_5      0.8156
b_x4_1      1.4213
b_x4_2      0.1844
b_x4_3      3.4048
b_x4_4      0.7258
b_x4_5      0.4895
b_price_1  -3.4742
b_price_2  -1.6549
b_price_3   0.2480
b_price_4  -1.1649
b_price_5   0.9049
delta_1     0.3719
delta_2     2.0821
delta_3    -1.0875
delta_4     1.1551
delta_5     0.0000

Stage 3, 81 active candidates.
Estimating 20 BFGS iteration(s) for each active candidate.
 Candidate......LLstart.....LLfinish.....GradientNorm...Converged
         2        -3527        -3524           10.842           0
         3        -3524        -3522            8.991           0
         5        -3526        -3525            2.181           0
         6        -3528        -3523           11.968           0
         7        -3528        -3526            8.621           0
         8        -3528        -3524           16.694           0
         9        -3527        -3527              2.9           0
        12        -3526        -3522            9.764           0
        13        -3532        -3529            6.192           0
        14        -3528        -3526           11.865           0
        15        -3527        -3525            3.236           0
        16        -3525        -3523           11.656           0
        18        -3527        -3526            8.619           0
        19        -3530        -3529           13.064           0
        20        -3525        -3525            0.653           0
        21        -3526        -3525            0.871           0
        23        -3526        -3526            6.876           0
        24        -3527        -3525            3.699           0
        26        -3527        -3526           14.263           0
        27        -3526        -3524            7.012           0
        28        -3525        -3525            1.861           0
        31        -3527        -3525            5.217           0
        32        -3527        -3526            0.643           0
        33        -3526        -3525            2.267           0
        35        -3527        -3526            9.147           0
        36        -3525        -3522            5.621           0
        38        -3527        -3526            3.489           0
        39        -3527        -3526             2.44           0
        41        -3530        -3528           16.227           0
        42        -3525        -3523           11.139           0
        43        -3529        -3527            8.927           0
        44        -3529        -3528            7.692           0
        45        -3526        -3526            0.375           0
        47        -3525        -3522            3.181           0
        48        -3529        -3529             0.73           0
        50        -3528        -3527            6.812           0
        51        -3529        -3527            17.55           0
        52        -3528        -3526              4.6           0
        53        -3526        -3525            1.184           0
        55        -3525        -3523            2.663           0
        56        -3526        -3525             3.46           0
        57        -3527        -3526           10.027           0
        58        -3533        -3532            10.59           0
        59        -3525        -3523            9.422           0
        60        -3527        -3527            1.265           0
        61        -3525        -3525            0.509           0
        62        -3526        -3525            2.412           0
        63        -3527        -3526            1.476           0
        64        -3528        -3526            4.869           0
        65        -3529        -3527           13.236           0
        66        -3527        -3525            1.616           0
        67        -3529        -3528            0.723           0
        69        -3529        -3527            4.152           0
        70        -3522        -3521            2.146           0
        72        -3527        -3525            5.582           0
        73        -3525        -3523           13.597           0
        74        -3526        -3525             1.07           0
        75        -3528        -3527             6.23           0
        76        -3531        -3529            5.176           0
        77        -3530        -3526           13.202           0
        78        -3525        -3525            0.583           0
        79        -3524        -3522            4.662           0
        80        -3527        -3527            4.564           0
        81        -3530        -3526           10.481           0
        82        -3524        -3522            2.974           0
        83        -3527        -3522            5.674           0
        84        -3525        -3525            0.499           0
        85        -3527        -3523            5.712           0
        87        -3525        -3522            5.491           0
        88        -3522        -3521            1.685           0
        89        -3527        -3526            2.661           0
        90        -3525        -3525            0.619           0
        91        -3527        -3526            1.139           0
        92        -3527        -3525            5.338           0
        93        -3529        -3526            5.962           0
        94        -3526        -3525             2.76           0
        96        -3525        -3522            7.278           0
        97        -3524        -3522            8.887           0
        98        -3529        -3529             0.61           0
        99        -3527        -3526            2.373           0
       100        -3526        -3522             9.22           0
Candidate 12 dropped.
- Failed test 1: Too close to 70, 82, 87 in parameter space.
Candidate 16 dropped.
- Failed test 1: Too close to 100 in parameter space.
Candidate 24 dropped.
- Failed test 1: Too close to 21 in parameter space.
Candidate 31 dropped.
- Failed test 1: Too close to 62 in parameter space.
Candidate 42 dropped.
- Failed test 1: Too close to 3 in parameter space.
Candidate 79 dropped.
- Failed test 1: Too close to 70, 82, 87 in parameter space.
Candidate 82 dropped.
- Failed test 1: Too close to 70 in parameter space.
Candidate 87 dropped.
- Failed test 1: Too close to 70, 82 in parameter space.
Candidate 93 dropped.
- Failed test 1: Too close to 89 in parameter space.
Best candidate so far (LL=-3521.4)
             Value
asc_alt1_1 -0.0108
asc_alt1_2  0.6258
asc_alt1_3  0.4762
asc_alt1_4 -0.6733
asc_alt1_5 -0.2065
asc_alt2_1 -0.1008
asc_alt2_2  0.5452
asc_alt2_3  0.3990
asc_alt2_4 -1.4759
asc_alt2_5  0.0050
asc_alt3_1  0.0000
asc_alt3_2  0.0000
asc_alt3_3  0.0000
asc_alt3_4  0.0000
asc_alt3_5  0.0000
b_x1_1      0.6098
b_x1_2      0.0750
b_x1_3      1.2299
b_x1_4     -0.3365
b_x1_5     -0.0522
b_x2_1      0.7660
b_x2_2      1.2116
b_x2_3      0.0569
b_x2_4      0.9049
b_x2_5     -0.1822
b_x3_1      0.3743
b_x3_2      1.0956
b_x3_3      0.8403
b_x3_4      0.0316
b_x3_5      0.5104
b_x4_1      0.1736
b_x4_2      1.3276
b_x4_3      0.5458
b_x4_4      4.4256
b_x4_5      0.7694
b_price_1  -1.6448
b_price_2  -3.3024
b_price_3   0.7785
b_price_4  -0.3795
b_price_5  -1.1202
delta_1     0.8603
delta_2    -0.7296
delta_3    -1.0979
delta_4    -2.4342
delta_5     0.0000

Stage 4, 72 active candidates.
Estimating 20 BFGS iteration(s) for each active candidate.
 Candidate......LLstart.....LLfinish.....GradientNorm...Converged
         2        -3524        -3522            4.198           0
         3        -3522        -3521            0.961           0
         5        -3525        -3525            0.344           0
         6        -3523        -3521            2.499           0
         7        -3526        -3525            3.582           0
         8        -3524        -3521            3.179           0
         9        -3527        -3527            1.608           0
        13        -3529        -3528            4.301           0
        14        -3526        -3525            2.713           0
        15        -3525        -3525            0.483           0
        18        -3526        -3525            4.055           0
        19        -3529        -3526            1.819           0
        20        -3525        -3525            0.237           1
        21        -3525        -3525            0.295           0
        23        -3526        -3524           10.542           0
        26        -3526        -3525            6.751           0
        27        -3524        -3523             1.42           0
        28        -3525        -3525            0.308           0
        32        -3526        -3526            0.125           0
        33        -3525        -3525            0.597           0
        35        -3526        -3525            1.942           0
        36        -3522        -3521            0.873           0
        38        -3526        -3526            0.499           0
        39        -3526        -3526            0.405           0
        41        -3528        -3525            3.684           0
        43        -3527        -3526            3.126           0
        44        -3528        -3526            9.241           0
        45        -3526        -3526            0.093           1
        47        -3522        -3521            0.783           0
        48        -3529        -3529            0.192           0
        50        -3527        -3526            2.829           0
        51        -3527        -3522            9.431           0
        52        -3526        -3525            3.693           0
        53        -3525        -3525            0.303           0
        55        -3523        -3523            0.513           0
        56        -3525        -3525            1.619           0
        57        -3526        -3524            4.635           0
        58        -3532        -3529           10.229           0
        59        -3523        -3521            1.313           0
        60        -3527        -3527           10.159           0
        61        -3525        -3525            0.209           1
        62        -3525        -3525            1.227           0
        63        -3526        -3526            0.781           0
        64        -3526        -3526            2.578           0
        65        -3527        -3525            1.658           0
        66        -3525        -3525             0.09           1
        67        -3528        -3528            2.723           0
        69        -3527        -3526            2.918           0
        70        -3521        -3521            0.539           0
        72        -3525        -3525            1.165           0
        73        -3523        -3521            2.777           0
        74        -3525        -3525            0.168           1
        75        -3527        -3526            2.956           0
        76        -3529        -3528            3.829           0
        77        -3526        -3525            2.175           0
        78        -3525        -3525            0.128           1
        80        -3527        -3527            2.405           0
        81        -3526        -3525            4.295           0
        83        -3522        -3521            0.831           0
        84        -3525        -3525            0.271           1
        85        -3523        -3523            6.366           0
        88        -3521        -3521            0.288           0
        89        -3526        -3526            0.932           0
        90        -3525        -3525            0.487           1
        91        -3526        -3526             0.17           0
        92        -3525        -3525             2.02           0
        94        -3525        -3525            0.561           0
        96        -3522        -3521            0.655           0
        97        -3522        -3521            0.481           0
        98        -3529        -3529            0.577           0
        99        -3526        -3526            0.722           0
       100        -3522        -3521            1.273           0
Candidate 2 dropped.
- Failed test 1: Too close to 96 in parameter space.
Candidate 6 dropped.
- Failed test 1: Too close to 3 in parameter space.
Candidate 41 dropped.
- Failed test 1: Too close to 7 in parameter space.
Candidate 43 dropped.
- Failed test 1: Too close to 19 in parameter space.
Candidate 50 dropped.
- Failed test 1: Too close to 39 in parameter space.
Candidate 51 dropped.
- Failed test 1: Too close to 8 in parameter space.
Candidate 59 dropped.
- Failed test 1: Too close to 73 in parameter space.
Candidate 65 dropped.
- Failed test 1: Too close to 62 in parameter space.
Candidate 75 dropped.
- Failed test 1: Too close to 99 in parameter space.
Best candidate so far (LL=-3521.4)
             Value
asc_alt1_1 -0.0100
asc_alt1_2  0.6030
asc_alt1_3  0.4762
asc_alt1_4 -0.6512
asc_alt1_5 -0.2055
asc_alt2_1 -0.1013
asc_alt2_2  0.5288
asc_alt2_3  0.3961
asc_alt2_4 -1.4495
asc_alt2_5  0.0052
asc_alt3_1  0.0000
asc_alt3_2  0.0000
asc_alt3_3  0.0000
asc_alt3_4  0.0000
asc_alt3_5  0.0000
b_x1_1      0.6143
b_x1_2      0.0700
b_x1_3      1.2372
b_x1_4     -0.3404
b_x1_5     -0.0410
b_x2_1      0.7680
b_x2_2      1.2015
b_x2_3      0.0621
b_x2_4      0.9088
b_x2_5     -0.1835
b_x3_1      0.3693
b_x3_2      1.0898
b_x3_3      0.8406
b_x3_4      0.0304
b_x3_5      0.5056
b_x4_1      0.1705
b_x4_2      1.2960
b_x4_3      0.5440
b_x4_4      4.4284
b_x4_5      0.7687
b_price_1  -1.6447
b_price_2  -3.2444
b_price_3   0.7670
b_price_4  -0.4235
b_price_5  -1.1086
delta_1     0.8535
delta_2    -0.6984
delta_3    -1.0920
delta_4    -2.4404
delta_5     0.0000

Stage 5, 55 active candidates.
Estimating 20 BFGS iteration(s) for each active candidate.
 Candidate......LLstart.....LLfinish.....GradientNorm...Converged
         3        -3521        -3521            0.081           0
         5        -3525        -3525            0.051           1
         7        -3525        -3525            0.471           0
         8        -3521        -3521            0.938           0
         9        -3527        -3527            0.995           0
        13        -3528        -3528           13.484           0
        14        -3525        -3525            2.353           0
        15        -3525        -3525            0.122           1
        18        -3525        -3525            0.384           0
        19        -3526        -3526            0.484           0
        21        -3525        -3525            0.112           1
        23        -3524        -3523             2.47           0
        26        -3525        -3524            7.187           0
        27        -3523        -3523            0.262           1
        28        -3525        -3525            0.107           1
        32        -3526        -3526            0.134           1
        33        -3525        -3525             0.32           1
        35        -3525        -3525            0.301           0
        36        -3521        -3521            0.657           1
        38        -3526        -3526             0.22           1
        39        -3526        -3526             0.22           1
        44        -3526        -3525             1.77           0
        47        -3521        -3521            0.179           1
        48        -3529        -3529             0.28           1
        52        -3525        -3525            0.656           0
        53        -3525        -3525            0.304           1
        55        -3523        -3523            0.132           1
        56        -3525        -3525            0.902           0
        57        -3524        -3523            1.005           0
        58        -3529        -3527            4.051           0
        60        -3527        -3525            3.428           0
        62        -3525        -3525            0.159           1
        63        -3526        -3526            0.274           1
        64        -3526        -3526           12.875           0
        67        -3528        -3528            0.535           0
        69        -3526        -3526            1.036           0
        70        -3521        -3521            0.122           1
        72        -3525        -3525            7.676           0
        73        -3521        -3521            0.161           0
        76        -3528        -3528            6.912           0
        77        -3525        -3525             2.33           0
        80        -3527        -3527            1.089           0
        81        -3525        -3525             0.77           0
        83        -3521        -3521            0.437           0
        85        -3523        -3522            7.949           0
        88        -3521        -3521            0.159           1
        89        -3526        -3526            0.161           0
        91        -3526        -3526            0.078           1
        92        -3525        -3525            1.311           0
        94        -3525        -3525            0.141           1
        96        -3521        -3521            0.138           0
        97        -3521        -3521            0.082           1
        98        -3529        -3529            0.083           1
        99        -3526        -3526            0.232           1
       100        -3521        -3521            0.242           0
Candidate 58 dropped.
- Failed test 1: Too close to 39 in parameter space.
Best candidate so far (LL=-3521.4)
             Value
asc_alt1_1  0.6021
asc_alt1_2 -0.0103
asc_alt1_3 -0.6486
asc_alt1_4  0.4760
asc_alt1_5 -0.2069
asc_alt2_1  0.5304
asc_alt2_2 -0.1018
asc_alt2_3 -1.4452
asc_alt2_4  0.3971
asc_alt2_5  0.0047
asc_alt3_1  0.0000
asc_alt3_2  0.0000
asc_alt3_3  0.0000
asc_alt3_4  0.0000
asc_alt3_5  0.0000
b_x1_1      0.0708
b_x1_2      0.6149
b_x1_3     -0.3410
b_x1_4      1.2372
b_x1_5     -0.0415
b_x2_1      1.2019
b_x2_2      0.7678
b_x2_3      0.9092
b_x2_4      0.0627
b_x2_5     -0.1827
b_x3_1      1.0897
b_x3_2      0.3694
b_x3_3      0.0328
b_x3_4      0.8418
b_x3_5      0.5059
b_x4_1      1.2953
b_x4_2      0.1708
b_x4_3      4.4229
b_x4_4      0.5444
b_x4_5      0.7677
b_price_1  -3.2499
b_price_2  -1.6441
b_price_3  -0.4286
b_price_4   0.7655
b_price_5  -1.1099
delta_1    -0.6977
delta_2     0.8543
delta_3    -2.4387
delta_4    -1.0915
delta_5     0.0000
Several observations per individual detected based on the value of ID.
  Setting panelData in apollo_control set to TRUE.
With setting noValidation=TRUE in apollo_control, your model code will
  not be validated prior to estimation. This may of course be
  deliberate for large models or models with many components.
All checks on apollo_control completed.
All checks on database completed.
INFORMATION: The use of apollo_lcEM has a number of requirements. No checks are run
  for these, so the user needs to ensure these conditions are met by
  their model: 
1: This function is only suitable for single component models, i.e. no
  use of apollo_combineModels or manual multiplication of model
  components.
2: Any parameters that vary across classes need to be included in the
  definition of random parameters in apollo_lcPars.
3: The entries in the lists in apollo_lcPars need to be individual
  parameters, not functions thereof.

Validating inputs of likelihood function (apollo_probabilities)

Initialising EM algorithm
Starting iteration: 1
- Current LL : -3670.245
- New LL     : -3576.411
- Improvement: 93.83423

Starting iteration: 2
- Current LL : -3576.411
- New LL     : -3573.024
- Improvement: 3.387556

Starting iteration: 3
- Current LL : -3573.024
- New LL     : -3569.064
- Improvement: 3.960022

Starting iteration: 4
- Current LL : -3569.064
- New LL     : -3564.713
- Improvement: 4.350949

Starting iteration: 5
- Current LL : -3564.713
- New LL     : -3559.978
- Improvement: 4.734712

Starting iteration: 6
- Current LL : -3559.978
- New LL     : -3554.759
- Improvement: 5.21848

Starting iteration: 7
- Current LL : -3554.759
- New LL     : -3549.527
- Improvement: 5.232292

Starting iteration: 8
- Current LL : -3549.527
- New LL     : -3545.339
- Improvement: 4.187922

Starting iteration: 9
- Current LL : -3545.339
- New LL     : -3542.733
- Improvement: 2.606595

Starting iteration: 10
- Current LL : -3542.733
- New LL     : -3541.299
- Improvement: 1.433697

Starting iteration: 11
- Current LL : -3541.299
- New LL     : -3540.37
- Improvement: 0.929131

Starting iteration: 12
- Current LL : -3540.37
- New LL     : -3539.506
- Improvement: 0.8640273

Starting iteration: 13
- Current LL : -3539.506
- New LL     : -3538.501
- Improvement: 1.004394

Starting iteration: 14
- Current LL : -3538.501
- New LL     : -3537.309
- Improvement: 1.192839

Starting iteration: 15
- Current LL : -3537.309
- New LL     : -3536.01
- Improvement: 1.298709

Starting iteration: 16
- Current LL : -3536.01
- New LL     : -3534.762
- Improvement: 1.247642

Starting iteration: 17
- Current LL : -3534.762
- New LL     : -3533.683
- Improvement: 1.078836

Starting iteration: 18
- Current LL : -3533.683
- New LL     : -3532.791
- Improvement: 0.8919721

Starting iteration: 19
- Current LL : -3532.791
- New LL     : -3532.045
- Improvement: 0.7464992

Starting iteration: 20
- Current LL : -3532.045
- New LL     : -3531.401
- Improvement: 0.6443506

Starting iteration: 21
- Current LL : -3531.401
- New LL     : -3530.834
- Improvement: 0.5667436

Starting iteration: 22
- Current LL : -3530.834
- New LL     : -3530.331
- Improvement: 0.5024491

Starting iteration: 23
- Current LL : -3530.331
- New LL     : -3529.885
- Improvement: 0.4468537

Starting iteration: 24
- Current LL : -3529.885
- New LL     : -3529.485
- Improvement: 0.3990154

Starting iteration: 25
- Current LL : -3529.485
- New LL     : -3529.127
- Improvement: 0.3588607

Starting iteration: 26
- Current LL : -3529.127
- New LL     : -3528.805
- Improvement: 0.3215659

Starting iteration: 27
- Current LL : -3528.805
- New LL     : -3528.517
- Improvement: 0.2875679

Starting iteration: 28
- Current LL : -3528.517
- New LL     : -3528.261
- Improvement: 0.2564107

Starting iteration: 29
- Current LL : -3528.261
- New LL     : -3528.031
- Improvement: 0.2301933

Starting iteration: 30
- Current LL : -3528.031
- New LL     : -3527.822
- Improvement: 0.2085489

Starting iteration: 31
- Current LL : -3527.822
- New LL     : -3527.632
- Improvement: 0.1900782

Starting iteration: 32
- Current LL : -3527.632
- New LL     : -3527.457
- Improvement: 0.1749321

Starting iteration: 33
- Current LL : -3527.457
- New LL     : -3527.295
- Improvement: 0.162061

Starting iteration: 34
- Current LL : -3527.295
- New LL     : -3527.144
- Improvement: 0.1513227

Starting iteration: 35
- Current LL : -3527.144
- New LL     : -3526.999
- Improvement: 0.1451053

Starting iteration: 36
- Current LL : -3526.999
- New LL     : -3526.861
- Improvement: 0.1376444

Starting iteration: 37
- Current LL : -3526.861
- New LL     : -3526.728
- Improvement: 0.1330749

Starting iteration: 38
- Current LL : -3526.728
- New LL     : -3526.599
- Improvement: 0.1294863

Starting iteration: 39
- Current LL : -3526.599
- New LL     : -3526.471
- Improvement: 0.1273893

Starting iteration: 40
- Current LL : -3526.471
- New LL     : -3526.345
- Improvement: 0.1263756

Starting iteration: 41
- Current LL : -3526.345
- New LL     : -3526.219
- Improvement: 0.1258129

Starting iteration: 42
- Current LL : -3526.219
- New LL     : -3526.094
- Improvement: 0.1247626

Starting iteration: 43
- Current LL : -3526.094
- New LL     : -3525.971
- Improvement: 0.1233919

Starting iteration: 44
- Current LL : -3525.971
- New LL     : -3525.85
- Improvement: 0.1211473

Starting iteration: 45
- Current LL : -3525.85
- New LL     : -3525.731
- Improvement: 0.1183511

Starting iteration: 46
- Current LL : -3525.731
- New LL     : -3525.616
- Improvement: 0.1156706

Starting iteration: 47
- Current LL : -3525.616
- New LL     : -3525.502
- Improvement: 0.1135473

Starting iteration: 48
- Current LL : -3525.502
- New LL     : -3525.39
- Improvement: 0.1118173

Starting iteration: 49
- Current LL : -3525.39
- New LL     : -3525.279
- Improvement: 0.1112632

Starting iteration: 50
- Current LL : -3525.279
- New LL     : -3525.167
- Improvement: 0.1118395

Starting iteration: 51
- Current LL : -3525.167
- New LL     : -3525.054
- Improvement: 0.1134277

Starting iteration: 52
- Current LL : -3525.054
- New LL     : -3524.938
- Improvement: 0.1163164

Starting iteration: 53
- Current LL : -3524.938
- New LL     : -3524.817
- Improvement: 0.1206431

Starting iteration: 54
- Current LL : -3524.817
- New LL     : -3524.691
- Improvement: 0.1262406

Starting iteration: 55
- Current LL : -3524.691
- New LL     : -3524.556
- Improvement: 0.134269

Starting iteration: 56
- Current LL : -3524.556
- New LL     : -3524.412
- Improvement: 0.1447785

Starting iteration: 57
- Current LL : -3524.412
- New LL     : -3524.253
- Improvement: 0.1581398

Starting iteration: 58
- Current LL : -3524.253
- New LL     : -3524.078
- Improvement: 0.1750683

Starting iteration: 59
- Current LL : -3524.078
- New LL     : -3523.882
- Improvement: 0.1967939

Starting iteration: 60
- Current LL : -3523.882
- New LL     : -3523.66
- Improvement: 0.2216191

Starting iteration: 61
- Current LL : -3523.66
- New LL     : -3523.412
- Improvement: 0.247959

Starting iteration: 62
- Current LL : -3523.412
- New LL     : -3523.142
- Improvement: 0.2695309

Starting iteration: 63
- Current LL : -3523.142
- New LL     : -3522.869
- Improvement: 0.273217

Starting iteration: 64
- Current LL : -3522.869
- New LL     : -3522.622
- Improvement: 0.2476083

Starting iteration: 65
- Current LL : -3522.622
- New LL     : -3522.426
- Improvement: 0.195217

Starting iteration: 66
- Current LL : -3522.426
- New LL     : -3522.289
- Improvement: 0.1370186

Starting iteration: 67
- Current LL : -3522.289
- New LL     : -3522.199
- Improvement: 0.09027374

Starting iteration: 68
- Current LL : -3522.199
- New LL     : -3522.138
- Improvement: 0.06076175

Starting iteration: 69
- Current LL : -3522.138
- New LL     : -3522.094
- Improvement: 0.04433378

Starting iteration: 70
- Current LL : -3522.094
- New LL     : -3522.058
- Improvement: 0.03618194

Starting iteration: 71
- Current LL : -3522.058
- New LL     : -3522.026
- Improvement: 0.03142395

Starting iteration: 72
- Current LL : -3522.026
- New LL     : -3521.998
- Improvement: 0.02893983

Starting iteration: 73
- Current LL : -3521.998
- New LL     : -3521.97
- Improvement: 0.02746927

Starting iteration: 74
- Current LL : -3521.97
- New LL     : -3521.944
- Improvement: 0.02628404

Starting iteration: 75
- Current LL : -3521.944
- New LL     : -3521.918
- Improvement: 0.02548475

Starting iteration: 76
- Current LL : -3521.918
- New LL     : -3521.894
- Improvement: 0.02412818

Starting iteration: 77
- Current LL : -3521.894
- New LL     : -3521.87
- Improvement: 0.02371353

Starting iteration: 78
- Current LL : -3521.87
- New LL     : -3521.848
- Improvement: 0.02281686

Starting iteration: 79
- Current LL : -3521.848
- New LL     : -3521.826
- Improvement: 0.02201729

Starting iteration: 80
- Current LL : -3521.826
- New LL     : -3521.804
- Improvement: 0.02113582

Starting iteration: 81
- Current LL : -3521.804
- New LL     : -3521.784
- Improvement: 0.02052295

Starting iteration: 82
- Current LL : -3521.784
- New LL     : -3521.764
- Improvement: 0.0195959

Starting iteration: 83
- Current LL : -3521.764
- New LL     : -3521.745
- Improvement: 0.01911069

Starting iteration: 84
- Current LL : -3521.745
- New LL     : -3521.727
- Improvement: 0.01818944

Starting iteration: 85
- Current LL : -3521.727
- New LL     : -3521.709
- Improvement: 0.01769235

Starting iteration: 86
- Current LL : -3521.709
- New LL     : -3521.692
- Improvement: 0.0170054

Starting iteration: 87
- Current LL : -3521.692
- New LL     : -3521.676
- Improvement: 0.01620046

Starting iteration: 88
- Current LL : -3521.676
- New LL     : -3521.661
- Improvement: 0.01556652

Starting iteration: 89
- Current LL : -3521.661
- New LL     : -3521.646
- Improvement: 0.01493605

Starting iteration: 90
- Current LL : -3521.646
- New LL     : -3521.631
- Improvement: 0.01437984

Starting iteration: 91
- Current LL : -3521.631
- New LL     : -3521.618
- Improvement: 0.01374573

Starting iteration: 92
- Current LL : -3521.618
- New LL     : -3521.604
- Improvement: 0.01322344

Starting iteration: 93
- Current LL : -3521.604
- New LL     : -3521.592
- Improvement: 0.01265598

Starting iteration: 94
- Current LL : -3521.592
- New LL     : -3521.58
- Improvement: 0.01203499

Starting iteration: 95
- Current LL : -3521.58
- New LL     : -3521.568
- Improvement: 0.01139612

Starting iteration: 96
- Current LL : -3521.568
- New LL     : -3521.557
- Improvement: 0.0108591

Starting iteration: 97
- Current LL : -3521.557
- New LL     : -3521.547
- Improvement: 0.01038172

Starting iteration: 98
- Current LL : -3521.547
- New LL     : -3521.537
- Improvement: 0.009815335

Starting iteration: 99
- Current LL : -3521.537
- New LL     : -3521.528
- Improvement: 0.009203122

Starting iteration: 100
- Current LL : -3521.528
- New LL     : -3521.519
- Improvement: 0.008748491

EM algorithm stopped: maximum number of iterations reached!
No covariance matrix will be computed as convergence has not been
  reached. You may call apollo_addCovariance(model,apollo_inputs) to
  compute a covariance matrix at the current estimates.
[05:59:24]   done hard|seed5 : gaps  klue_ml=+0.00  klue_em=-3.62  apollo_searchStart=-0.00  apollo_lcEM=-0.11  gmnl_lc=-0.00  apollo_ss_published=-3.62
[05:59:24] RUN  very_hard|seed1  (K=5 kap=0.30 sig=0.35 corr=none)  arms: apollo_searchStart, apollo_lcEM
Several observations per individual detected based on the value of ID.
  Setting panelData in apollo_control set to TRUE.
All checks on apollo_control completed.
All checks on database completed.
Testing probability function (apollo_probabilities)
Apollo found a model component of type classAlloc without a
  componentName. The name was set to "classAlloc" by default.
INFORMATION: Setting "avail" is missing, so full availability is assumed. 
Apollo found a model component of type MNL without a componentName. The
  name was set to "Class_1" by default.
Apollo found a model component of type MNL without a componentName. The
  name was set to "Class_2" by default.
Apollo found a model component of type MNL without a componentName. The
  name was set to "Class_3" by default.
Apollo found a model component of type MNL without a componentName. The
  name was set to "Class_4" by default.
Apollo found a model component of type MNL without a componentName. The
  name was set to "Class_5" by default.
Pre-processing likelihood function...
INFORMATION: Apollo was not able to compute analytical gradients for your model.
  This could be because you are using model components for which
  analytical gradients are not yet implemented, or because you coded
  your own model functions. If however you only used apollo_mnl,
  apollo_fmnl, apollo_normalDensity, apollo_ol or apollo_op, then there
  could be another issue. You might want to ask for help in the Apollo
  forum (http://www.apollochoicemodelling.com/forum) on how to solve
  this issue. If you do, please post your code and data (if not
  confidential). 
Creating initial set of 100 candidate values.
Calculating LL of candidates 0%....50%.....100%

Stage 1, 100 active candidates.
Estimating 20 BFGS iteration(s) for each active candidate.
 Candidate......LLstart.....LLfinish.....GradientNorm...Converged
         1        -3650        -3507           24.581           0
         2        -3646        -3510           13.935           0
         3        -3655        -3505           17.127           0
         4        -3662        -3510           21.487           0
         5        -3660        -3505           16.549           0
         6        -3651        -3504           13.448           0
         7        -3644        -3510           40.406           0
         8        -3656        -3506           21.227           0
         9        -3644        -3502            8.698           0
        10        -3653        -3507           11.134           0
        11        -3639        -3506           12.296           0
        12        -3645        -3507           14.064           0
        13        -3640        -3505           14.481           0
        14        -3650        -3505           13.003           0
        15        -3651        -3505           14.886           0
        16        -3656        -3513           17.903           0
        17        -3646        -3521           36.182           0
        18        -3656        -3508           24.289           0
        19        -3652        -3509           20.803           0
        20        -3660        -3507           27.925           0
        21        -3641        -3509           13.672           0
        22        -3668        -3503            12.99           0
        23        -3643        -3506            15.02           0
        24        -3646        -3506           13.743           0
        25        -3651        -3518           14.882           0
        26        -3658        -3504           16.692           0
        27        -3644        -3508           17.219           0
        28        -3658        -3503           13.419           0
        29        -3646        -3507           21.608           0
        30        -3645        -3505           17.496           0
        31        -3647        -3505           16.557           0
        32        -3652        -3506            12.72           0
        33        -3651        -3506            9.622           0
        34        -3658        -3508           17.744           0
        35        -3636        -3517           23.353           0
        36        -3655        -3508           19.144           0
        37        -3632        -3507           21.448           0
        38        -3649        -3503           16.747           0
        39        -3644        -3504           14.385           0
        40        -3661        -3508           18.746           0
        41        -3640        -3508           23.711           0
        42        -3662        -3503           14.868           0
        43        -3655        -3505           11.344           0
        44        -3640        -3505           20.379           0
        45        -3656        -3512           19.256           0
        46        -3660        -3509           21.493           0
        47        -3635        -3506            19.37           0
        48        -3646        -3504            15.53           0
        49        -3669        -3506           11.835           0
        50        -3649        -3507           15.213           0
        51        -3638        -3505           12.704           0
        52        -3649        -3508            21.87           0
        53        -3653        -3507           17.381           0
        54        -3646        -3506           17.114           0
        55        -3650        -3503            13.35           0
        56        -3641        -3506             17.6           0
        57        -3654        -3504           12.041           0
        58        -3660        -3502           13.406           0
        59        -3648        -3505           27.833           0
        60        -3663        -3506            9.041           0
        61        -3657        -3516           31.805           0
        62        -3651        -3509           13.614           0
        63        -3651        -3511           22.897           0
        64        -3646        -3510           13.959           0
        65        -3659        -3507           15.002           0
        66        -3652        -3503           14.485           0
        67        -3654        -3503           20.654           0
        68        -3658        -3505           16.373           0
        69        -3653        -3511            20.62           0
        70        -3649        -3507           13.972           0
        71        -3658        -3509           23.627           0
        72        -3652        -3509            23.58           0
        73        -3662        -3506            8.198           0
        74        -3649        -3509           19.729           0
        75        -3642        -3507            25.59           0
        76        -3646        -3506           16.468           0
        77        -3664        -3502           13.134           0
        78        -3649        -3505           13.816           0
        79        -3662        -3510           25.839           0
        80        -3660        -3504           14.953           0
        81        -3658        -3506           11.778           0
        82        -3625        -3505           16.216           0
        83        -3664        -3505            15.61           0
        84        -3666        -3501           11.102           0
        85        -3656        -3507           13.998           0
        86        -3644        -3503           12.639           0
        87        -3658        -3508           18.753           0
        88        -3655        -3508           23.832           0
        89        -3654        -3511           17.081           0
        90        -3659        -3506           20.804           0
        91        -3649        -3509           26.356           0
        92        -3650        -3512            12.42           0
        93        -3637        -3506           17.621           0
        94        -3651        -3506             7.15           0
        95        -3658        -3504           21.752           0
        96        -3649        -3510            21.05           0
        97        -3657        -3513           23.214           0
        98        -3658        -3511           31.426           0
        99        -3642        -3511           19.775           0
       100        -3644        -3504           19.565           0
Candidate 14 dropped.
- Failed test 1: Too close to 66 in parameter space.
Candidate 23 dropped.
- Failed test 1: Too close to 73 in parameter space.
Candidate 49 dropped.
- Failed test 1: Too close to 81 in parameter space.
Best candidate so far (LL=-3501.3)
             Value
asc_alt1_1  0.2312
asc_alt1_2 -0.0894
asc_alt1_3  0.1530
asc_alt1_4 -0.2197
asc_alt1_5 -0.2259
asc_alt2_1  0.1007
asc_alt2_2 -0.1117
asc_alt2_3 -0.5980
asc_alt2_4  0.0678
asc_alt2_5 -0.2235
asc_alt3_1  0.0000
asc_alt3_2  0.0000
asc_alt3_3  0.0000
asc_alt3_4  0.0000
asc_alt3_5  0.0000
b_x1_1      1.0750
b_x1_2     -0.0592
b_x1_3      0.8464
b_x1_4     -0.0931
b_x1_5      0.2068
b_x2_1      0.5480
b_x2_2      0.7235
b_x2_3     -0.1170
b_x2_4     -0.4565
b_x2_5      0.8171
b_x3_1      0.7610
b_x3_2      1.1630
b_x3_3     -0.2024
b_x3_4     -0.1117
b_x3_5      0.3058
b_x4_1      0.5621
b_x4_2      1.3324
b_x4_3      1.0765
b_x4_4      0.2927
b_x4_5     -0.1759
b_price_1  -1.7205
b_price_2  -1.8452
b_price_3  -0.0812
b_price_4  -1.6962
b_price_5  -1.7046
delta_1     0.5496
delta_2    -0.1226
delta_3    -0.9937
delta_4    -0.7040
delta_5     0.0000

Stage 2, 97 active candidates.
Estimating 20 BFGS iteration(s) for each active candidate.
 Candidate......LLstart.....LLfinish.....GradientNorm...Converged
         1        -3507        -3499            9.542           0
         2        -3510        -3501           25.585           0
         3        -3505        -3500            7.882           0
         4        -3510        -3502           11.972           0
         5        -3505        -3499           15.405           0
         6        -3504        -3500            5.704           0
         7        -3510        -3498           14.978           0
         8        -3506        -3497            9.615           0
         9        -3502        -3499            6.652           0
        10        -3507        -3502            9.645           0
        11        -3506        -3499            7.825           0
        12        -3507        -3500           12.098           0
        13        -3505        -3499            8.731           0
        15        -3505        -3499           12.071           0
        16        -3513        -3500           15.138           0
        17        -3521        -3507           25.297           0
        18        -3508        -3500            7.225           0
        19        -3509        -3499            8.188           0
        20        -3507        -3499            9.288           0
        21        -3509        -3503           24.036           0
        22        -3503        -3499            8.429           0
        24        -3506        -3498           14.226           0
        25        -3518        -3509           25.272           0
        26        -3504        -3497            9.473           0
        27        -3508        -3502             6.79           0
        28        -3503        -3499            9.758           0
        29        -3507        -3499            8.686           0
        30        -3505        -3499            6.759           0
        31        -3505        -3498           10.813           0
        32        -3506        -3498           11.266           0
        33        -3506        -3501           12.018           0
        34        -3508        -3502            9.365           0
        35        -3517        -3507            23.52           0
        36        -3508        -3498           14.614           0
        37        -3507        -3498           14.424           0
        38        -3503        -3497            8.414           0
        39        -3504        -3497           10.467           0
        40        -3508        -3500           14.463           0
        41        -3508        -3500            8.487           0
        42        -3503        -3498            7.594           0
        43        -3505        -3501           15.956           0
        44        -3505        -3497           10.094           0
        45        -3512        -3502           21.728           0
        46        -3509        -3503           14.937           0
        47        -3506        -3499           11.373           0
        48        -3504        -3499            8.929           0
        50        -3507        -3503            6.313           0
        51        -3505        -3500             5.78           0
        52        -3508        -3498           11.714           0
        53        -3507        -3500            5.274           0
        54        -3506        -3501            9.302           0
        55        -3503        -3499            6.953           0
        56        -3506        -3502           12.773           0
        57        -3504        -3499           13.619           0
        58        -3502        -3499            5.966           0
        59        -3505        -3497            6.891           0
        60        -3506        -3500           10.043           0
        61        -3516        -3504            2.534           0
        62        -3509        -3500           20.792           0
        63        -3511        -3501            5.417           0
        64        -3510        -3507            8.014           0
        65        -3507        -3500           12.121           0
        66        -3503        -3499            8.163           0
        67        -3503        -3497            7.084           0
        68        -3505        -3497            7.297           0
        69        -3511        -3502           14.107           0
        70        -3507        -3498           14.687           0
        71        -3509        -3500            9.005           0
        72        -3509        -3500           11.037           0
        73        -3506        -3504            12.25           0
        74        -3509        -3498           12.098           0
        75        -3507        -3497            5.745           0
        76        -3506        -3500           12.934           0
        77        -3502        -3497            4.521           0
        78        -3505        -3499           14.212           0
        79        -3510        -3500           15.384           0
        80        -3504        -3499            9.809           0
        81        -3506        -3499           15.081           0
        82        -3505        -3497           10.183           0
        83        -3505        -3498           11.207           0
        84        -3501        -3497            8.024           0
        85        -3507        -3499           11.395           0
        86        -3503        -3497           10.697           0
        87        -3508        -3501           20.849           0
        88        -3508        -3501           12.081           0
        89        -3511        -3500            8.447           0
        90        -3506        -3498           10.826           0
        91        -3509        -3502           20.233           0
        92        -3512        -3503           10.916           0
        93        -3506        -3497           11.066           0
        94        -3506        -3501           10.541           0
        95        -3504        -3498           11.988           0
        96        -3510        -3498            8.878           0
        97        -3513        -3503           10.948           0
        98        -3511        -3497            4.517           0
        99        -3511        -3501           21.925           0
       100        -3504        -3499            7.761           0
Candidate 1 dropped.
- Failed test 1: Too close to 48 in parameter space.
Candidate 7 dropped.
- Failed test 1: Too close to 95 in parameter space.
Candidate 11 dropped.
- Failed test 1: Too close to 30 in parameter space.
Candidate 19 dropped.
- Failed test 1: Too close to 11, 30 in parameter space.
Candidate 20 dropped.
- Failed test 1: Too close to 15 in parameter space.
Candidate 22 dropped.
- Failed test 1: Too close to 11, 19, 30 in parameter space.
Candidate 24 dropped.
- Failed test 1: Too close to 84 in parameter space.
Candidate 28 dropped.
- Failed test 1: Too close to 42 in parameter space.
Candidate 37 dropped.
- Failed test 1: Too close to 39, 74, 98 in parameter space.
Candidate 39 dropped.
- Failed test 1: Too close to 98 in parameter space.
Candidate 40 dropped.
- Failed test 1: Too close to 18 in parameter space.
Candidate 41 dropped.
- Failed test 1: Too close to 9, 51 in parameter space.
Candidate 45 dropped.
- Failed test 1: Too close to 48 in parameter space.
Candidate 51 dropped.
- Failed test 1: Too close to 9 in parameter space.
Candidate 53 dropped.
- Failed test 1: Too close to 1 in parameter space.
Candidate 65 dropped.
- Failed test 1: Too close to 58 in parameter space.
Candidate 68 dropped.
- Failed test 1: Too close to 38 in parameter space.
Candidate 74 dropped.
- Failed test 1: Too close to 39, 98 in parameter space.
Candidate 78 dropped.
- Failed test 1: Too close to 15, 20 in parameter space.
Candidate 81 dropped.
- Failed test 1: Too close to 83 in parameter space.
Candidate 83 dropped.
- Failed test 1: Too close to 77 in parameter space.
Candidate 86 dropped.
- Failed test 1: Too close to 75 in parameter space.
Candidate 89 dropped.
- Failed test 1: Too close to 55 in parameter space.
Candidate 93 dropped.
- Failed test 1: Too close to 59 in parameter space.
Candidate 99 dropped.
- Failed test 1: Too close to 67 in parameter space.
Best candidate so far (LL=-3496.7)
             Value
asc_alt1_1 -0.0076
asc_alt1_2  0.2726
asc_alt1_3 -0.2833
asc_alt1_4 -0.2228
asc_alt1_5 -0.1479
asc_alt2_1 -0.1079
asc_alt2_2  0.0717
asc_alt2_3 -1.2831
asc_alt2_4 -0.1833
asc_alt2_5  0.0564
asc_alt3_1  0.0000
asc_alt3_2  0.0000
asc_alt3_3  0.0000
asc_alt3_4  0.0000
asc_alt3_5  0.0000
b_x1_1      0.0813
b_x1_2      1.1871
b_x1_3      1.3560
b_x1_4      0.3105
b_x1_5      0.0190
b_x2_1      0.6294
b_x2_2      0.5104
b_x2_3      0.3998
b_x2_4      0.7043
b_x2_5     -0.4692
b_x3_1      1.1083
b_x3_2      0.7239
b_x3_3     -0.8096
b_x3_4      0.3286
b_x3_5     -0.1068
b_x4_1      1.1877
b_x4_2      0.6100
b_x4_3      1.8656
b_x4_4     -0.0686
b_x4_5      0.3779
b_price_1  -1.4565
b_price_2  -1.7241
b_price_3   2.4775
b_price_4  -1.4214
b_price_5  -1.5193
delta_1     0.7453
delta_2     1.0602
delta_3    -1.3232
delta_4     0.8666
delta_5     0.0000

Stage 3, 72 active candidates.
Estimating 20 BFGS iteration(s) for each active candidate.
 Candidate......LLstart.....LLfinish.....GradientNorm...Converged
         2        -3501        -3497            6.181           0
         3        -3500        -3497           10.873           0
         4        -3502        -3497            8.492           0
         5        -3499        -3496            2.793           0
         6        -3500        -3498            8.556           0
         8        -3497        -3496            2.308           0
         9        -3499        -3497            9.615           0
        10        -3502        -3499            6.096           0
        12        -3500        -3497            5.129           0
        13        -3499        -3497            4.272           0
        15        -3499        -3497            3.842           0
        16        -3500        -3497            4.047           0
        17        -3507        -3499            9.305           0
        18        -3500        -3497            6.783           0
        21        -3503        -3497            4.205           0
        25        -3509        -3497           10.997           0
        26        -3497        -3496            1.556           0
        27        -3502        -3500           23.705           0
        29        -3499        -3497            6.115           0
        30        -3499        -3497            7.505           0
        31        -3498        -3496             1.72           0
        32        -3498        -3496            2.077           0
        33        -3501        -3497            6.756           0
        34        -3502        -3498            9.422           0
        35        -3507        -3499           16.867           0
        36        -3498        -3496            1.994           0
        38        -3497        -3496            1.605           0
        42        -3498        -3497            2.784           0
        43        -3501        -3497            6.486           0
        44        -3497        -3496            2.541           0
        46        -3503        -3498           12.361           0
        47        -3499        -3497            5.502           0
        48        -3499        -3497            3.525           0
        50        -3503        -3500            11.39           0
        52        -3498        -3496            1.963           0
        54        -3501        -3497            6.479           0
        55        -3499        -3498            6.698           0
        56        -3502        -3498            7.012           0
        57        -3499        -3496            3.225           0
        58        -3499        -3497            6.413           0
        59        -3497        -3496            1.593           0
        60        -3500        -3497            5.631           0
        61        -3504        -3503           10.645           0
        62        -3500        -3497            3.298           0
        63        -3501        -3500            3.139           0
        64        -3507        -3506            1.873           0
        66        -3499        -3498            9.518           0
        67        -3497        -3496            1.737           0
        69        -3502        -3499            5.845           0
        70        -3498        -3496            1.826           0
        71        -3500        -3498           11.535           0
        72        -3500        -3498           10.619           0
        73        -3504        -3499           10.877           0
        75        -3497        -3496            0.917           0
        76        -3500        -3497            5.146           0
        77        -3497        -3496            0.876           0
        79        -3500        -3497            7.243           0
        80        -3499        -3497            7.301           0
        82        -3497        -3496            1.589           0
        84        -3497        -3496            1.373           0
        85        -3499        -3497            5.291           0
        87        -3501        -3497            7.879           0
        88        -3501        -3497            7.654           0
        90        -3498        -3496            2.733           0
        91        -3502        -3497            4.068           0
        92        -3503        -3499           13.562           0
        94        -3501        -3497            6.967           0
        95        -3498        -3496            2.455           0
        96        -3498        -3496            1.414           0
        97        -3503        -3498           11.426           0
        98        -3497        -3496            0.832           0
       100        -3499        -3497            4.003           0
Candidate 2 dropped.
- Failed test 1: Too close to 38, 57 in parameter space.
Candidate 3 dropped.
- Failed test 1: Too close to 32, 96 in parameter space.
Candidate 4 dropped.
- Failed test 1: Too close to 5, 33, 85 in parameter space.
Candidate 9 dropped.
- Failed test 1: Too close to 95 in parameter space.
Candidate 12 dropped.
- Failed test 1: Too close to 75 in parameter space.
Candidate 15 dropped.
- Failed test 1: Too close to 98 in parameter space.
Candidate 18 dropped.
- Failed test 1: Too close to 21, 42, 52, 59 in parameter space.
Candidate 21 dropped.
- Failed test 1: Too close to 42, 52, 59 in parameter space.
Candidate 25 dropped.
- Failed test 1: Too close to 26, 90 in parameter space.
Candidate 27 dropped.
- Failed test 1: Too close to 88 in parameter space.
Candidate 29 dropped.
- Failed test 1: Too close to 31 in parameter space.
Candidate 32 dropped.
- Failed test 1: Too close to 96 in parameter space.
Candidate 33 dropped.
- Failed test 1: Too close to 5, 85 in parameter space.
Candidate 34 dropped.
- Failed test 1: Too close to 72, 94 in parameter space.
Candidate 42 dropped.
- Failed test 1: Too close to 52, 59 in parameter space.
Candidate 43 dropped.
- Failed test 1: Too close to 12, 75 in parameter space.
Candidate 47 dropped.
- Failed test 1: Too close to 62, 70 in parameter space.
Candidate 48 dropped.
- Failed test 1: Too close to 77 in parameter space.
Candidate 52 dropped.
- Failed test 1: Too close to 59 in parameter space.
Candidate 54 dropped.
- Failed test 1: Too close to 18, 21, 42, 52, 59 in parameter space.
Candidate 56 dropped.
- Failed test 1: Too close to 76 in parameter space.
Candidate 57 dropped.
- Failed test 1: Too close to 38 in parameter space.
Candidate 60 dropped.
- Failed test 1: Too close to 91 in parameter space.
Candidate 62 dropped.
- Failed test 1: Too close to 70 in parameter space.
Candidate 66 dropped.
- Failed test 1: Too close to 87 in parameter space.
Candidate 71 dropped.
- Failed test 1: Too close to 18, 21, 42, 52, 54, 59 in parameter
  space.
Candidate 72 dropped.
- Failed test 1: Too close to 94 in parameter space.
Candidate 80 dropped.
- Failed test 1: Too close to 36 in parameter space.
Candidate 85 dropped.
- Failed test 1: Too close to 5 in parameter space.
Candidate 87 dropped.
- Failed test 1: Too close to 82 in parameter space.
Candidate 88 dropped.
- Failed test 1: Too close to 38, 57 in parameter space.
Candidate 90 dropped.
- Failed test 1: Too close to 26 in parameter space.
Candidate 92 dropped.
- Failed test 1: Too close to 66, 87 in parameter space.
Candidate 94 dropped.
- Failed test 1: Too close to 84 in parameter space.
Best candidate so far (LL=-3496.4)
             Value
asc_alt1_1 -0.0128
asc_alt1_2  0.3310
asc_alt1_3 -0.2044
asc_alt1_4 -0.2690
asc_alt1_5 -0.1248
asc_alt2_1 -0.1223
asc_alt2_2  0.1289
asc_alt2_3 -0.1816
asc_alt2_4 -1.3006
asc_alt2_5  0.0608
asc_alt3_1  0.0000
asc_alt3_2  0.0000
asc_alt3_3  0.0000
asc_alt3_4  0.0000
asc_alt3_5  0.0000
b_x1_1      0.1522
b_x1_2      1.2893
b_x1_3      0.3362
b_x1_4      1.3683
b_x1_5      0.0030
b_x2_1      0.5815
b_x2_2      0.5585
b_x2_3      0.6565
b_x2_4      0.4480
b_x2_5     -0.4704
b_x3_1      1.0954
b_x3_2      0.7264
b_x3_3      0.3329
b_x3_4     -0.7703
b_x3_5     -0.0936
b_x4_1      1.1577
b_x4_2      0.6360
b_x4_3     -0.0290
b_x4_4      1.9852
b_x4_5      0.3881
b_price_1  -1.4684
b_price_2  -1.8640
b_price_3  -1.3835
b_price_4   2.4905
b_price_5  -1.5416
delta_1     0.8297
delta_2     0.8977
delta_3     1.0236
delta_4    -1.2529
delta_5     0.0000

Stage 4, 38 active candidates.
Estimating 20 BFGS iteration(s) for each active candidate.
 Candidate......LLstart.....LLfinish.....GradientNorm...Converged
         5        -3496        -3496            0.298           0
         6        -3498        -3496            2.674           0
         8        -3496        -3496            0.179           0
        10        -3499        -3497            4.749           0
        13        -3497        -3496            0.638           0
        16        -3497        -3496            1.549           0
        17        -3499        -3497            2.998           0
        26        -3496        -3496            0.363           0
        30        -3497        -3496            1.616           0
        31        -3496        -3496            0.685           0
        35        -3499        -3497            6.076           0
        36        -3496        -3496            0.393           0
        38        -3496        -3496            0.188           0
        44        -3496        -3496            0.454           0
        46        -3498        -3496            2.803           0
        50        -3500        -3497            3.119           0
        55        -3498        -3496            2.819           0
        58        -3497        -3496            1.295           0
        59        -3496        -3496             0.26           0
        61        -3503        -3500            9.905           0
        63        -3500        -3500            0.628           0
        64        -3506        -3506            1.103           0
        67        -3496        -3496            0.253           1
        69        -3499        -3497            10.29           0
        70        -3496        -3496            0.263           0
        73        -3499        -3497            2.764           0
        75        -3496        -3496            0.137           1
        76        -3497        -3497            1.568           0
        77        -3496        -3496             0.09           1
        79        -3497        -3496            1.146           0
        82        -3496        -3496            0.219           0
        84        -3496        -3496            0.183           0
        91        -3497        -3496            0.423           0
        95        -3496        -3496            0.215           0
        96        -3496        -3496            0.575           0
        97        -3498        -3496            2.659           0
        98        -3496        -3496            0.062           1
       100        -3497        -3496            0.865           0
Candidate 6 dropped.
- Failed test 1: Too close to 5 in parameter space.
Candidate 10 dropped.
- Failed test 1: Too close to 70 in parameter space.
Candidate 35 dropped.
- Failed test 1: Too close to 59 in parameter space.
Candidate 46 dropped.
- Failed test 1: Too close to 31 in parameter space.
Candidate 55 dropped.
- Failed test 1: Too close to 16 in parameter space.
Candidate 69 dropped.
- Failed test 1: Too close to 58 in parameter space.
Candidate 73 dropped.
- Failed test 1: Too close to 38 in parameter space.
Candidate 97 dropped.
- Failed test 1: Too close to 30 in parameter space.
Best candidate so far (LL=-3496.4)
             Value
asc_alt1_1 -0.0146
asc_alt1_2  0.3334
asc_alt1_3 -0.2775
asc_alt1_4 -0.2053
asc_alt1_5 -0.1216
asc_alt2_1 -0.1263
asc_alt2_2  0.1338
asc_alt2_3 -1.2897
asc_alt2_4 -0.1827
asc_alt2_5  0.0622
asc_alt3_1  0.0000
asc_alt3_2  0.0000
asc_alt3_3  0.0000
asc_alt3_4  0.0000
asc_alt3_5  0.0000
b_x1_1      0.1521
b_x1_2      1.2940
b_x1_3      1.3631
b_x1_4      0.3391
b_x1_5     -0.0023
b_x2_1      0.5811
b_x2_2      0.5582
b_x2_3      0.4514
b_x2_4      0.6591
b_x2_5     -0.4670
b_x3_1      1.0934
b_x3_2      0.7253
b_x3_3     -0.7704
b_x3_4      0.3311
b_x3_5     -0.0939
b_x4_1      1.1579
b_x4_2      0.6345
b_x4_3      1.9837
b_x4_4     -0.0314
b_x4_5      0.3874
b_price_1  -1.4748
b_price_2  -1.8577
b_price_3   2.4852
b_price_4  -1.3867
b_price_5  -1.5467
delta_1     0.8346
delta_2     0.8934
delta_3    -1.2532
delta_4     1.0196
delta_5     0.0000

Stage 5, 27 active candidates.
Estimating 20 BFGS iteration(s) for each active candidate.
 Candidate......LLstart.....LLfinish.....GradientNorm...Converged
         5        -3496        -3496             0.14           1
         8        -3496        -3496            0.104           1
        13        -3496        -3496            0.335           1
        16        -3496        -3496            0.098           1
        17        -3497        -3496            3.926           0
        26        -3496        -3496            0.063           1
        30        -3496        -3496             0.11           0
        31        -3496        -3496            0.116           1
        36        -3496        -3496            0.106           1
        38        -3496        -3496            0.067           1
        44        -3496        -3496            0.079           1
        50        -3497        -3497            0.784           0
        58        -3496        -3496            0.301           1
        59        -3496        -3496            0.078           1
        61        -3500        -3497            7.049           0
        63        -3500        -3500            0.403           0
        64        -3506        -3506            0.626           0
        70        -3496        -3496            0.089           1
        76        -3497        -3497            0.818           0
        79        -3496        -3496            1.444           1
        82        -3496        -3496            0.246           1
        84        -3496        -3496            0.165           1
        91        -3496        -3496            0.049           1
        95        -3496        -3496            0.095           1
        96        -3496        -3496            0.207           1
        98        -3496        -3496                0           1
       100        -3496        -3496            0.129           1
Candidate 63 dropped.
- Failed test 2: Converging to a worse solution than98
Candidate 64 dropped.
- Failed test 2: Converging to a worse solution than98
Best candidate so far (LL=-3495.8)
             Value
asc_alt1_1 -0.0685
asc_alt1_2  0.3173
asc_alt1_3 -1.6357
asc_alt1_4 -0.3326
asc_alt1_5 -0.1080
asc_alt2_1 -0.1435
asc_alt2_2  0.0440
asc_alt2_3 -4.7526
asc_alt2_4 -0.1975
asc_alt2_5  0.0016
asc_alt3_1  0.0000
asc_alt3_2  0.0000
asc_alt3_3  0.0000
asc_alt3_4  0.0000
asc_alt3_5  0.0000
b_x1_1      0.0738
b_x1_2      1.0590
b_x1_3      1.0894
b_x1_4      0.3436
b_x1_5      0.0612
b_x2_1      0.6756
b_x2_2      0.5253
b_x2_3     -4.3285
b_x2_4      0.7278
b_x2_5     -0.2941
b_x3_1      1.1027
b_x3_2      0.4951
b_x3_3      7.0078
b_x3_4      0.5077
b_x3_5     -0.1669
b_x4_1      1.2703
b_x4_2      0.6293
b_x4_3      3.2176
b_x4_4     -0.1586
b_x4_5      0.4092
b_price_1  -1.5733
b_price_2  -1.1617
b_price_3  -2.0263
b_price_4  -1.7792
b_price_5  -1.2812
delta_1     0.3865
delta_2     0.9241
delta_3    -2.3564
delta_4     0.4978
delta_5     0.0000
Several observations per individual detected based on the value of ID.
  Setting panelData in apollo_control set to TRUE.
With setting noValidation=TRUE in apollo_control, your model code will
  not be validated prior to estimation. This may of course be
  deliberate for large models or models with many components.
All checks on apollo_control completed.
All checks on database completed.
INFORMATION: The use of apollo_lcEM has a number of requirements. No checks are run
  for these, so the user needs to ensure these conditions are met by
  their model: 
1: This function is only suitable for single component models, i.e. no
  use of apollo_combineModels or manual multiplication of model
  components.
2: Any parameters that vary across classes need to be included in the
  definition of random parameters in apollo_lcPars.
3: The entries in the lists in apollo_lcPars need to be individual
  parameters, not functions thereof.

Validating inputs of likelihood function (apollo_probabilities)

Initialising EM algorithm
Starting iteration: 1
- Current LL : -3650.155
- New LL     : -3551.473
- Improvement: 98.68155

Starting iteration: 2
- Current LL : -3551.473
- New LL     : -3548.414
- Improvement: 3.059504

Starting iteration: 3
- Current LL : -3548.414
- New LL     : -3546.273
- Improvement: 2.140707

Starting iteration: 4
- Current LL : -3546.273
- New LL     : -3544.754
- Improvement: 1.519216

Starting iteration: 5
- Current LL : -3544.754
- New LL     : -3543.378
- Improvement: 1.375927

Starting iteration: 6
- Current LL : -3543.378
- New LL     : -3541.737
- Improvement: 1.640395

Starting iteration: 7
- Current LL : -3541.737
- New LL     : -3539.496
- Improvement: 2.241258

Starting iteration: 8
- Current LL : -3539.496
- New LL     : -3536.505
- Improvement: 2.990844

Starting iteration: 9
- Current LL : -3536.505
- New LL     : -3533.058
- Improvement: 3.447113

Starting iteration: 10
- Current LL : -3533.058
- New LL     : -3529.725
- Improvement: 3.333686

Starting iteration: 11
- Current LL : -3529.725
- New LL     : -3526.695
- Improvement: 3.029051

Starting iteration: 12
- Current LL : -3526.695
- New LL     : -3523.576
- Improvement: 3.119577

Starting iteration: 13
- Current LL : -3523.576
- New LL     : -3519.85
- Improvement: 3.725566

Starting iteration: 14
- Current LL : -3519.85
- New LL     : -3515.579
- Improvement: 4.27173

Starting iteration: 15
- Current LL : -3515.579
- New LL     : -3511.626
- Improvement: 3.952683

Starting iteration: 16
- Current LL : -3511.626
- New LL     : -3508.696
- Improvement: 2.92954

Starting iteration: 17
- Current LL : -3508.696
- New LL     : -3506.705
- Improvement: 1.991851

Starting iteration: 18
- Current LL : -3506.705
- New LL     : -3505.299
- Improvement: 1.405977

Starting iteration: 19
- Current LL : -3505.299
- New LL     : -3504.238
- Improvement: 1.060268

Starting iteration: 20
- Current LL : -3504.238
- New LL     : -3503.404
- Improvement: 0.8338042

Starting iteration: 21
- Current LL : -3503.404
- New LL     : -3502.74
- Improvement: 0.6648697

Starting iteration: 22
- Current LL : -3502.74
- New LL     : -3502.212
- Improvement: 0.527879

Starting iteration: 23
- Current LL : -3502.212
- New LL     : -3501.797
- Improvement: 0.4145383

Starting iteration: 24
- Current LL : -3501.797
- New LL     : -3501.475
- Improvement: 0.3218961

Starting iteration: 25
- Current LL : -3501.475
- New LL     : -3501.226
- Improvement: 0.2495244

Starting iteration: 26
- Current LL : -3501.226
- New LL     : -3501.031
- Improvement: 0.1944341

Starting iteration: 27
- Current LL : -3501.031
- New LL     : -3500.877
- Improvement: 0.1542488

Starting iteration: 28
- Current LL : -3500.877
- New LL     : -3500.752
- Improvement: 0.1255445

Starting iteration: 29
- Current LL : -3500.752
- New LL     : -3500.646
- Improvement: 0.105088

Starting iteration: 30
- Current LL : -3500.646
- New LL     : -3500.555
- Improvement: 0.09161094

Starting iteration: 31
- Current LL : -3500.555
- New LL     : -3500.473
- Improvement: 0.08167371

Starting iteration: 32
- Current LL : -3500.473
- New LL     : -3500.398
- Improvement: 0.07475185

Starting iteration: 33
- Current LL : -3500.398
- New LL     : -3500.327
- Improvement: 0.07106351

Starting iteration: 34
- Current LL : -3500.327
- New LL     : -3500.26
- Improvement: 0.06774523

Starting iteration: 35
- Current LL : -3500.26
- New LL     : -3500.194
- Improvement: 0.06574667

Starting iteration: 36
- Current LL : -3500.194
- New LL     : -3500.129
- Improvement: 0.06509642

Starting iteration: 37
- Current LL : -3500.129
- New LL     : -3500.065
- Improvement: 0.0634004

Starting iteration: 38
- Current LL : -3500.065
- New LL     : -3500.003
- Improvement: 0.06231316

Starting iteration: 39
- Current LL : -3500.003
- New LL     : -3499.941
- Improvement: 0.06170783

Starting iteration: 40
- Current LL : -3499.941
- New LL     : -3499.881
- Improvement: 0.06046163

Starting iteration: 41
- Current LL : -3499.881
- New LL     : -3499.821
- Improvement: 0.05969251

Starting iteration: 42
- Current LL : -3499.821
- New LL     : -3499.764
- Improvement: 0.05754327

Starting iteration: 43
- Current LL : -3499.764
- New LL     : -3499.707
- Improvement: 0.05646184

Starting iteration: 44
- Current LL : -3499.707
- New LL     : -3499.652
- Improvement: 0.05540434

Starting iteration: 45
- Current LL : -3499.652
- New LL     : -3499.597
- Improvement: 0.05469842

Starting iteration: 46
- Current LL : -3499.597
- New LL     : -3499.543
- Improvement: 0.05384957

Starting iteration: 47
- Current LL : -3499.543
- New LL     : -3499.49
- Improvement: 0.05362571

Starting iteration: 48
- Current LL : -3499.49
- New LL     : -3499.437
- Improvement: 0.05278662

Starting iteration: 49
- Current LL : -3499.437
- New LL     : -3499.384
- Improvement: 0.05292576

Starting iteration: 50
- Current LL : -3499.384
- New LL     : -3499.331
- Improvement: 0.05255919

Starting iteration: 51
- Current LL : -3499.331
- New LL     : -3499.278
- Improvement: 0.05290148

Starting iteration: 52
- Current LL : -3499.278
- New LL     : -3499.225
- Improvement: 0.05307151

Starting iteration: 53
- Current LL : -3499.225
- New LL     : -3499.172
- Improvement: 0.0534798

Starting iteration: 54
- Current LL : -3499.172
- New LL     : -3499.118
- Improvement: 0.0539916

Starting iteration: 55
- Current LL : -3499.118
- New LL     : -3499.063
- Improvement: 0.0545998

Starting iteration: 56
- Current LL : -3499.063
- New LL     : -3499.008
- Improvement: 0.05521691

Starting iteration: 57
- Current LL : -3499.008
- New LL     : -3498.952
- Improvement: 0.05568086

Starting iteration: 58
- Current LL : -3498.952
- New LL     : -3498.896
- Improvement: 0.05624216

Starting iteration: 59
- Current LL : -3498.896
- New LL     : -3498.84
- Improvement: 0.0564769

Starting iteration: 60
- Current LL : -3498.84
- New LL     : -3498.783
- Improvement: 0.0571609

Starting iteration: 61
- Current LL : -3498.783
- New LL     : -3498.725
- Improvement: 0.05787234

Starting iteration: 62
- Current LL : -3498.725
- New LL     : -3498.666
- Improvement: 0.05862693

Starting iteration: 63
- Current LL : -3498.666
- New LL     : -3498.607
- Improvement: 0.05907442

Starting iteration: 64
- Current LL : -3498.607
- New LL     : -3498.547
- Improvement: 0.05996395

Starting iteration: 65
- Current LL : -3498.547
- New LL     : -3498.485
- Improvement: 0.06160025

Starting iteration: 66
- Current LL : -3498.485
- New LL     : -3498.422
- Improvement: 0.0636137

Starting iteration: 67
- Current LL : -3498.422
- New LL     : -3498.356
- Improvement: 0.06569399

Starting iteration: 68
- Current LL : -3498.356
- New LL     : -3498.287
- Improvement: 0.06921193

Starting iteration: 69
- Current LL : -3498.287
- New LL     : -3498.214
- Improvement: 0.07292906

Starting iteration: 70
- Current LL : -3498.214
- New LL     : -3498.136
- Improvement: 0.07787682

Starting iteration: 71
- Current LL : -3498.136
- New LL     : -3498.052
- Improvement: 0.08399725

Starting iteration: 72
- Current LL : -3498.052
- New LL     : -3497.962
- Improvement: 0.09054428

Starting iteration: 73
- Current LL : -3497.962
- New LL     : -3497.864
- Improvement: 0.09725256

Starting iteration: 74
- Current LL : -3497.864
- New LL     : -3497.76
- Improvement: 0.1044023

Starting iteration: 75
- Current LL : -3497.76
- New LL     : -3497.649
- Improvement: 0.111204

Starting iteration: 76
- Current LL : -3497.649
- New LL     : -3497.532
- Improvement: 0.1165533

Starting iteration: 77
- Current LL : -3497.532
- New LL     : -3497.412
- Improvement: 0.1198579

Starting iteration: 78
- Current LL : -3497.412
- New LL     : -3497.292
- Improvement: 0.1199435

Starting iteration: 79
- Current LL : -3497.292
- New LL     : -3497.175
- Improvement: 0.1169369

Starting iteration: 80
- Current LL : -3497.175
- New LL     : -3497.065
- Improvement: 0.1107627

Starting iteration: 81
- Current LL : -3497.065
- New LL     : -3496.963
- Improvement: 0.1013324

Starting iteration: 82
- Current LL : -3496.963
- New LL     : -3496.873
- Improvement: 0.09038853

Starting iteration: 83
- Current LL : -3496.873
- New LL     : -3496.793
- Improvement: 0.07978383

Starting iteration: 84
- Current LL : -3496.793
- New LL     : -3496.724
- Improvement: 0.0694378

Starting iteration: 85
- Current LL : -3496.724
- New LL     : -3496.664
- Improvement: 0.05920351

Starting iteration: 86
- Current LL : -3496.664
- New LL     : -3496.615
- Improvement: 0.04984854

Starting iteration: 87
- Current LL : -3496.615
- New LL     : -3496.573
- Improvement: 0.0412364

Starting iteration: 88
- Current LL : -3496.573
- New LL     : -3496.541
- Improvement: 0.03242259

Starting iteration: 89
- Current LL : -3496.541
- New LL     : -3496.516
- Improvement: 0.02518203

Starting iteration: 90
- Current LL : -3496.516
- New LL     : -3496.497
- Improvement: 0.01836443

Starting iteration: 91
- Current LL : -3496.497
- New LL     : -3496.484
- Improvement: 0.01354343

Starting iteration: 92
- Current LL : -3496.484
- New LL     : -3496.474
- Improvement: 0.00971657

Starting iteration: 93
- Current LL : -3496.474
- New LL     : -3496.467
- Improvement: 0.00703416

Starting iteration: 94
- Current LL : -3496.467
- New LL     : -3496.462
- Improvement: 0.005096409

Starting iteration: 95
- Current LL : -3496.462
- New LL     : -3496.458
- Improvement: 0.003973784

Starting iteration: 96
- Current LL : -3496.458
- New LL     : -3496.455
- Improvement: 0.003036114

Starting iteration: 97
- Current LL : -3496.455
- New LL     : -3496.453
- Improvement: 0.002451883

Starting iteration: 98
- Current LL : -3496.453
- New LL     : -3496.45
- Improvement: 0.002079321

Starting iteration: 99
- Current LL : -3496.45
- New LL     : -3496.449
- Improvement: 0.001703695

Starting iteration: 100
- Current LL : -3496.449
- New LL     : -3496.447
- Improvement: 0.001530702

EM algorithm stopped: maximum number of iterations reached!
No covariance matrix will be computed as convergence has not been
  reached. You may call apollo_addCovariance(model,apollo_inputs) to
  compute a covariance matrix at the current estimates.
[06:53:15]   done very_hard|seed1 : gaps  klue_ml=+0.00  klue_em=-1.52  apollo_searchStart=-0.07  apollo_lcEM=-1.55  gmnl_lc=-1.52  apollo_ss_published=-1.52
[06:53:15] RUN  very_hard|seed2  (K=5 kap=0.30 sig=0.35 corr=none)  arms: apollo_searchStart, apollo_lcEM
Several observations per individual detected based on the value of ID.
  Setting panelData in apollo_control set to TRUE.
All checks on apollo_control completed.
All checks on database completed.
Testing probability function (apollo_probabilities)
Apollo found a model component of type classAlloc without a
  componentName. The name was set to "classAlloc" by default.
INFORMATION: Setting "avail" is missing, so full availability is assumed. 
Apollo found a model component of type MNL without a componentName. The
  name was set to "Class_1" by default.
Apollo found a model component of type MNL without a componentName. The
  name was set to "Class_2" by default.
Apollo found a model component of type MNL without a componentName. The
  name was set to "Class_3" by default.
Apollo found a model component of type MNL without a componentName. The
  name was set to "Class_4" by default.
Apollo found a model component of type MNL without a componentName. The
  name was set to "Class_5" by default.
Pre-processing likelihood function...
INFORMATION: Apollo was not able to compute analytical gradients for your model.
  This could be because you are using model components for which
  analytical gradients are not yet implemented, or because you coded
  your own model functions. If however you only used apollo_mnl,
  apollo_fmnl, apollo_normalDensity, apollo_ol or apollo_op, then there
  could be another issue. You might want to ask for help in the Apollo
  forum (http://www.apollochoicemodelling.com/forum) on how to solve
  this issue. If you do, please post your code and data (if not
  confidential). 
Creating initial set of 100 candidate values.
Calculating LL of candidates 0%....50%.....100%

Stage 1, 100 active candidates.
Estimating 20 BFGS iteration(s) for each active candidate.
 Candidate......LLstart.....LLfinish.....GradientNorm...Converged
         1        -3681        -3548           32.924           0
         2        -3680        -3542           13.256           0
         3        -3684        -3544            9.721           0
         4        -3693        -3543           17.613           0
         5        -3691        -3542            32.37           0
         6        -3684        -3542           32.827           0
         7        -3676        -3544            7.646           0
         8        -3684        -3544            27.27           0
         9        -3677        -3547           35.572           0
        10        -3685        -3542           16.061           0
        11        -3672        -3544             9.64           0
        12        -3677        -3546            9.656           0
        13        -3672        -3546           25.119           0
        14        -3681        -3543           16.014           0
        15        -3683        -3544            9.507           0
        16        -3688        -3540           24.426           0
        17        -3679        -3544           13.152           0
        18        -3687        -3544           15.237           0
        19        -3687        -3541           15.493           0
        20        -3689        -3544           16.454           0
        21        -3675        -3543           13.513           0
        22        -3697        -3542           18.021           0
        23        -3673        -3544           19.627           0
        24        -3680        -3543             14.2           0
        25        -3683        -3545            18.81           0
        26        -3687        -3541           19.657           0
        27        -3674        -3544           28.434           0
        28        -3685        -3542           20.129           0
        29        -3679        -3547           18.634           0
        30        -3678        -3543           18.908           0
        31        -3680        -3542           14.242           0
        32        -3683        -3544           30.163           0
        33        -3684        -3546           20.188           0
        34        -3688        -3544           10.114           0
        35        -3670        -3549           27.691           0
        36        -3684        -3543           12.506           0
        37        -3668        -3543           30.904           0
        38        -3680        -3543            8.428           0
        39        -3675        -3543           21.621           0
        40        -3696        -3547           24.207           0
        41        -3675        -3543           12.109           0
        42        -3691        -3546           23.319           0
        43        -3686        -3542           21.773           0
        44        -3671        -3543           21.188           0
        45        -3687        -3543           12.865           0
        46        -3689        -3542           15.897           0
        47        -3670        -3544           16.324           0
        48        -3679        -3544           34.407           0
        49        -3699        -3546           18.112           0
        50        -3677        -3545            18.32           0
        51        -3674        -3541           27.141           0
        52        -3678        -3546           13.065           0
        53        -3681        -3542           15.962           0
        54        -3677        -3544            16.56           0
        55        -3681        -3542           23.541           0
        56        -3669        -3548           35.014           0
        57        -3686        -3546           21.922           0
        58        -3688        -3545           28.411           0
        59        -3677        -3543           15.704           0
        60        -3689        -3543           10.344           0
        61        -3685        -3544           14.432           0
        62        -3682        -3545           13.205           0
        63        -3682        -3543           20.506           0
        64        -3678        -3544           14.868           0
        65        -3689        -3542           15.571           0
        66        -3680        -3549           35.716           0
        67        -3684        -3547            33.23           0
        68        -3688        -3542           11.892           0
        69        -3685        -3546           10.014           0
        70        -3681        -3544           14.371           0
        71        -3690        -3544           18.291           0
        72        -3686        -3543           18.603           0
        73        -3689        -3543           11.423           0
        74        -3684        -3543           13.771           0
        75        -3673        -3543            14.15           0
        76        -3676        -3541            17.37           0
        77        -3696        -3546           13.877           0
        78        -3680        -3542           22.634           0
        79        -3694        -3541           27.638           0
        80        -3694        -3545           17.002           0
        81        -3691        -3543            13.94           0
        82        -3655        -3546           12.962           0
        83        -3694        -3543           12.347           0
        84        -3696        -3544           18.712           0
        85        -3684        -3547            17.38           0
        86        -3674        -3545           16.681           0
        87        -3687        -3541           25.093           0
        88        -3686        -3546           19.448           0
        89        -3688        -3544            17.13           0
        90        -3691        -3542           11.486           0
        91        -3682        -3549           31.633           0
        92        -3681        -3543           13.713           0
        93        -3670        -3546            22.51           0
        94        -3682        -3543           20.866           0
        95        -3690        -3547           20.848           0
        96        -3682        -3547            23.17           0
        97        -3686        -3543           20.689           0
        98        -3691        -3545           17.131           0
        99        -3672        -3542           10.312           0
       100        -3677        -3543           27.482           0
Best candidate so far (LL=-3540.3)
             Value
asc_alt1_1 -0.1559
asc_alt1_2  0.2200
asc_alt1_3  0.0597
asc_alt1_4  0.3335
asc_alt1_5  0.2165
asc_alt2_1 -0.0943
asc_alt2_2  0.2421
asc_alt2_3 -0.4822
asc_alt2_4  0.0420
asc_alt2_5  0.7061
asc_alt3_1  0.0000
asc_alt3_2  0.0000
asc_alt3_3  0.0000
asc_alt3_4  0.0000
asc_alt3_5  0.0000
b_x1_1      0.4360
b_x1_2      0.6576
b_x1_3      2.3771
b_x1_4      0.3927
b_x1_5     -0.0913
b_x2_1      0.3451
b_x2_2      0.4541
b_x2_3      1.5521
b_x2_4     -1.2770
b_x2_5      0.8434
b_x3_1      0.6353
b_x3_2      0.0980
b_x3_3     -0.2833
b_x3_4     -0.8140
b_x3_5      1.2294
b_x4_1      0.8691
b_x4_2      0.1284
b_x4_3     -0.9329
b_x4_4      0.8853
b_x4_5      0.2761
b_price_1  -1.4850
b_price_2  -1.2444
b_price_3  -1.0285
b_price_4  -2.1360
b_price_5  -1.0011
delta_1     1.3895
delta_2     1.2861
delta_3    -0.6448
delta_4    -0.9065
delta_5     0.0000

Stage 2, 100 active candidates.
Estimating 20 BFGS iteration(s) for each active candidate.
 Candidate......LLstart.....LLfinish.....GradientNorm...Converged
         1        -3548        -3538            6.023           0
         2        -3542        -3535           16.349           0
         3        -3544        -3539           27.251           0
         4        -3543        -3537            5.699           0
         5        -3542        -3535           11.895           0
         6        -3542        -3534            6.593           0
         7        -3544        -3540           11.355           0
         8        -3544        -3534            9.912           0
         9        -3547        -3538             8.45           0
        10        -3542        -3538             5.63           0
        11        -3544        -3538           16.533           0
        12        -3546        -3541            9.489           0
        13        -3546        -3537           14.815           0
        14        -3543        -3538            9.237           0
        15        -3544        -3542           15.606           0
        16        -3540        -3534            4.499           0
        17        -3544        -3541           11.719           0
        18        -3544        -3537           13.916           0
        19        -3541        -3534            7.855           0
        20        -3544        -3538            6.324           0
        21        -3543        -3538            6.195           0
        22        -3542        -3538            6.255           0
        23        -3544        -3538            9.171           0
        24        -3543        -3539            7.938           0
        25        -3545        -3539            7.472           0
        26        -3541        -3534            5.872           0
        27        -3544        -3534            8.679           0
        28        -3542        -3534            10.84           0
        29        -3547        -3542           12.719           0
        30        -3543        -3536           14.771           0
        31        -3542        -3534            8.478           0
        32        -3544        -3539            5.993           0
        33        -3546        -3538           22.547           0
        34        -3544        -3540           11.936           0
        35        -3549        -3538           11.602           0
        36        -3543        -3539           10.194           0
        37        -3543        -3534            4.397           0
        38        -3543        -3539            9.373           0
        39        -3543        -3538            3.882           0
        40        -3547        -3539           10.534           0
        41        -3543        -3538            6.034           0
        42        -3546        -3539           12.087           0
        43        -3542        -3537            5.563           0
        44        -3543        -3535           12.711           0
        45        -3543        -3538            6.933           0
        46        -3542        -3534            6.872           0
        47        -3544        -3539            8.436           0
        48        -3544        -3534            4.986           0
        49        -3546        -3538            7.044           0
        50        -3545        -3539            6.371           0
        51        -3541        -3534            8.131           0
        52        -3546        -3542           17.831           0
        53        -3542        -3535           13.266           0
        54        -3544        -3537           13.487           0
        55        -3542        -3535           14.277           0
        56        -3548        -3537            5.972           0
        57        -3546        -3536           11.123           0
        58        -3545        -3535            6.021           0
        59        -3543        -3539            3.643           0
        60        -3543        -3535           10.438           0
        61        -3544        -3538            5.153           0
        62        -3545        -3541            14.04           0
        63        -3543        -3535           12.255           0
        64        -3544        -3537            6.654           0
        65        -3542        -3535           10.584           0
        66        -3549        -3537            12.51           0
        67        -3547        -3538           13.748           0
        68        -3542        -3539            6.932           0
        69        -3546        -3542            7.255           0
        70        -3544        -3542           10.441           0
        71        -3544        -3538            5.797           0
        72        -3543        -3537            9.915           0
        73        -3543        -3538            8.557           0
        74        -3543        -3538            4.755           0
        75        -3543        -3539           13.384           0
        76        -3541        -3534            8.058           0
        77        -3546        -3541            7.643           0
        78        -3542        -3535            9.308           0
        79        -3541        -3537            2.227           0
        80        -3545        -3540           18.032           0
        81        -3543        -3534           10.411           0
        82        -3546        -3540            8.361           0
        83        -3543        -3536           15.476           0
        84        -3544        -3538            6.033           0
        85        -3547        -3541            9.047           0
        86        -3545        -3541            9.198           0
        87        -3541        -3534            3.674           0
        88        -3546        -3540            9.765           0
        89        -3544        -3540            5.061           0
        90        -3542        -3536           15.312           0
        91        -3549        -3539           11.921           0
        92        -3543        -3540            4.905           0
        93        -3546        -3538            9.914           0
        94        -3543        -3536           12.909           0
        95        -3547        -3542            5.705           0
        96        -3547        -3541           15.113           0
        97        -3543        -3537           17.991           0
        98        -3545        -3539            5.501           0
        99        -3542        -3538           10.084           0
       100        -3543        -3538            8.388           0
Candidate 19 dropped.
- Failed test 1: Too close to 16 in parameter space.
Candidate 20 dropped.
- Failed test 1: Too close to 71 in parameter space.
Candidate 31 dropped.
- Failed test 1: Too close to 48 in parameter space.
Candidate 41 dropped.
- Failed test 1: Too close to 61 in parameter space.
Candidate 45 dropped.
- Failed test 1: Too close to 39 in parameter space.
Candidate 47 dropped.
- Failed test 1: Too close to 1 in parameter space.
Candidate 49 dropped.
- Failed test 1: Too close to 74 in parameter space.
Candidate 51 dropped.
- Failed test 1: Too close to 87 in parameter space.
Best candidate so far (LL=-3533.6)
             Value
asc_alt1_1 -0.1202
asc_alt1_2  0.1438
asc_alt1_3  0.3787
asc_alt1_4  0.6590
asc_alt1_5  0.2473
asc_alt2_1 -0.0938
asc_alt2_2  0.2287
asc_alt2_3  1.0681
asc_alt2_4  0.0580
asc_alt2_5 -0.5506
asc_alt3_1  0.0000
asc_alt3_2  0.0000
asc_alt3_3  0.0000
asc_alt3_4  0.0000
asc_alt3_5  0.0000
b_x1_1      0.3802
b_x1_2      0.6212
b_x1_3     -0.3172
b_x1_4      0.3859
b_x1_5      2.7730
b_x2_1      0.3563
b_x2_2      0.4939
b_x2_3      1.3426
b_x2_4     -1.3603
b_x2_5      2.1584
b_x3_1      0.6471
b_x3_2      0.1552
b_x3_3      1.6638
b_x3_4     -0.7901
b_x3_5      0.1558
b_x4_1      0.8696
b_x4_2      0.0784
b_x4_3      0.4362
b_x4_4      1.3038
b_x4_5     -0.9373
b_price_1  -1.4604
b_price_2  -1.2483
b_price_3  -1.6456
b_price_4  -2.7338
b_price_5  -1.5695
delta_1     2.4532
delta_2     2.3230
delta_3     0.5101
delta_4    -0.2922
delta_5     0.0000

Stage 3, 92 active candidates.
Estimating 20 BFGS iteration(s) for each active candidate.
 Candidate......LLstart.....LLfinish.....GradientNorm...Converged
         1        -3538        -3537            3.715           0
         2        -3535        -3533            3.038           0
         3        -3539        -3534            5.441           0
         4        -3537        -3537            2.421           0
         5        -3535        -3533            3.129           0
         6        -3534        -3533            2.215           0
         7        -3540        -3538            7.366           0
         8        -3534        -3534            0.661           0
         9        -3538        -3536            9.233           0
        10        -3538        -3538            4.995           0
        11        -3538        -3537             3.18           0
        12        -3541        -3537           15.355           0
        13        -3537        -3533            2.386           0
        14        -3538        -3537            1.946           0
        15        -3542        -3539            3.858           0
        16        -3534        -3533            1.815           0
        17        -3541        -3538            4.413           0
        18        -3537        -3533            2.646           0
        21        -3538        -3537            0.918           0
        22        -3538        -3537            4.942           0
        23        -3538        -3537            2.272           0
        24        -3539        -3537             8.23           0
        25        -3539        -3538            0.854           0
        26        -3534        -3533            2.101           0
        27        -3534        -3534            2.051           0
        28        -3534        -3533            1.782           0
        29        -3542        -3540            9.379           0
        30        -3536        -3534            8.153           0
        32        -3539        -3538             1.64           0
        33        -3538        -3534            7.957           0
        34        -3540        -3537           12.302           0
        35        -3538        -3537            3.557           0
        36        -3539        -3537            3.296           0
        37        -3534        -3533            1.126           0
        38        -3539        -3537           13.609           0
        39        -3538        -3537            0.943           0
        40        -3539        -3537            2.007           0
        42        -3539        -3537            2.244           0
        43        -3537        -3535           13.388           0
        44        -3535        -3533            2.702           0
        46        -3534        -3534            0.988           0
        48        -3534        -3533            0.845           0
        50        -3539        -3538            3.768           0
        52        -3542        -3538             2.62           0
        53        -3535        -3533            2.215           0
        54        -3537        -3534            7.745           0
        55        -3535        -3533            3.586           0
        56        -3537        -3537            4.673           0
        57        -3536        -3533              2.6           0
        58        -3535        -3534            2.949           0
        59        -3539        -3537           17.796           0
        60        -3535        -3533            2.889           0
        61        -3538        -3537            1.559           0
        62        -3541        -3538            3.947           0
        63        -3535        -3534            2.164           0
        64        -3537        -3535           15.963           0
        65        -3535        -3534            6.112           0
        66        -3537        -3536            7.008           0
        67        -3538        -3537            2.495           0
        68        -3539        -3538            5.502           0
        69        -3542        -3540           11.273           0
        70        -3542        -3539            7.827           0
        71        -3538        -3537            1.408           0
        72        -3537        -3534            8.601           0
        73        -3538        -3536             15.2           0
        74        -3538        -3537            1.313           0
        75        -3539        -3537            2.767           0
        76        -3534        -3533            0.624           0
        77        -3541        -3539            4.513           0
        78        -3535        -3533            2.383           0
        79        -3537        -3537            1.464           0
        80        -3540        -3538             4.56           0
        81        -3534        -3533             2.99           0
        82        -3540        -3538            6.919           0
        83        -3536        -3534            3.397           0
        84        -3538        -3538            6.251           0
        85        -3541        -3540            9.575           0
        86        -3541        -3539            6.544           0
        87        -3534        -3533            1.877           0
        88        -3540        -3538            7.629           0
        89        -3540        -3538            7.498           0
        90        -3536        -3534            2.405           0
        91        -3539        -3537            3.472           0
        92        -3540        -3538            14.32           0
        93        -3538        -3534            8.876           0
        94        -3536        -3533              3.6           0
        95        -3542        -3541            8.811           0
        96        -3541        -3539            5.217           0
        97        -3537        -3534            5.489           0
        98        -3539        -3537           16.306           0
        99        -3538        -3536           12.183           0
       100        -3538        -3537            0.969           0
Candidate 5 dropped.
- Failed test 1: Too close to 87 in parameter space.
Candidate 10 dropped.
- Failed test 1: Too close to 71 in parameter space.
Candidate 22 dropped.
- Failed test 1: Too close to 11 in parameter space.
Candidate 30 dropped.
- Failed test 1: Too close to 5, 87 in parameter space.
Candidate 38 dropped.
- Failed test 1: Too close to 99 in parameter space.
Candidate 43 dropped.
- Failed test 1: Too close to 44 in parameter space.
Candidate 44 dropped.
- Failed test 1: Too close to 48 in parameter space.
Candidate 50 dropped.
- Failed test 1: Too close to 91 in parameter space.
Candidate 81 dropped.
- Failed test 1: Too close to 57 in parameter space.
Candidate 90 dropped.
- Failed test 1: Too close to 46 in parameter space.
Candidate 93 dropped.
- Failed test 1: Too close to 30 in parameter space.
Candidate 97 dropped.
- Failed test 1: Too close to 16 in parameter space.
Best candidate so far (LL=-3533.3)
             Value
asc_alt1_1  0.3083
asc_alt1_2  0.4970
asc_alt1_3 -0.1032
asc_alt1_4  0.7449
asc_alt1_5  0.1567
asc_alt2_1  0.9955
asc_alt2_2 -0.5088
asc_alt2_3 -0.0708
asc_alt2_4  0.0890
asc_alt2_5  0.2255
asc_alt3_1  0.0000
asc_alt3_2  0.0000
asc_alt3_3  0.0000
asc_alt3_4  0.0000
asc_alt3_5  0.0000
b_x1_1     -0.2512
b_x1_2      3.3602
b_x1_3      0.3802
b_x1_4      0.3755
b_x1_5      0.6629
b_x2_1      1.3216
b_x2_2      2.5095
b_x2_3      0.3385
b_x2_4     -1.4628
b_x2_5      0.5289
b_x3_1      1.6422
b_x3_2      0.3122
b_x3_3      0.6167
b_x3_4     -0.7962
b_x3_5      0.1225
b_x4_1      0.4127
b_x4_2     -0.9890
b_x4_3      0.8338
b_x4_4      1.3071
b_x4_5      0.0432
b_price_1  -1.6103
b_price_2  -1.1945
b_price_3  -1.4227
b_price_4  -2.9919
b_price_5  -1.2955
delta_1    -1.7038
delta_2    -2.5276
delta_3     0.2510
delta_4    -2.6256
delta_5     0.0000

Stage 4, 80 active candidates.
Estimating 20 BFGS iteration(s) for each active candidate.
 Candidate......LLstart.....LLfinish.....GradientNorm...Converged
         1        -3537        -3537             0.99           0
         2        -3533        -3533            1.008           0
         3        -3534        -3533            2.148           0
         4        -3537        -3536           11.923           0
         6        -3533        -3533            0.343           0
         7        -3538        -3537             3.46           0
         8        -3534        -3533            2.079           0
         9        -3536        -3535            1.964           0
        11        -3537        -3536            9.148           0
        12        -3537        -3534            6.472           0
        13        -3533        -3533            1.443           0
        14        -3537        -3537            0.284           0
        15        -3539        -3538           11.984           0
        16        -3533        -3533            0.443           0
        17        -3538        -3537            2.502           0
        18        -3533        -3533            2.316           0
        21        -3537        -3537           10.185           0
        23        -3537        -3536           13.567           0
        24        -3537        -3534           11.765           0
        25        -3538        -3538            6.931           0
        26        -3533        -3533            0.488           0
        27        -3534        -3533            1.135           0
        28        -3533        -3533            1.592           0
        29        -3540        -3537            9.837           0
        32        -3538        -3538            1.155           0
        33        -3534        -3534            0.892           0
        34        -3537        -3534            7.225           0
        35        -3537        -3536            8.663           0
        36        -3537        -3537            0.597           0
        37        -3533        -3533            0.671           0
        39        -3537        -3537            0.566           1
        40        -3537        -3537            2.139           0
        42        -3537        -3537           10.982           0
        46        -3534        -3533            3.137           0
        48        -3533        -3533            0.238           0
        52        -3538        -3538            1.886           0
        53        -3533        -3533            0.267           0
        54        -3534        -3533            0.968           0
        55        -3533        -3533            1.038           0
        56        -3537        -3535           12.358           0
        57        -3533        -3533            0.771           0
        58        -3534        -3534            1.427           0
        59        -3537        -3533            2.962           0
        60        -3533        -3533            0.311           0
        61        -3537        -3537            0.183           0
        62        -3538        -3537            1.599           0
        63        -3534        -3533            1.568           0
        64        -3535        -3533            2.982           0
        65        -3534        -3533             1.37           0
        66        -3536        -3535            6.999           0
        67        -3537        -3537            0.258           0
        68        -3538        -3537            2.022           0
        69        -3540        -3538           18.981           0
        70        -3539        -3538            3.816           0
        71        -3537        -3537            0.233           0
        72        -3534        -3533             2.87           0
        73        -3536        -3534            4.016           0
        74        -3537        -3537            0.302           0
        75        -3537        -3537            1.225           0
        76        -3533        -3533            0.238           1
        77        -3539        -3539            7.275           0
        78        -3533        -3533            0.408           0
        79        -3537        -3536            17.82           0
        80        -3538        -3537            1.615           0
        82        -3538        -3538            5.279           0
        83        -3534        -3533            1.673           0
        84        -3538        -3537            0.867           0
        85        -3540        -3538              4.2           0
        86        -3539        -3536           15.429           0
        87        -3533        -3533              0.4           0
        88        -3538        -3537            3.433           0
        89        -3538        -3534           10.282           0
        91        -3537        -3537            0.726           0
        92        -3538        -3536            5.986           0
        94        -3533        -3533            0.638           0
        95        -3541        -3537            8.827           0
        96        -3539        -3538            6.553           0
        98        -3537        -3536            4.094           0
        99        -3536        -3534            6.849           0
       100        -3537        -3537           13.212           0
Candidate 7 dropped.
- Failed test 1: Too close to 61 in parameter space.
Candidate 17 dropped.
- Failed test 1: Too close to 71 in parameter space.
Candidate 59 dropped.
- Failed test 1: Too close to 94 in parameter space.
Candidate 70 dropped.
- Failed test 1: Too close to 82 in parameter space.
Best candidate so far (LL=-3533.3)
             Value
asc_alt1_1 -0.1016
asc_alt1_2  0.1584
asc_alt1_3  0.3092
asc_alt1_4  0.7289
asc_alt1_5  0.4789
asc_alt2_1 -0.0706
asc_alt2_2  0.2283
asc_alt2_3  0.9975
asc_alt2_4  0.0787
asc_alt2_5 -0.5068
asc_alt3_1  0.0000
asc_alt3_2  0.0000
asc_alt3_3  0.0000
asc_alt3_4  0.0000
asc_alt3_5  0.0000
b_x1_1      0.3822
b_x1_2      0.6587
b_x1_3     -0.2313
b_x1_4      0.3792
b_x1_5      3.3046
b_x2_1      0.3387
b_x2_2      0.5266
b_x2_3      1.3109
b_x2_4     -1.4759
b_x2_5      2.4799
b_x3_1      0.6146
b_x3_2      0.1217
b_x3_3      1.6514
b_x3_4     -0.8073
b_x3_5      0.2981
b_x4_1      0.8346
b_x4_2      0.0416
b_x4_3      0.4170
b_x4_4      1.3195
b_x4_5     -0.9786
b_price_1  -1.4298
b_price_2  -1.2821
b_price_3  -1.6149
b_price_4  -3.0625
b_price_5  -1.1943
delta_1     2.7468
delta_2     2.4919
delta_3     0.8054
delta_4    -0.1389
delta_5     0.0000

Stage 5, 74 active candidates.
Estimating 20 BFGS iteration(s) for each active candidate.
 Candidate......LLstart.....LLfinish.....GradientNorm...Converged
         1        -3537        -3537            0.188           1
         2        -3533        -3533            0.154           0
         3        -3533        -3533            2.335           0
         4        -3536        -3533            6.233           0
         6        -3533        -3533            0.112           1
         8        -3533        -3533            0.274           0
         9        -3535        -3535            2.709           0
        11        -3536        -3534            8.597           0
        12        -3534        -3533            4.355           0
        13        -3533        -3533            0.275           0
        14        -3537        -3537            0.078           1
        15        -3538        -3536            4.755           0
        16        -3533        -3533            0.176           0
        18        -3533        -3533            0.787           0
        21        -3537        -3534             10.4           0
        23        -3536        -3534            6.097           0
        24        -3534        -3533            2.891           0
        25        -3538        -3537            5.126           0
        26        -3533        -3533            0.539           0
        27        -3533        -3533            0.367           0
        28        -3533        -3533            0.335           0
        29        -3537        -3536            4.204           0
        32        -3538        -3538            2.229           0
        33        -3534        -3533            1.802           0
        34        -3534        -3533              1.4           0
        35        -3536        -3533            6.056           0
        36        -3537        -3537             0.21           0
        37        -3533        -3533            0.082           1
        40        -3537        -3536           22.834           0
        42        -3537        -3534            9.569           0
        46        -3533        -3533            0.601           0
        48        -3533        -3533            0.109           1
        52        -3538        -3537            5.154           0
        53        -3533        -3533            0.107           1
        54        -3533        -3533            0.455           0
        55        -3533        -3533            0.326           1
        56        -3535        -3533            2.979           0
        57        -3533        -3533            0.162           1
        58        -3534        -3533            3.871           0
        60        -3533        -3533            0.119           0
        61        -3537        -3537            0.087           1
        62        -3537        -3537            0.352           0
        63        -3533        -3533            0.298           0
        64        -3533        -3533            2.489           0
        65        -3533        -3533            2.751           0
        66        -3535        -3535            1.631           0
        67        -3537        -3537             0.15           1
        68        -3537        -3537            4.144           0
        69        -3538        -3534            5.989           0
        71        -3537        -3537            0.105           1
        72        -3533        -3533             0.59           0
        73        -3534        -3533            1.094           0
        74        -3537        -3537            0.251           1
        75        -3537        -3537            0.345           1
        77        -3539        -3537            7.836           0
        78        -3533        -3533            0.122           1
        79        -3536        -3534            5.086           0
        80        -3537        -3536           16.261           0
        82        -3538        -3537            0.858           0
        83        -3533        -3533            4.549           0
        84        -3537        -3537            0.061           1
        85        -3538        -3538            8.984           0
        86        -3536        -3534            6.888           0
        87        -3533        -3533            0.229           1
        88        -3537        -3537           21.107           0
        89        -3534        -3533            2.688           0
        91        -3537        -3537            0.226           1
        92        -3536        -3536            1.051           0
        94        -3533        -3533             0.36           0
        95        -3537        -3537            2.499           0
        96        -3538        -3536           13.144           0
        98        -3536        -3536            2.787           0
        99        -3534        -3533            1.306           0
       100        -3537        -3534            6.446           0
Candidate 3 dropped.
- Failed test 1: Too close to 54 in parameter space.
Candidate 4 dropped.
- Failed test 1: Too close to 99 in parameter space.
Candidate 11 dropped.
- Failed test 1: Too close to 86 in parameter space.
Candidate 23 dropped.
- Failed test 1: Too close to 73, 89 in parameter space.
Candidate 35 dropped.
- Failed test 1: Too close to 18 in parameter space.
Candidate 69 dropped.
- Failed test 1: Too close to 18, 35 in parameter space.
Candidate 79 dropped.
- Failed test 1: Too close to 65 in parameter space.
Candidate 89 dropped.
- Failed test 1: Too close to 73 in parameter space.
Candidate 100 dropped.
- Failed test 1: Too close to 94 in parameter space.
Best candidate so far (LL=-3533.3)
             Value
asc_alt1_1 -0.1022
asc_alt1_2  0.1586
asc_alt1_3  0.3072
asc_alt1_4  0.7286
asc_alt1_5  0.4787
asc_alt2_1 -0.0714
asc_alt2_2  0.2271
asc_alt2_3  0.9991
asc_alt2_4  0.0792
asc_alt2_5 -0.5067
asc_alt3_1  0.0000
asc_alt3_2  0.0000
asc_alt3_3  0.0000
asc_alt3_4  0.0000
asc_alt3_5  0.0000
b_x1_1      0.3814
b_x1_2      0.6592
b_x1_3     -0.2316
b_x1_4      0.3793
b_x1_5      3.3050
b_x2_1      0.3394
b_x2_2      0.5257
b_x2_3      1.3111
b_x2_4     -1.4765
b_x2_5      2.4800
b_x3_1      0.6146
b_x3_2      0.1227
b_x3_3      1.6506
b_x3_4     -0.8074
b_x3_5      0.2982
b_x4_1      0.8339
b_x4_2      0.0435
b_x4_3      0.4171
b_x4_4      1.3197
b_x4_5     -0.9786
b_price_1  -1.4283
b_price_2  -1.2811
b_price_3  -1.6144
b_price_4  -3.0626
b_price_5  -1.1945
delta_1     2.7470
delta_2     2.4913
delta_3     0.8062
delta_4    -0.1390
delta_5     0.0000
Several observations per individual detected based on the value of ID.
  Setting panelData in apollo_control set to TRUE.
With setting noValidation=TRUE in apollo_control, your model code will
  not be validated prior to estimation. This may of course be
  deliberate for large models or models with many components.
All checks on apollo_control completed.
All checks on database completed.
INFORMATION: The use of apollo_lcEM has a number of requirements. No checks are run
  for these, so the user needs to ensure these conditions are met by
  their model: 
1: This function is only suitable for single component models, i.e. no
  use of apollo_combineModels or manual multiplication of model
  components.
2: Any parameters that vary across classes need to be included in the
  definition of random parameters in apollo_lcPars.
3: The entries in the lists in apollo_lcPars need to be individual
  parameters, not functions thereof.

Validating inputs of likelihood function (apollo_probabilities)

Initialising EM algorithm
Starting iteration: 1
- Current LL : -3681.174
- New LL     : -3589.681
- Improvement: 91.49251

Starting iteration: 2
- Current LL : -3589.681
- New LL     : -3587.69
- Improvement: 1.991611

Starting iteration: 3
- Current LL : -3587.69
- New LL     : -3585.586
- Improvement: 2.10331

Starting iteration: 4
- Current LL : -3585.586
- New LL     : -3583.438
- Improvement: 2.148692

Starting iteration: 5
- Current LL : -3583.438
- New LL     : -3581.197
- Improvement: 2.240353

Starting iteration: 6
- Current LL : -3581.197
- New LL     : -3578.579
- Improvement: 2.618688

Starting iteration: 7
- Current LL : -3578.579
- New LL     : -3574.979
- Improvement: 3.599588

Starting iteration: 8
- Current LL : -3574.979
- New LL     : -3569.511
- Improvement: 5.467565

Starting iteration: 9
- Current LL : -3569.511
- New LL     : -3562.294
- Improvement: 7.217224

Starting iteration: 10
- Current LL : -3562.294
- New LL     : -3556.036
- Improvement: 6.257924

Starting iteration: 11
- Current LL : -3556.036
- New LL     : -3552.527
- Improvement: 3.509443

Starting iteration: 12
- Current LL : -3552.527
- New LL     : -3550.706
- Improvement: 1.820956

Starting iteration: 13
- Current LL : -3550.706
- New LL     : -3549.46
- Improvement: 1.246299

Starting iteration: 14
- Current LL : -3549.46
- New LL     : -3548.396
- Improvement: 1.063741

Starting iteration: 15
- Current LL : -3548.396
- New LL     : -3547.433
- Improvement: 0.9624331

Starting iteration: 16
- Current LL : -3547.433
- New LL     : -3546.582
- Improvement: 0.8519017

Starting iteration: 17
- Current LL : -3546.582
- New LL     : -3545.868
- Improvement: 0.7140072

Starting iteration: 18
- Current LL : -3545.868
- New LL     : -3545.303
- Improvement: 0.5642149

Starting iteration: 19
- Current LL : -3545.303
- New LL     : -3544.87
- Improvement: 0.4337437

Starting iteration: 20
- Current LL : -3544.87
- New LL     : -3544.536
- Improvement: 0.3332788

Starting iteration: 21
- Current LL : -3544.536
- New LL     : -3544.271
- Improvement: 0.2651985

Starting iteration: 22
- Current LL : -3544.271
- New LL     : -3544.05
- Improvement: 0.2208949

Starting iteration: 23
- Current LL : -3544.05
- New LL     : -3543.857
- Improvement: 0.1929458

Starting iteration: 24
- Current LL : -3543.857
- New LL     : -3543.683
- Improvement: 0.1740547

Starting iteration: 25
- Current LL : -3543.683
- New LL     : -3543.522
- Improvement: 0.1608904

Starting iteration: 26
- Current LL : -3543.522
- New LL     : -3543.371
- Improvement: 0.1510406

Starting iteration: 27
- Current LL : -3543.371
- New LL     : -3543.228
- Improvement: 0.1432812

Starting iteration: 28
- Current LL : -3543.228
- New LL     : -3543.092
- Improvement: 0.1364948

Starting iteration: 29
- Current LL : -3543.092
- New LL     : -3542.961
- Improvement: 0.1304408

Starting iteration: 30
- Current LL : -3542.961
- New LL     : -3542.836
- Improvement: 0.1254262

Starting iteration: 31
- Current LL : -3542.836
- New LL     : -3542.715
- Improvement: 0.1210644

Starting iteration: 32
- Current LL : -3542.715
- New LL     : -3542.597
- Improvement: 0.117263

Starting iteration: 33
- Current LL : -3542.597
- New LL     : -3542.483
- Improvement: 0.1141358

Starting iteration: 34
- Current LL : -3542.483
- New LL     : -3542.373
- Improvement: 0.1104289

Starting iteration: 35
- Current LL : -3542.373
- New LL     : -3542.265
- Improvement: 0.1079788

Starting iteration: 36
- Current LL : -3542.265
- New LL     : -3542.159
- Improvement: 0.1057403

Starting iteration: 37
- Current LL : -3542.159
- New LL     : -3542.056
- Improvement: 0.1032151

Starting iteration: 38
- Current LL : -3542.056
- New LL     : -3541.954
- Improvement: 0.1014807

Starting iteration: 39
- Current LL : -3541.954
- New LL     : -3541.854
- Improvement: 0.1003773

Starting iteration: 40
- Current LL : -3541.854
- New LL     : -3541.755
- Improvement: 0.09889744

Starting iteration: 41
- Current LL : -3541.755
- New LL     : -3541.657
- Improvement: 0.09772826

Starting iteration: 42
- Current LL : -3541.657
- New LL     : -3541.56
- Improvement: 0.09706347

Starting iteration: 43
- Current LL : -3541.56
- New LL     : -3541.464
- Improvement: 0.09612509

Starting iteration: 44
- Current LL : -3541.464
- New LL     : -3541.369
- Improvement: 0.0953322

Starting iteration: 45
- Current LL : -3541.369
- New LL     : -3541.274
- Improvement: 0.09528049

Starting iteration: 46
- Current LL : -3541.274
- New LL     : -3541.178
- Improvement: 0.09562684

Starting iteration: 47
- Current LL : -3541.178
- New LL     : -3541.081
- Improvement: 0.09670851

Starting iteration: 48
- Current LL : -3541.081
- New LL     : -3540.983
- Improvement: 0.09810692

Starting iteration: 49
- Current LL : -3540.983
- New LL     : -3540.883
- Improvement: 0.1002665

Starting iteration: 50
- Current LL : -3540.883
- New LL     : -3540.777
- Improvement: 0.1056207

Starting iteration: 51
- Current LL : -3540.777
- New LL     : -3540.669
- Improvement: 0.1077616

Starting iteration: 52
- Current LL : -3540.669
- New LL     : -3540.556
- Improvement: 0.1137527

Starting iteration: 53
- Current LL : -3540.556
- New LL     : -3540.435
- Improvement: 0.1204695

Starting iteration: 54
- Current LL : -3540.435
- New LL     : -3540.306
- Improvement: 0.1292254

Starting iteration: 55
- Current LL : -3540.306
- New LL     : -3540.166
- Improvement: 0.1398609

Starting iteration: 56
- Current LL : -3540.166
- New LL     : -3540.014
- Improvement: 0.1520355

Starting iteration: 57
- Current LL : -3540.014
- New LL     : -3539.849
- Improvement: 0.1651701

Starting iteration: 58
- Current LL : -3539.849
- New LL     : -3539.67
- Improvement: 0.1786393

Starting iteration: 59
- Current LL : -3539.67
- New LL     : -3539.479
- Improvement: 0.1916428

Starting iteration: 60
- Current LL : -3539.479
- New LL     : -3539.277
- Improvement: 0.2017784

Starting iteration: 61
- Current LL : -3539.277
- New LL     : -3539.07
- Improvement: 0.2073415

Starting iteration: 62
- Current LL : -3539.07
- New LL     : -3538.863
- Improvement: 0.2062274

Starting iteration: 63
- Current LL : -3538.863
- New LL     : -3538.666
- Improvement: 0.1976375

Starting iteration: 64
- Current LL : -3538.666
- New LL     : -3538.485
- Improvement: 0.180667

Starting iteration: 65
- Current LL : -3538.485
- New LL     : -3538.327
- Improvement: 0.1578981

Starting iteration: 66
- Current LL : -3538.327
- New LL     : -3538.195
- Improvement: 0.1318052

Starting iteration: 67
- Current LL : -3538.195
- New LL     : -3538.088
- Improvement: 0.1074097

Starting iteration: 68
- Current LL : -3538.088
- New LL     : -3538.004
- Improvement: 0.08404663

Starting iteration: 69
- Current LL : -3538.004
- New LL     : -3537.94
- Improvement: 0.06429966

Starting iteration: 70
- Current LL : -3537.94
- New LL     : -3537.89
- Improvement: 0.04980922

Starting iteration: 71
- Current LL : -3537.89
- New LL     : -3537.852
- Improvement: 0.03807991

Starting iteration: 72
- Current LL : -3537.852
- New LL     : -3537.822
- Improvement: 0.02918758

Starting iteration: 73
- Current LL : -3537.822
- New LL     : -3537.799
- Improvement: 0.02308553

Starting iteration: 74
- Current LL : -3537.799
- New LL     : -3537.78
- Improvement: 0.01899457

Starting iteration: 75
- Current LL : -3537.78
- New LL     : -3537.764
- Improvement: 0.01588813

Starting iteration: 76
- Current LL : -3537.764
- New LL     : -3537.752
- Improvement: 0.01266052

Starting iteration: 77
- Current LL : -3537.752
- New LL     : -3537.741
- Improvement: 0.01082378

Starting iteration: 78
- Current LL : -3537.741
- New LL     : -3537.731
- Improvement: 0.009759709

Starting iteration: 79
- Current LL : -3537.731
- New LL     : -3537.722
- Improvement: 0.008880334

Starting iteration: 80
- Current LL : -3537.722
- New LL     : -3537.714
- Improvement: 0.008315286

Starting iteration: 81
- Current LL : -3537.714
- New LL     : -3537.706
- Improvement: 0.007708421

Starting iteration: 82
- Current LL : -3537.706
- New LL     : -3537.699
- Improvement: 0.007600962

Starting iteration: 83
- Current LL : -3537.699
- New LL     : -3537.691
- Improvement: 0.007265445

Starting iteration: 84
- Current LL : -3537.691
- New LL     : -3537.684
- Improvement: 0.007275418

Starting iteration: 85
- Current LL : -3537.684
- New LL     : -3537.677
- Improvement: 0.006948675

Starting iteration: 86
- Current LL : -3537.677
- New LL     : -3537.67
- Improvement: 0.007432019

Starting iteration: 87
- Current LL : -3537.67
- New LL     : -3537.662
- Improvement: 0.007468925

Starting iteration: 88
- Current LL : -3537.662
- New LL     : -3537.655
- Improvement: 0.007822128

Starting iteration: 89
- Current LL : -3537.655
- New LL     : -3537.646
- Improvement: 0.008325629

Starting iteration: 90
- Current LL : -3537.646
- New LL     : -3537.637
- Improvement: 0.008963659

Starting iteration: 91
- Current LL : -3537.637
- New LL     : -3537.627
- Improvement: 0.009982046

Starting iteration: 92
- Current LL : -3537.627
- New LL     : -3537.616
- Improvement: 0.01143999

Starting iteration: 93
- Current LL : -3537.616
- New LL     : -3537.603
- Improvement: 0.01247569

Starting iteration: 94
- Current LL : -3537.603
- New LL     : -3537.59
- Improvement: 0.0135783

Starting iteration: 95
- Current LL : -3537.59
- New LL     : -3537.573
- Improvement: 0.01703507

Starting iteration: 96
- Current LL : -3537.573
- New LL     : -3537.553
- Improvement: 0.01927049

Starting iteration: 97
- Current LL : -3537.553
- New LL     : -3537.533
- Improvement: 0.02080805

Starting iteration: 98
- Current LL : -3537.533
- New LL     : -3537.511
- Improvement: 0.02131471

Starting iteration: 99
- Current LL : -3537.511
- New LL     : -3537.49
- Improvement: 0.02092241

Starting iteration: 100
- Current LL : -3537.49
- New LL     : -3537.471
- Improvement: 0.01951106

EM algorithm stopped: maximum number of iterations reached!
No covariance matrix will be computed as convergence has not been
  reached. You may call apollo_addCovariance(model,apollo_inputs) to
  compute a covariance matrix at the current estimates.
[08:06:11]   done very_hard|seed2 : gaps  klue_ml=+0.00  klue_em=-0.15  apollo_searchStart=-0.00  apollo_lcEM=-4.21  gmnl_lc=-0.25  apollo_ss_published=-0.15
[08:06:11] RUN  very_hard|seed3  (K=5 kap=0.30 sig=0.35 corr=none)  arms: apollo_searchStart, apollo_lcEM
Several observations per individual detected based on the value of ID.
  Setting panelData in apollo_control set to TRUE.
All checks on apollo_control completed.
All checks on database completed.
Testing probability function (apollo_probabilities)
Apollo found a model component of type classAlloc without a
  componentName. The name was set to "classAlloc" by default.
INFORMATION: Setting "avail" is missing, so full availability is assumed. 
Apollo found a model component of type MNL without a componentName. The
  name was set to "Class_1" by default.
Apollo found a model component of type MNL without a componentName. The
  name was set to "Class_2" by default.
Apollo found a model component of type MNL without a componentName. The
  name was set to "Class_3" by default.
Apollo found a model component of type MNL without a componentName. The
  name was set to "Class_4" by default.
Apollo found a model component of type MNL without a componentName. The
  name was set to "Class_5" by default.
Pre-processing likelihood function...
INFORMATION: Apollo was not able to compute analytical gradients for your model.
  This could be because you are using model components for which
  analytical gradients are not yet implemented, or because you coded
  your own model functions. If however you only used apollo_mnl,
  apollo_fmnl, apollo_normalDensity, apollo_ol or apollo_op, then there
  could be another issue. You might want to ask for help in the Apollo
  forum (http://www.apollochoicemodelling.com/forum) on how to solve
  this issue. If you do, please post your code and data (if not
  confidential). 
Creating initial set of 100 candidate values.
Calculating LL of candidates 0%....50%.....100%

Stage 1, 100 active candidates.
Estimating 20 BFGS iteration(s) for each active candidate.
 Candidate......LLstart.....LLfinish.....GradientNorm...Converged
         1        -3650        -3498             35.5           0
         2        -3647        -3490           15.809           0
         3        -3653        -3491           16.479           0
         4        -3662        -3489           15.205           0
         5        -3659        -3490           13.622           0
         6        -3654        -3499           40.054           0
         7        -3643        -3498           25.442           0
         8        -3654        -3501           28.158           0
         9        -3645        -3501           28.126           0
        10        -3653        -3490           23.351           0
        11        -3642        -3490           10.936           0
        12        -3646        -3487            22.88           0
        13        -3641        -3489           24.249           0
        14        -3650        -3490           35.707           0
        15        -3651        -3495            14.04           0
        16        -3657        -3487           15.749           0
        17        -3650        -3490           26.505           0
        18        -3654        -3496           30.504           0
        19        -3652        -3495           29.802           0
        20        -3658        -3495            11.72           0
        21        -3640        -3487           24.546           0
        22        -3667        -3497           18.426           0
        23        -3640        -3490           25.828           0
        24        -3649        -3489           22.832           0
        25        -3652        -3493           22.544           0
        26        -3658        -3491           18.831           0
        27        -3643        -3494           18.411           0
        28        -3655        -3490           35.026           0
        29        -3645        -3484           20.981           0
        30        -3645        -3496           17.863           0
        31        -3649        -3496           17.213           0
        32        -3652        -3501           47.563           0
        33        -3652        -3499           49.397           0
        34        -3656        -3487           31.864           0
        35        -3637        -3489           19.761           0
        36        -3655        -3491           19.855           0
        37        -3635        -3489           28.477           0
        38        -3648        -3488           16.482           0
        39        -3644        -3500           35.523           0
        40        -3662        -3493           22.423           0
        41        -3644        -3491           16.826           0
        42        -3659        -3494           12.074           0
        43        -3653        -3492           26.292           0
        44        -3638        -3491           18.629           0
        45        -3654        -3492           16.269           0
        46        -3659        -3491           14.633           0
        47        -3637        -3490           11.263           0
        48        -3647        -3493           25.297           0
        49        -3668        -3492           17.022           0
        50        -3648        -3496           35.053           0
        51        -3641        -3492           25.834           0
        52        -3645        -3490           26.685           0
        53        -3650        -3496           39.029           0
        54        -3645        -3487           19.742           0
        55        -3651        -3497           23.335           0
        56        -3639        -3490           26.769           0
        57        -3655        -3493            38.13           0
        58        -3659        -3497           33.081           0
        59        -3644        -3491           27.385           0
        60        -3658        -3491           12.421           0
        61        -3655        -3494           18.615           0
        62        -3650        -3489           19.348           0
        63        -3650        -3490           25.397           0
        64        -3647        -3491            9.672           0
        65        -3658        -3488           12.651           0
        66        -3649        -3489           26.247           0
        67        -3654        -3492           23.993           0
        68        -3657        -3495           21.256           0
        69        -3653        -3496           20.225           0
        70        -3650        -3492           22.656           0
        71        -3656        -3497           44.026           0
        72        -3654        -3493           20.861           0
        73        -3658        -3489            28.02           0
        74        -3650        -3498            16.22           0
        75        -3640        -3490           40.722           0
        76        -3647        -3495           18.704           0
        77        -3664        -3497           13.997           0
        78        -3649        -3489            21.54           0
        79        -3663        -3489             21.1           0
        80        -3661        -3501           25.638           0
        81        -3658        -3495           20.829           0
        82        -3625        -3495           23.022           0
        83        -3663        -3492           32.989           0
        84        -3665        -3494           18.204           0
        85        -3654        -3491           14.465           0
        86        -3644        -3493           52.617           0
        87        -3657        -3491           25.751           0
        88        -3656        -3495           41.038           0
        89        -3656        -3490           25.113           0
        90        -3659        -3490           24.162           0
        91        -3650        -3493           21.013           0
        92        -3650        -3489           18.324           0
        93        -3637        -3501           35.263           0
        94        -3650        -3488           20.638           0
        95        -3657        -3491           26.425           0
        96        -3650        -3491           20.653           0
        97        -3654        -3498           33.896           0
        98        -3661        -3496           33.361           0
        99        -3643        -3492           32.205           0
       100        -3643        -3499           44.747           0
Best candidate so far (LL=-3483.8)
             Value
asc_alt1_1 -0.0355
asc_alt1_2  0.4748
asc_alt1_3 -0.3365
asc_alt1_4 -1.4716
asc_alt1_5  0.2076
asc_alt2_1  0.0651
asc_alt2_2  0.4278
asc_alt2_3 -0.0660
asc_alt2_4 -0.8604
asc_alt2_5 -0.5484
asc_alt3_1  0.0000
asc_alt3_2  0.0000
asc_alt3_3  0.0000
asc_alt3_4  0.0000
asc_alt3_5  0.0000
b_x1_1      0.6456
b_x1_2      0.6464
b_x1_3      0.5132
b_x1_4      0.6983
b_x1_5     -0.7656
b_x2_1      0.2907
b_x2_2      1.6740
b_x2_3      0.5368
b_x2_4      0.3501
b_x2_5      0.4112
b_x3_1      0.4308
b_x3_2      0.2191
b_x3_3      0.7977
b_x3_4     -2.6706
b_x3_5      1.1889
b_x4_1      0.8173
b_x4_2      0.2637
b_x4_3     -0.6236
b_x4_4      0.1632
b_x4_5      0.9761
b_price_1  -1.5610
b_price_2  -1.8937
b_price_3  -0.8441
b_price_4  -1.0006
b_price_5  -2.5457
delta_1     1.8617
delta_2     0.5889
delta_3     0.4493
delta_4    -2.0763
delta_5     0.0000

Stage 2, 100 active candidates.
Estimating 20 BFGS iteration(s) for each active candidate.
 Candidate......LLstart.....LLfinish.....GradientNorm...Converged
         1        -3498        -3485            8.895           0
         2        -3490        -3482            6.759           0
         3        -3491        -3482            7.269           0
         4        -3489        -3483            4.748           0
         5        -3490        -3483            8.555           0
         6        -3499        -3486           15.091           0
         7        -3498        -3488           12.215           0
         8        -3501        -3484           19.014           0
         9        -3501        -3492           19.281           0
        10        -3490        -3485            1.775           0
        11        -3490        -3486           14.215           0
        12        -3487        -3483            2.551           0
        13        -3489        -3481            9.495           0
        14        -3490        -3477             4.94           0
        15        -3495        -3485           15.617           0
        16        -3487        -3485             9.82           0
        17        -3490        -3474           10.457           0
        18        -3496        -3487           10.599           0
        19        -3495        -3487            9.579           0
        20        -3495        -3478           24.986           0
        21        -3487        -3482           11.327           0
        22        -3497        -3479           36.381           0
        23        -3490        -3484           17.899           0
        24        -3489        -3482            6.287           0
        25        -3493        -3482           12.578           0
        26        -3491        -3483              9.3           0
        27        -3494        -3485            10.98           0
        28        -3490        -3478            5.905           0
        29        -3484        -3476            6.185           0
        30        -3496        -3488           20.616           0
        31        -3496        -3486           16.435           0
        32        -3501        -3485           13.425           0
        33        -3499        -3482           14.308           0
        34        -3487        -3474           11.064           0
        35        -3489        -3482            8.679           0
        36        -3491        -3485           15.212           0
        37        -3489        -3481            4.273           0
        38        -3488        -3484            7.517           0
        39        -3500        -3487           20.471           0
        40        -3493        -3482            9.457           0
        41        -3491        -3484           13.603           0
        42        -3494        -3488             8.24           0
        43        -3492        -3481            3.455           0
        44        -3491        -3484            8.284           0
        45        -3492        -3484           18.566           0
        46        -3491        -3485            9.946           0
        47        -3490        -3484           16.509           0
        48        -3493        -3485           15.788           0
        49        -3492        -3481           38.727           0
        50        -3496        -3481            3.772           0
        51        -3492        -3484            9.246           0
        52        -3490        -3477            9.428           0
        53        -3496        -3483            12.89           0
        54        -3487        -3482            3.693           0
        55        -3497        -3487           15.116           0
        56        -3490        -3481            5.054           0
        57        -3493        -3482            6.376           0
        58        -3497        -3483           16.599           0
        59        -3491        -3477            9.621           0
        60        -3491        -3486           15.311           0
        61        -3494        -3487           21.473           0
        62        -3489        -3483            3.215           0
        63        -3490        -3485            6.084           0
        64        -3491        -3489           26.867           0
        65        -3488        -3481            5.915           0
        66        -3489        -3481            7.814           0
        67        -3492        -3485            6.828           0
        68        -3495        -3484            6.692           0
        69        -3496        -3484           12.502           0
        70        -3492        -3481            4.752           0
        71        -3497        -3486            8.672           0
        72        -3493        -3479           10.165           0
        73        -3489        -3481            4.814           0
        74        -3498        -3489           14.993           0
        75        -3490        -3477           13.175           0
        76        -3495        -3485           36.852           0
        77        -3497        -3487           10.459           0
        78        -3489        -3481             5.87           0
        79        -3489        -3482           11.772           0
        80        -3501        -3489           35.383           0
        81        -3495        -3484           12.823           0
        82        -3495        -3488            8.796           0
        83        -3492        -3478           23.058           0
        84        -3494        -3484            9.348           0
        85        -3491        -3475           13.578           0
        86        -3493        -3474           13.712           0
        87        -3491        -3483            9.004           0
        88        -3495        -3483            9.084           0
        89        -3490        -3482             4.51           0
        90        -3490        -3482            7.952           0
        91        -3493        -3483           12.262           0
        92        -3489        -3484            3.499           0
        93        -3501        -3486           20.534           0
        94        -3488        -3482            5.624           0
        95        -3491        -3477            9.318           0
        96        -3491        -3479           14.918           0
        97        -3498        -3482            8.667           0
        98        -3496        -3483           10.647           0
        99        -3492        -3474            9.782           0
       100        -3499        -3485           16.695           0
Candidate 2 dropped.
- Failed test 1: Too close to 3 in parameter space.
Candidate 38 dropped.
- Failed test 1: Too close to 68 in parameter space.
Candidate 52 dropped.
- Failed test 1: Too close to 59 in parameter space.
Candidate 79 dropped.
- Failed test 1: Too close to 70 in parameter space.
Best candidate so far (LL=-3473.6)
             Value
asc_alt1_1  0.0496
asc_alt1_2 -0.0790
asc_alt1_3  0.5956
asc_alt1_4 -2.4314
asc_alt1_5  0.2219
asc_alt2_1  0.1283
asc_alt2_2 -0.0558
asc_alt2_3 -0.1704
asc_alt2_4 -0.1919
asc_alt2_5  0.5527
asc_alt3_1  0.0000
asc_alt3_2  0.0000
asc_alt3_3  0.0000
asc_alt3_4  0.0000
asc_alt3_5  0.0000
b_x1_1      0.7949
b_x1_2      0.2559
b_x1_3     -1.3788
b_x1_4      2.1069
b_x1_5      1.8812
b_x2_1      0.2718
b_x2_2      0.6301
b_x2_3     -0.4508
b_x2_4     -0.7988
b_x2_5      1.6654
b_x3_1      0.1610
b_x3_2      0.7222
b_x3_3      1.0416
b_x3_4     -5.6597
b_x3_5      0.3094
b_x4_1      0.9439
b_x4_2      0.2631
b_x4_3      1.5997
b_x4_4      0.3470
b_x4_5     -0.9084
b_price_1  -1.4394
b_price_2  -1.7163
b_price_3  -1.9686
b_price_4  -0.7565
b_price_5  -1.5399
delta_1     1.7554
delta_2     1.9635
delta_3    -0.4765
delta_4    -2.4775
delta_5     0.0000

Stage 3, 96 active candidates.
Estimating 20 BFGS iteration(s) for each active candidate.
 Candidate......LLstart.....LLfinish.....GradientNorm...Converged
         1        -3485        -3484            1.925           0
         3        -3482        -3481            1.416           0
         4        -3483        -3483            0.337           0
         5        -3483        -3482            2.628           0
         6        -3486        -3483           10.447           0
         7        -3488        -3486           13.906           0
         8        -3484        -3480             25.5           0
         9        -3492        -3488            6.121           0
        10        -3485        -3485            0.106           0
        11        -3486        -3482           13.183           0
        12        -3483        -3481            4.928           0
        13        -3481        -3481            1.971           0
        14        -3477        -3475            3.521           0
        15        -3485        -3482            6.816           0
        16        -3485        -3484            2.649           0
        17        -3474        -3472            7.643           0
        18        -3487        -3485           14.257           0
        19        -3487        -3484           11.482           0
        20        -3478        -3473            9.289           0
        21        -3482        -3481            1.762           0
        22        -3479        -3472            4.403           0
        23        -3484        -3481            2.987           0
        24        -3482        -3482            4.644           0
        25        -3482        -3481             3.08           0
        26        -3483        -3482             5.27           0
        27        -3485        -3481            6.415           0
        28        -3478        -3476            5.145           0
        29        -3476        -3475            8.774           0
        30        -3488        -3484            9.248           0
        31        -3486        -3482            6.377           0
        32        -3485        -3477           10.882           0
        33        -3482        -3481            2.953           0
        34        -3474        -3472            3.766           0
        35        -3482        -3481            1.321           0
        36        -3485        -3482            6.336           0
        37        -3481        -3481            1.452           0
        39        -3487        -3482             5.41           0
        40        -3482        -3481            1.274           0
        41        -3484        -3481            3.258           0
        42        -3488        -3484           26.672           0
        43        -3481        -3481            7.937           0
        44        -3484        -3483            0.956           0
        45        -3484        -3481            4.366           0
        46        -3485        -3484           45.094           0
        47        -3484        -3481            2.296           0
        48        -3485        -3482            8.739           0
        49        -3481        -3473            7.832           0
        50        -3481        -3476           21.369           0
        51        -3484        -3483            0.953           0
        53        -3483        -3481            6.091           0
        54        -3482        -3481            4.922           0
        55        -3487        -3483            3.123           0
        56        -3481        -3481            2.958           0
        57        -3482        -3482            7.074           0
        58        -3483        -3481            2.857           0
        59        -3477        -3475             4.84           0
        60        -3486        -3482            8.795           0
        61        -3487        -3477            7.738           0
        62        -3483        -3483            0.408           0
        63        -3485        -3482            9.627           0
        64        -3489        -3485            5.242           0
        65        -3481        -3481            2.516           0
        66        -3481        -3481            2.134           0
        67        -3485        -3484            2.085           0
        68        -3484        -3483            4.547           0
        69        -3484        -3482            3.504           0
        70        -3481        -3481             3.73           0
        71        -3486        -3484           14.947           0
        72        -3479        -3476            9.652           0
        73        -3481        -3481            5.521           0
        74        -3489        -3487            5.431           0
        75        -3477        -3476            4.564           0
        76        -3485        -3476           18.159           0
        77        -3487        -3484           13.764           0
        78        -3481        -3481            2.679           0
        80        -3489        -3481            4.266           0
        81        -3484        -3482            4.739           0
        82        -3488        -3485            7.618           0
        83        -3478        -3476            9.258           0
        84        -3484        -3483                1           0
        85        -3475        -3472            5.301           0
        86        -3474        -3472            4.454           0
        87        -3483        -3482            3.657           0
        88        -3483        -3481            4.118           0
        89        -3482        -3482            5.825           0
        90        -3482        -3481            2.268           0
        91        -3483        -3481              2.8           0
        92        -3484        -3483            7.568           0
        93        -3486        -3483            3.228           0
        94        -3482        -3481             2.77           0
        95        -3477        -3476             5.24           0
        96        -3479        -3476            8.689           0
        97        -3482        -3481            1.998           0
        98        -3483        -3481            3.006           0
        99        -3474        -3472            5.726           0
       100        -3485        -3483             2.59           0
Candidate 48 dropped.
- Failed test 1: Too close to 94 in parameter space.
Candidate 60 dropped.
- Failed test 1: Too close to 91 in parameter space.
Candidate 89 dropped.
- Failed test 1: Too close to 21 in parameter space.
Best candidate so far (LL=-3471.6)
             Value
asc_alt1_1  0.0650
asc_alt1_2 -0.0610
asc_alt1_3  0.5435
asc_alt1_4 -2.7420
asc_alt1_5  0.1997
asc_alt2_1  0.1486
asc_alt2_2 -0.0520
asc_alt2_3 -0.2924
asc_alt2_4  0.2048
asc_alt2_5  0.4420
asc_alt3_1  0.0000
asc_alt3_2  0.0000
asc_alt3_3  0.0000
asc_alt3_4  0.0000
asc_alt3_5  0.0000
b_x1_1      0.7878
b_x1_2      0.2376
b_x1_3     -1.3621
b_x1_4      2.1954
b_x1_5      1.9568
b_x2_1      0.3010
b_x2_2      0.6179
b_x2_3     -0.5680
b_x2_4     -1.0575
b_x2_5      1.8268
b_x3_1      0.1762
b_x3_2      0.7356
b_x3_3      1.1338
b_x3_4     -7.3214
b_x3_5      0.5052
b_x4_1      0.9192
b_x4_2      0.2620
b_x4_3      1.9438
b_x4_4      0.4146
b_x4_5     -0.9670
b_price_1  -1.4524
b_price_2  -1.6688
b_price_3  -1.6918
b_price_4  -0.8598
b_price_5  -1.5789
delta_1     1.8852
delta_2     2.0217
delta_3    -0.4442
delta_4    -2.0765
delta_5     0.0000

Stage 4, 93 active candidates.
Estimating 20 BFGS iteration(s) for each active candidate.
 Candidate......LLstart.....LLfinish.....GradientNorm...Converged
         1        -3484        -3483            3.351           0
         3        -3481        -3481            4.606           0
         4        -3483        -3483            0.218           1
         5        -3482        -3481            2.178           0
         6        -3483        -3483            1.315           0
         7        -3486        -3484            3.648           0
         8        -3480        -3476            4.368           0
         9        -3488        -3488            1.569           0
        10        -3485        -3485            0.092           1
        11        -3482        -3481            1.577           0
        12        -3481        -3481            2.019           0
        13        -3481        -3481             0.28           0
        14        -3475        -3475            3.545           0
        15        -3482        -3482            5.112           0
        16        -3484        -3483             4.73           0
        17        -3472        -3471            3.091           0
        18        -3485        -3483            2.359           0
        19        -3484        -3481             5.14           0
        20        -3473        -3472            4.631           0
        21        -3481        -3481            6.227           0
        22        -3472        -3471            3.451           0
        23        -3481        -3481             6.51           0
        24        -3482        -3481            0.852           0
        25        -3481        -3481             0.55           0
        26        -3482        -3481            2.711           0
        27        -3481        -3481            2.914           0
        28        -3476        -3476           11.204           0
        29        -3475        -3475            4.696           0
        30        -3484        -3484            5.346           0
        31        -3482        -3481            1.255           0
        32        -3477        -3476            4.434           0
        33        -3481        -3481            5.614           0
        34        -3472        -3471            2.541           0
        35        -3481        -3481            4.602           0
        36        -3482        -3481            1.581           0
        37        -3481        -3481            4.906           0
        39        -3482        -3481            1.104           0
        40        -3481        -3481            5.268           0
        41        -3481        -3481            5.428           0
        42        -3484        -3474            9.402           0
        43        -3481        -3481            1.379           0
        44        -3483        -3483            0.156           1
        45        -3481        -3481            1.075           0
        46        -3484        -3473            9.565           0
        47        -3481        -3481            4.813           0
        49        -3473        -3471            9.553           0
        50        -3476        -3471            7.864           0
        51        -3483        -3483            0.079           1
        53        -3481        -3481            3.371           0
        54        -3481        -3481             1.41           0
        55        -3483        -3483             1.27           0
        56        -3481        -3481            1.437           0
        57        -3482        -3481            1.906           0
        58        -3481        -3481            8.902           0
        59        -3475        -3475            3.547           0
        61        -3477        -3475            4.724           0
        62        -3483        -3483            0.252           1
        63        -3482        -3481            3.048           0
        64        -3485        -3485            1.173           0
        65        -3481        -3481            0.329           0
        66        -3481        -3481            0.291           0
        67        -3484        -3483            5.364           0
        68        -3483        -3483            0.468           0
        69        -3482        -3482            3.765           0
        70        -3481        -3481            0.686           0
        71        -3484        -3481             3.08           0
        72        -3476        -3475            4.978           0
        73        -3481        -3481            1.154           0
        74        -3487        -3486            3.881           0
        75        -3476        -3475            7.231           0
        76        -3476        -3472            8.067           0
        77        -3484        -3482            8.119           0
        78        -3481        -3481            0.275           0
        80        -3481        -3481            4.726           0
        81        -3482        -3481            1.091           0
        82        -3485        -3485            1.382           0
        83        -3476        -3475            5.548           0
        84        -3483        -3483            0.274           1
        85        -3472        -3471            5.858           0
        86        -3472        -3471            7.482           0
        87        -3482        -3481            1.609           0
        88        -3481        -3481            1.394           0
        90        -3481        -3481            3.615           0
        91        -3481        -3481            5.164           0
        92        -3483        -3483            0.485           0
        93        -3483        -3483            0.526           0
        94        -3481        -3481            5.522           0
        95        -3476        -3475            5.422           0
        96        -3476        -3475            3.639           0
        97        -3481        -3481             5.13           0
        98        -3481        -3481            7.041           0
        99        -3472        -3471            7.778           0
       100        -3483        -3483            0.392           0
Candidate 27 dropped.
- Failed test 1: Too close to 78 in parameter space.
Candidate 41 dropped.
- Failed test 1: Too close to 73 in parameter space.
Candidate 82 dropped.
- Failed test 1: Too close to 10 in parameter space.
Candidate 91 dropped.
- Failed test 1: Too close to 11 in parameter space.
Candidate 95 dropped.
- Failed test 1: Too close to 29 in parameter space.
Best candidate so far (LL=-3471)
             Value
asc_alt1_1 -0.0667
asc_alt1_2  0.0750
asc_alt1_3 -3.3058
asc_alt1_4  0.1822
asc_alt1_5  0.5457
asc_alt2_1 -0.0503
asc_alt2_2  0.1550
asc_alt2_3  0.4263
asc_alt2_4  0.3952
asc_alt2_5 -0.2265
asc_alt3_1  0.0000
asc_alt3_2  0.0000
asc_alt3_3  0.0000
asc_alt3_4  0.0000
asc_alt3_5  0.0000
b_x1_1      0.2394
b_x1_2      0.7944
b_x1_3      2.8655
b_x1_4      1.9361
b_x1_5     -1.3215
b_x2_1      0.6107
b_x2_2      0.3005
b_x2_3     -1.2425
b_x2_4      1.7958
b_x2_5     -0.5477
b_x3_1      0.7450
b_x3_2      0.1772
b_x3_3     -8.5104
b_x3_4      0.4997
b_x3_5      1.0716
b_x4_1      0.2632
b_x4_2      0.9239
b_x4_3      0.5944
b_x4_4     -0.9731
b_x4_5      1.8644
b_price_1  -1.6330
b_price_2  -1.4657
b_price_3  -1.1184
b_price_4  -1.5101
b_price_5  -1.7653
delta_1     2.4396
delta_2     2.2941
delta_3    -1.8211
delta_4     0.4576
delta_5     0.0000

Stage 5, 82 active candidates.
Estimating 20 BFGS iteration(s) for each active candidate.
 Candidate......LLstart.....LLfinish.....GradientNorm...Converged
         1        -3483        -3483             0.54           0
         3        -3481        -3481            2.218           0
         5        -3481        -3481            3.661           0
         6        -3483        -3483             2.03           0
         7        -3484        -3483            4.955           0
         8        -3476        -3475            4.095           0
         9        -3488        -3488            1.414           0
        11        -3481        -3481            0.284           0
        12        -3481        -3481            0.477           0
        13        -3481        -3481            0.169           1
        14        -3475        -3474            4.149           0
        15        -3482        -3481            1.251           0
        16        -3483        -3483             0.68           0
        17        -3471        -3471            6.231           0
        18        -3483        -3483            1.993           0
        19        -3481        -3481            1.499           0
        20        -3472        -3471             4.21           0
        21        -3481        -3481            1.292           0
        22        -3471        -3471            3.754           0
        23        -3481        -3481            1.385           0
        24        -3481        -3481            3.312           0
        25        -3481        -3481            0.111           1
        26        -3481        -3481            5.536           0
        28        -3476        -3475            2.395           0
        29        -3475        -3475            4.532           0
        30        -3484        -3483            3.384           0
        31        -3481        -3481            4.573           0
        32        -3476        -3475            2.708           0
        33        -3481        -3481            1.635           0
        34        -3471        -3471            3.625           0
        35        -3481        -3481            1.791           0
        36        -3481        -3481            5.978           0
        37        -3481        -3481            0.903           0
        39        -3481        -3481            4.622           0
        40        -3481        -3481            0.901           0
        42        -3474        -3472            6.332           0
        43        -3481        -3481             0.07           0
        45        -3481        -3481            0.453           0
        46        -3473        -3471            1.698           0
        47        -3481        -3481            0.615           0
        49        -3471        -3471             3.06           0
        50        -3471        -3471            1.539           0
        53        -3481        -3481            3.375           0
        54        -3481        -3481            0.488           0
        55        -3483        -3483              0.1           1
        56        -3481        -3481            0.504           0
        57        -3481        -3481            4.762           0
        58        -3481        -3481            1.109           0
        59        -3475        -3475            1.772           0
        61        -3475        -3475            5.523           0
        63        -3481        -3481            6.702           0
        64        -3485        -3485            0.117           1
        65        -3481        -3481            0.186           1
        66        -3481        -3481            0.181           1
        67        -3483        -3483            1.202           0
        68        -3483        -3483            0.334           1
        69        -3482        -3481            0.885           0
        70        -3481        -3481            0.095           1
        71        -3481        -3481            1.177           1
        72        -3475        -3475            2.187           0
        73        -3481        -3481            0.126           1
        74        -3486        -3486            0.208           0
        75        -3475        -3474            1.186           0
        76        -3472        -3471            8.507           0
        77        -3482        -3481            1.377           0
        78        -3481        -3481            0.154           1
        80        -3481        -3481            0.968           0
        81        -3481        -3481            3.209           0
        83        -3475        -3474            3.543           0
        85        -3471        -3471            4.273           0
        86        -3471        -3471            2.267           0
        87        -3481        -3481            6.826           0
        88        -3481        -3481            0.374           0
        90        -3481        -3481            2.065           0
        92        -3483        -3483            0.145           1
        93        -3483        -3483            0.298           1
        94        -3481        -3481            0.889           0
        96        -3475        -3474              9.6           0
        97        -3481        -3481            1.286           0
        98        -3481        -3481            1.463           0
        99        -3471        -3471            2.663           0
       100        -3483        -3483             0.24           1
Candidate 87 dropped.
- Failed test 1: Too close to 12 in parameter space.
Best candidate so far (LL=-3470.6)
              Value
asc_alt1_1  -0.0540
asc_alt1_2   0.1859
asc_alt1_3   0.0679
asc_alt1_4  -3.9312
asc_alt1_5   0.5215
asc_alt2_1  -0.0523
asc_alt2_2   0.3748
asc_alt2_3   0.1483
asc_alt2_4   0.7660
asc_alt2_5  -0.2542
asc_alt3_1   0.0000
asc_alt3_2   0.0000
asc_alt3_3   0.0000
asc_alt3_4   0.0000
asc_alt3_5   0.0000
b_x1_1       0.2383
b_x1_2       1.9570
b_x1_3       0.7930
b_x1_4       3.3808
b_x1_5      -1.3072
b_x2_1       0.6226
b_x2_2       1.8261
b_x2_3       0.3004
b_x2_4      -1.6135
b_x2_5      -0.5245
b_x3_1       0.7444
b_x3_2       0.4979
b_x3_3       0.1830
b_x3_4     -10.1359
b_x3_5       1.0808
b_x4_1       0.2612
b_x4_2      -0.9818
b_x4_3       0.9170
b_x4_4       0.7542
b_x4_5       1.8467
b_price_1   -1.6329
b_price_2   -1.5587
b_price_3   -1.4727
b_price_4   -1.0966
b_price_5   -1.8429
delta_1      2.4214
delta_2      0.4311
delta_3      2.3114
delta_4     -1.8412
delta_5      0.0000
Several observations per individual detected based on the value of ID.
  Setting panelData in apollo_control set to TRUE.
With setting noValidation=TRUE in apollo_control, your model code will
  not be validated prior to estimation. This may of course be
  deliberate for large models or models with many components.
All checks on apollo_control completed.
All checks on database completed.
INFORMATION: The use of apollo_lcEM has a number of requirements. No checks are run
  for these, so the user needs to ensure these conditions are met by
  their model: 
1: This function is only suitable for single component models, i.e. no
  use of apollo_combineModels or manual multiplication of model
  components.
2: Any parameters that vary across classes need to be included in the
  definition of random parameters in apollo_lcPars.
3: The entries in the lists in apollo_lcPars need to be individual
  parameters, not functions thereof.

Validating inputs of likelihood function (apollo_probabilities)

Initialising EM algorithm
Starting iteration: 1
- Current LL : -3650.286
- New LL     : -3554.187
- Improvement: 96.09832

Starting iteration: 2
- Current LL : -3554.187
- New LL     : -3553.607
- Improvement: 0.5807187

Starting iteration: 3
- Current LL : -3553.607
- New LL     : -3552.931
- Improvement: 0.6759187

Starting iteration: 4
- Current LL : -3552.931
- New LL     : -3552.015
- Improvement: 0.9154775

Starting iteration: 5
- Current LL : -3552.015
- New LL     : -3550.646
- Improvement: 1.36952

Starting iteration: 6
- Current LL : -3550.646
- New LL     : -3548.401
- Improvement: 2.245058

Starting iteration: 7
- Current LL : -3548.401
- New LL     : -3544.399
- Improvement: 4.001475

Starting iteration: 8
- Current LL : -3544.399
- New LL     : -3537.394
- Improvement: 7.005531

Starting iteration: 9
- Current LL : -3537.394
- New LL     : -3527.895
- Improvement: 9.499039

Starting iteration: 10
- Current LL : -3527.895
- New LL     : -3519.571
- Improvement: 8.323149

Starting iteration: 11
- Current LL : -3519.571
- New LL     : -3514.229
- Improvement: 5.342295

Starting iteration: 12
- Current LL : -3514.229
- New LL     : -3510.607
- Improvement: 3.621965

Starting iteration: 13
- Current LL : -3510.607
- New LL     : -3507.584
- Improvement: 3.022988

Starting iteration: 14
- Current LL : -3507.584
- New LL     : -3504.789
- Improvement: 2.794843

Starting iteration: 15
- Current LL : -3504.789
- New LL     : -3502.147
- Improvement: 2.64264

Starting iteration: 16
- Current LL : -3502.147
- New LL     : -3499.683
- Improvement: 2.463676

Starting iteration: 17
- Current LL : -3499.683
- New LL     : -3497.52
- Improvement: 2.162726

Starting iteration: 18
- Current LL : -3497.52
- New LL     : -3495.799
- Improvement: 1.720853

Starting iteration: 19
- Current LL : -3495.799
- New LL     : -3494.523
- Improvement: 1.275988

Starting iteration: 20
- Current LL : -3494.523
- New LL     : -3493.565
- Improvement: 0.958312

Starting iteration: 21
- Current LL : -3493.565
- New LL     : -3492.777
- Improvement: 0.7879094

Starting iteration: 22
- Current LL : -3492.777
- New LL     : -3492.061
- Improvement: 0.7159979

Starting iteration: 23
- Current LL : -3492.061
- New LL     : -3491.364
- Improvement: 0.6967331

Starting iteration: 24
- Current LL : -3491.364
- New LL     : -3490.663
- Improvement: 0.7016664

Starting iteration: 25
- Current LL : -3490.663
- New LL     : -3489.95
- Improvement: 0.712634

Starting iteration: 26
- Current LL : -3489.95
- New LL     : -3489.234
- Improvement: 0.7165399

Starting iteration: 27
- Current LL : -3489.234
- New LL     : -3488.53
- Improvement: 0.7031836

Starting iteration: 28
- Current LL : -3488.53
- New LL     : -3487.866
- Improvement: 0.6647194

Starting iteration: 29
- Current LL : -3487.866
- New LL     : -3487.263
- Improvement: 0.6025426

Starting iteration: 30
- Current LL : -3487.263
- New LL     : -3486.742
- Improvement: 0.5214253

Starting iteration: 31
- Current LL : -3486.742
- New LL     : -3486.309
- Improvement: 0.4328266

Starting iteration: 32
- Current LL : -3486.309
- New LL     : -3485.962
- Improvement: 0.3472154

Starting iteration: 33
- Current LL : -3485.962
- New LL     : -3485.688
- Improvement: 0.2735097

Starting iteration: 34
- Current LL : -3485.688
- New LL     : -3485.474
- Improvement: 0.2145791

Starting iteration: 35
- Current LL : -3485.474
- New LL     : -3485.305
- Improvement: 0.1686903

Starting iteration: 36
- Current LL : -3485.305
- New LL     : -3485.17
- Improvement: 0.1344642

Starting iteration: 37
- Current LL : -3485.17
- New LL     : -3485.061
- Improvement: 0.1094666

Starting iteration: 38
- Current LL : -3485.061
- New LL     : -3484.969
- Improvement: 0.09154635

Starting iteration: 39
- Current LL : -3484.969
- New LL     : -3484.889
- Improvement: 0.08017858

Starting iteration: 40
- Current LL : -3484.889
- New LL     : -3484.816
- Improvement: 0.07283073

Starting iteration: 41
- Current LL : -3484.816
- New LL     : -3484.748
- Improvement: 0.06879166

Starting iteration: 42
- Current LL : -3484.748
- New LL     : -3484.681
- Improvement: 0.06700868

Starting iteration: 43
- Current LL : -3484.681
- New LL     : -3484.614
- Improvement: 0.06661522

Starting iteration: 44
- Current LL : -3484.614
- New LL     : -3484.546
- Improvement: 0.06812814

Starting iteration: 45
- Current LL : -3484.546
- New LL     : -3484.476
- Improvement: 0.06990446

Starting iteration: 46
- Current LL : -3484.476
- New LL     : -3484.404
- Improvement: 0.07210994

Starting iteration: 47
- Current LL : -3484.404
- New LL     : -3484.329
- Improvement: 0.0748596

Starting iteration: 48
- Current LL : -3484.329
- New LL     : -3484.251
- Improvement: 0.07796142

Starting iteration: 49
- Current LL : -3484.251
- New LL     : -3484.171
- Improvement: 0.0801198

Starting iteration: 50
- Current LL : -3484.171
- New LL     : -3484.088
- Improvement: 0.08255711

Starting iteration: 51
- Current LL : -3484.088
- New LL     : -3484.003
- Improvement: 0.08503223

Starting iteration: 52
- Current LL : -3484.003
- New LL     : -3483.916
- Improvement: 0.0870288

Starting iteration: 53
- Current LL : -3483.916
- New LL     : -3483.827
- Improvement: 0.08892356

Starting iteration: 54
- Current LL : -3483.827
- New LL     : -3483.737
- Improvement: 0.0905794

Starting iteration: 55
- Current LL : -3483.737
- New LL     : -3483.645
- Improvement: 0.09200788

Starting iteration: 56
- Current LL : -3483.645
- New LL     : -3483.552
- Improvement: 0.09320417

Starting iteration: 57
- Current LL : -3483.552
- New LL     : -3483.457
- Improvement: 0.0943934

Starting iteration: 58
- Current LL : -3483.457
- New LL     : -3483.362
- Improvement: 0.09528815

Starting iteration: 59
- Current LL : -3483.362
- New LL     : -3483.266
- Improvement: 0.09578873

Starting iteration: 60
- Current LL : -3483.266
- New LL     : -3483.17
- Improvement: 0.09593258

Starting iteration: 61
- Current LL : -3483.17
- New LL     : -3483.074
- Improvement: 0.09574892

Starting iteration: 62
- Current LL : -3483.074
- New LL     : -3482.979
- Improvement: 0.09506008

Starting iteration: 63
- Current LL : -3482.979
- New LL     : -3482.886
- Improvement: 0.09374854

Starting iteration: 64
- Current LL : -3482.886
- New LL     : -3482.794
- Improvement: 0.0917631

Starting iteration: 65
- Current LL : -3482.794
- New LL     : -3482.705
- Improvement: 0.08884317

Starting iteration: 66
- Current LL : -3482.705
- New LL     : -3482.62
- Improvement: 0.08516941

Starting iteration: 67
- Current LL : -3482.62
- New LL     : -3482.539
- Improvement: 0.08071862

Starting iteration: 68
- Current LL : -3482.539
- New LL     : -3482.464
- Improvement: 0.07546964

Starting iteration: 69
- Current LL : -3482.464
- New LL     : -3482.394
- Improvement: 0.06963012

Starting iteration: 70
- Current LL : -3482.394
- New LL     : -3482.331
- Improvement: 0.06352254

Starting iteration: 71
- Current LL : -3482.331
- New LL     : -3482.273
- Improvement: 0.0574324

Starting iteration: 72
- Current LL : -3482.273
- New LL     : -3482.222
- Improvement: 0.05151879

Starting iteration: 73
- Current LL : -3482.222
- New LL     : -3482.176
- Improvement: 0.04573159

Starting iteration: 74
- Current LL : -3482.176
- New LL     : -3482.135
- Improvement: 0.0407979

Starting iteration: 75
- Current LL : -3482.135
- New LL     : -3482.099
- Improvement: 0.03607251

Starting iteration: 76
- Current LL : -3482.099
- New LL     : -3482.067
- Improvement: 0.03234861

Starting iteration: 77
- Current LL : -3482.067
- New LL     : -3482.037
- Improvement: 0.02929127

Starting iteration: 78
- Current LL : -3482.037
- New LL     : -3482.011
- Improvement: 0.02676765

Starting iteration: 79
- Current LL : -3482.011
- New LL     : -3481.986
- Improvement: 0.02491067

Starting iteration: 80
- Current LL : -3481.986
- New LL     : -3481.962
- Improvement: 0.0236093

Starting iteration: 81
- Current LL : -3481.962
- New LL     : -3481.939
- Improvement: 0.02281858

Starting iteration: 82
- Current LL : -3481.939
- New LL     : -3481.916
- Improvement: 0.0228181

Starting iteration: 83
- Current LL : -3481.916
- New LL     : -3481.893
- Improvement: 0.02361621

Starting iteration: 84
- Current LL : -3481.893
- New LL     : -3481.868
- Improvement: 0.02502719

Starting iteration: 85
- Current LL : -3481.868
- New LL     : -3481.841
- Improvement: 0.0270986

Starting iteration: 86
- Current LL : -3481.841
- New LL     : -3481.81
- Improvement: 0.0302139

Starting iteration: 87
- Current LL : -3481.81
- New LL     : -3481.777
- Improvement: 0.03345897

Starting iteration: 88
- Current LL : -3481.777
- New LL     : -3481.74
- Improvement: 0.0369351

Starting iteration: 89
- Current LL : -3481.74
- New LL     : -3481.7
- Improvement: 0.04033165

Starting iteration: 90
- Current LL : -3481.7
- New LL     : -3481.657
- Improvement: 0.04317715

Starting iteration: 91
- Current LL : -3481.657
- New LL     : -3481.612
- Improvement: 0.04437685

Starting iteration: 92
- Current LL : -3481.612
- New LL     : -3481.568
- Improvement: 0.04412101

Starting iteration: 93
- Current LL : -3481.568
- New LL     : -3481.526
- Improvement: 0.04194605

Starting iteration: 94
- Current LL : -3481.526
- New LL     : -3481.487
- Improvement: 0.03867407

Starting iteration: 95
- Current LL : -3481.487
- New LL     : -3481.453
- Improvement: 0.03462303

Starting iteration: 96
- Current LL : -3481.453
- New LL     : -3481.423
- Improvement: 0.03009184

Starting iteration: 97
- Current LL : -3481.423
- New LL     : -3481.397
- Improvement: 0.02525122

Starting iteration: 98
- Current LL : -3481.397
- New LL     : -3481.375
- Improvement: 0.02229069

Starting iteration: 99
- Current LL : -3481.375
- New LL     : -3481.357
- Improvement: 0.01842929

Starting iteration: 100
- Current LL : -3481.357
- New LL     : -3481.341
- Improvement: 0.01564594

EM algorithm stopped: maximum number of iterations reached!
No covariance matrix will be computed as convergence has not been
  reached. You may call apollo_addCovariance(model,apollo_inputs) to
  compute a covariance matrix at the current estimates.
[09:23:19]   NOTE very_hard|seed3: a new arm improved the best LL by +0.000 -- existing gaps shift
[09:23:19]   done very_hard|seed3 : gaps  klue_ml=-0.00  klue_em=-0.00  apollo_searchStart=+0.00  apollo_lcEM=-12.95  gmnl_lc=-12.86  apollo_ss_published=-14.82
[09:23:19] RUN  very_hard|seed4  (K=5 kap=0.30 sig=0.35 corr=none)  arms: apollo_searchStart, apollo_lcEM
Several observations per individual detected based on the value of ID.
  Setting panelData in apollo_control set to TRUE.
All checks on apollo_control completed.
All checks on database completed.
Testing probability function (apollo_probabilities)
Apollo found a model component of type classAlloc without a
  componentName. The name was set to "classAlloc" by default.
INFORMATION: Setting "avail" is missing, so full availability is assumed. 
Apollo found a model component of type MNL without a componentName. The
  name was set to "Class_1" by default.
Apollo found a model component of type MNL without a componentName. The
  name was set to "Class_2" by default.
Apollo found a model component of type MNL without a componentName. The
  name was set to "Class_3" by default.
Apollo found a model component of type MNL without a componentName. The
  name was set to "Class_4" by default.
Apollo found a model component of type MNL without a componentName. The
  name was set to "Class_5" by default.
Pre-processing likelihood function...
INFORMATION: Apollo was not able to compute analytical gradients for your model.
  This could be because you are using model components for which
  analytical gradients are not yet implemented, or because you coded
  your own model functions. If however you only used apollo_mnl,
  apollo_fmnl, apollo_normalDensity, apollo_ol or apollo_op, then there
  could be another issue. You might want to ask for help in the Apollo
  forum (http://www.apollochoicemodelling.com/forum) on how to solve
  this issue. If you do, please post your code and data (if not
  confidential). 
Creating initial set of 100 candidate values.
Calculating LL of candidates 0%....50%.....100%

Stage 1, 100 active candidates.
Estimating 20 BFGS iteration(s) for each active candidate.
 Candidate......LLstart.....LLfinish.....GradientNorm...Converged
         1        -3646        -3508           35.765           0
         2        -3645        -3499           19.705           0
         3        -3651        -3499            18.22           0
         4        -3661        -3500            18.69           0
         5        -3659        -3498           15.625           0
         6        -3650        -3499           15.275           0
         7        -3640        -3501           14.913           0
         8        -3650        -3502           17.041           0
         9        -3639        -3508            20.38           0
        10        -3649        -3502           15.212           0
        11        -3635        -3504           15.269           0
        12        -3641        -3504           30.892           0
        13        -3636        -3503           17.165           0
        14        -3650        -3498           14.548           0
        15        -3645        -3500            8.933           0
        16        -3653        -3507           19.123           0
        17        -3642        -3507           28.411           0
        18        -3652        -3508           16.825           0
        19        -3651        -3498           16.363           0
        20        -3653        -3500            8.638           0
        21        -3639        -3500           25.151           0
        22        -3664        -3507            24.53           0
        23        -3639        -3501           10.643           0
        24        -3644        -3498           16.061           0
        25        -3647        -3503           15.697           0
        26        -3652        -3505           23.169           0
        27        -3640        -3501           16.561           0
        28        -3651        -3503           26.175           0
        29        -3644        -3509           11.691           0
        30        -3641        -3503            15.88           0
        31        -3646        -3501           12.766           0
        32        -3649        -3505           18.565           0
        33        -3649        -3498           18.525           0
        34        -3654        -3500            8.908           0
        35        -3635        -3505           18.916           0
        36        -3648        -3506           23.631           0
        37        -3629        -3500           16.818           0
        38        -3649        -3502           14.382           0
        39        -3640        -3504            11.58           0
        40        -3657        -3498           14.437           0
        41        -3637        -3503           15.185           0
        42        -3658        -3504           26.654           0
        43        -3650        -3501           14.037           0
        44        -3636        -3504           21.636           0
        45        -3650        -3500             9.37           0
        46        -3657        -3503           26.119           0
        47        -3632        -3498           18.711           0
        48        -3645        -3501           10.087           0
        49        -3665        -3502           14.086           0
        50        -3641        -3501           12.633           0
        51        -3637        -3508            35.33           0
        52        -3647        -3507           18.327           0
        53        -3646        -3503            18.43           0
        54        -3644        -3499           23.802           0
        55        -3649        -3500           20.777           0
        56        -3636        -3505            14.49           0
        57        -3651        -3507           23.312           0
        58        -3655        -3503           18.432           0
        59        -3641        -3504           38.328           0
        60        -3657        -3501           16.412           0
        61        -3650        -3500           16.857           0
        62        -3646        -3506           24.028           0
        63        -3646        -3497           18.299           0
        64        -3646        -3501           15.526           0
        65        -3655        -3507           18.896           0
        66        -3649        -3507           24.205           0
        67        -3651        -3502            12.15           0
        68        -3654        -3506           20.931           0
        69        -3650        -3504           15.033           0
        70        -3645        -3502           12.813           0
        71        -3657        -3507           16.406           0
        72        -3649        -3500            9.956           0
        73        -3655        -3498           14.371           0
        74        -3646        -3504           22.406           0
        75        -3639        -3504           16.045           0
        76        -3644        -3506           20.104           0
        77        -3661        -3506           18.077           0
        78        -3644        -3499           20.933           0
        79        -3657        -3502           20.482           0
        80        -3660        -3501           14.336           0
        81        -3656        -3498           14.574           0
        82        -3621        -3503           30.262           0
        83        -3659        -3501            14.53           0
        84        -3664        -3501           18.206           0
        85        -3650        -3506           20.865           0
        86        -3641        -3504           18.521           0
        87        -3651        -3502           12.571           0
        88        -3655        -3499           15.239           0
        89        -3648        -3503           17.457           0
        90        -3655        -3501            17.77           0
        91        -3643        -3503           15.236           0
        92        -3650        -3506           22.962           0
        93        -3633        -3501           13.644           0
        94        -3647        -3501           17.921           0
        95        -3655        -3505           15.442           0
        96        -3647        -3499           20.757           0
        97        -3654        -3502           11.883           0
        98        -3656        -3505           22.564           0
        99        -3637        -3501           19.329           0
       100        -3641        -3505           21.263           0
Candidate 2 dropped.
- Failed test 1: Too close to 81 in parameter space.
Candidate 14 dropped.
- Failed test 1: Too close to 5 in parameter space.
Candidate 15 dropped.
- Failed test 1: Too close to 20 in parameter space.
Candidate 23 dropped.
- Failed test 1: Too close to 45 in parameter space.
Candidate 27 dropped.
- Failed test 1: Too close to 15, 20 in parameter space.
Candidate 43 dropped.
- Failed test 1: Too close to 23 in parameter space.
Candidate 50 dropped.
- Failed test 1: Too close to 72 in parameter space.
Candidate 61 dropped.
- Failed test 1: Too close to 21 in parameter space.
Candidate 88 dropped.
- Failed test 1: Too close to 73 in parameter space.
Best candidate so far (LL=-3497.1)
             Value
asc_alt1_1 -0.1150
asc_alt1_2  0.0629
asc_alt1_3 -0.2421
asc_alt1_4 -0.4043
asc_alt1_5 -0.0366
asc_alt2_1 -0.0944
asc_alt2_2  0.1037
asc_alt2_3 -0.2336
asc_alt2_4 -0.1606
asc_alt2_5  0.0406
asc_alt3_1  0.0000
asc_alt3_2  0.0000
asc_alt3_3  0.0000
asc_alt3_4  0.0000
asc_alt3_5  0.0000
b_x1_1      0.8645
b_x1_2      0.2368
b_x1_3      0.0799
b_x1_4      0.3920
b_x1_5      0.8464
b_x2_1      1.2170
b_x2_2      0.4273
b_x2_3     -0.4021
b_x2_4      1.0697
b_x2_5      0.4171
b_x3_1      1.0895
b_x3_2      0.9747
b_x3_3      0.3576
b_x3_4     -0.2134
b_x3_5      0.2254
b_x4_1      0.6998
b_x4_2      0.4113
b_x4_3      0.4236
b_x4_4     -0.5913
b_x4_5      0.5442
b_price_1  -0.8595
b_price_2  -3.4591
b_price_3  -0.7491
b_price_4  -0.9647
b_price_5  -1.2451
delta_1    -0.3464
delta_2    -0.6412
delta_3    -0.6142
delta_4    -0.9600
delta_5     0.0000

Stage 2, 91 active candidates.
Estimating 20 BFGS iteration(s) for each active candidate.
 Candidate......LLstart.....LLfinish.....GradientNorm...Converged
         1        -3508        -3494            7.487           0
         3        -3499        -3495            8.093           0
         4        -3500        -3494            6.376           0
         5        -3498        -3494            5.148           0
         6        -3499        -3494            5.975           0
         7        -3501        -3495            9.275           0
         8        -3502        -3494            7.052           0
         9        -3508        -3499           12.378           0
        10        -3502        -3495             8.62           0
        11        -3504        -3495            12.21           0
        12        -3504        -3494            4.674           0
        13        -3503        -3498            7.099           0
        16        -3507        -3496            10.77           0
        17        -3507        -3496           19.256           0
        18        -3508        -3504           11.229           0
        19        -3498        -3494            5.738           0
        20        -3500        -3498            7.446           0
        21        -3500        -3494            5.027           0
        22        -3507        -3496           12.229           0
        24        -3498        -3494            5.449           0
        25        -3503        -3501            1.654           0
        26        -3505        -3498           12.474           0
        28        -3503        -3495           10.647           0
        29        -3509        -3497           13.939           0
        30        -3503        -3495            8.738           0
        31        -3501        -3499            5.159           0
        32        -3505        -3499            9.391           0
        33        -3498        -3494            4.526           0
        34        -3500        -3497           10.541           0
        35        -3505        -3500            6.351           0
        36        -3506        -3498           11.461           0
        37        -3500        -3496            6.082           0
        38        -3502        -3495           13.121           0
        39        -3504        -3500           15.268           0
        40        -3498        -3495           15.462           0
        41        -3503        -3496           14.532           0
        42        -3504        -3494              7.7           0
        44        -3504        -3497             5.92           0
        45        -3500        -3498             9.67           0
        46        -3503        -3494            4.935           0
        47        -3498        -3495            7.527           0
        48        -3501        -3499            5.464           0
        49        -3502        -3499            8.139           0
        51        -3508        -3501             7.44           0
        52        -3507        -3496           12.553           0
        53        -3503        -3499            4.872           0
        54        -3499        -3494            4.804           0
        55        -3500        -3494            6.734           0
        56        -3505        -3494             6.79           0
        57        -3507        -3497           14.743           0
        58        -3503        -3494            14.25           0
        59        -3504        -3494            7.492           0
        60        -3501        -3494            8.263           0
        62        -3506        -3496            13.75           0
        63        -3497        -3494            4.678           0
        64        -3501        -3495            9.829           0
        65        -3507        -3499            9.232           0
        66        -3507        -3496           10.634           0
        67        -3502        -3498           15.915           0
        68        -3506        -3498            8.004           0
        69        -3504        -3497            9.748           0
        70        -3502        -3499            5.473           0
        71        -3507        -3503             6.19           0
        72        -3500        -3498            9.073           0
        73        -3498        -3494            5.988           0
        74        -3504        -3498            8.065           0
        75        -3504        -3501            5.139           0
        76        -3506        -3499             9.12           0
        77        -3506        -3496            9.699           0
        78        -3499        -3494            4.648           0
        79        -3502        -3497            9.657           0
        80        -3501        -3499           12.567           0
        81        -3498        -3494             6.42           0
        82        -3503        -3495           10.349           0
        83        -3501        -3496           10.526           0
        84        -3501        -3496             5.85           0
        85        -3506        -3498            7.459           0
        86        -3504        -3497            7.965           0
        87        -3502        -3500            4.775           0
        89        -3503        -3496           11.415           0
        90        -3501        -3495           10.255           0
        91        -3503        -3499            8.822           0
        92        -3506        -3499            5.184           0
        93        -3501        -3497            6.633           0
        94        -3501        -3494            7.056           0
        95        -3505        -3501            7.846           0
        96        -3499        -3494            7.148           0
        97        -3502        -3495           11.719           0
        98        -3505        -3497            9.424           0
        99        -3501        -3494            3.828           0
       100        -3505        -3499            4.324           0
Candidate 1 dropped.
- Failed test 1: Too close to 12, 94 in parameter space.
Candidate 6 dropped.
- Failed test 1: Too close to 5 in parameter space.
Candidate 7 dropped.
- Failed test 1: Too close to 19 in parameter space.
Candidate 8 dropped.
- Failed test 1: Too close to 5, 6 in parameter space.
Candidate 10 dropped.
- Failed test 1: Too close to 46, 58, 81 in parameter space.
Candidate 11 dropped.
- Failed test 1: Too close to 60 in parameter space.
Candidate 16 dropped.
- Failed test 1: Too close to 1, 12, 94 in parameter space.
Candidate 33 dropped.
- Failed test 1: Too close to 54 in parameter space.
Candidate 46 dropped.
- Failed test 1: Too close to 81, 96 in parameter space.
Candidate 55 dropped.
- Failed test 1: Too close to 73 in parameter space.
Candidate 56 dropped.
- Failed test 1: Too close to 5, 6, 8 in parameter space.
Candidate 58 dropped.
- Failed test 1: Too close to 46, 81, 96, 99 in parameter space.
Candidate 64 dropped.
- Failed test 1: Too close to 96, 99 in parameter space.
Candidate 78 dropped.
- Failed test 1: Too close to 33, 54 in parameter space.
Candidate 82 dropped.
- Failed test 1: Too close to 47 in parameter space.
Candidate 94 dropped.
- Failed test 1: Too close to 12 in parameter space.
Candidate 96 dropped.
- Failed test 1: Too close to 81 in parameter space.
Candidate 99 dropped.
- Failed test 1: Too close to 46, 81, 96 in parameter space.
Best candidate so far (LL=-3493.6)
             Value
asc_alt1_1 -0.0668
asc_alt1_2  0.2378
asc_alt1_3 -0.1193
asc_alt1_4 -0.4589
asc_alt1_5 -0.0084
asc_alt2_1 -0.1616
asc_alt2_2  0.3526
asc_alt2_3 -0.1878
asc_alt2_4 -0.1815
asc_alt2_5  0.0938
asc_alt3_1  0.0000
asc_alt3_2  0.0000
asc_alt3_3  0.0000
asc_alt3_4  0.0000
asc_alt3_5  0.0000
b_x1_1      0.7749
b_x1_2      0.0153
b_x1_3      0.1722
b_x1_4      0.3872
b_x1_5      0.8910
b_x2_1      1.1966
b_x2_2      0.5635
b_x2_3     -0.2726
b_x2_4      1.0519
b_x2_5      0.5457
b_x3_1      1.2266
b_x3_2      1.4647
b_x3_3      0.3977
b_x3_4     -0.2443
b_x3_5      0.2889
b_x4_1      0.7087
b_x4_2      0.4780
b_x4_3      0.4198
b_x4_4     -0.5553
b_x4_5      0.5171
b_price_1  -1.1850
b_price_2  -5.2314
b_price_3  -1.0712
b_price_4  -1.0232
b_price_5  -1.3068
delta_1    -0.1790
delta_2    -1.4669
delta_3    -0.2342
delta_4    -1.0628
delta_5     0.0000

Stage 3, 73 active candidates.
Estimating 20 BFGS iteration(s) for each active candidate.
 Candidate......LLstart.....LLfinish.....GradientNorm...Converged
         3        -3495        -3494            1.033           0
         4        -3494        -3493            1.128           0
         5        -3494        -3493            1.163           0
         9        -3499        -3495            7.522           0
        12        -3494        -3493            0.851           0
        13        -3498        -3497            1.355           0
        17        -3496        -3494            1.906           0
        18        -3504        -3501           12.982           0
        19        -3494        -3493            1.124           0
        20        -3498        -3494              7.4           0
        21        -3494        -3493             1.67           0
        22        -3496        -3494            4.718           0
        24        -3494        -3493             1.19           0
        25        -3501        -3501            0.302           0
        26        -3498        -3494            9.093           0
        28        -3495        -3494             8.08           0
        29        -3497        -3494            6.224           0
        30        -3495        -3493            3.057           0
        31        -3499        -3498            5.955           0
        32        -3499        -3497            2.696           0
        34        -3497        -3494            6.646           0
        35        -3500        -3499            6.572           0
        36        -3498        -3495           15.047           0
        37        -3496        -3495             2.94           0
        38        -3495        -3494            3.778           0
        39        -3500        -3495           11.429           0
        40        -3495        -3493            1.416           0
        41        -3496        -3494            4.093           0
        42        -3494        -3493            1.395           0
        44        -3497        -3497             2.05           0
        45        -3498        -3498            1.823           0
        47        -3495        -3494             0.96           0
        48        -3499        -3498            8.944           0
        49        -3499        -3497            3.397           0
        51        -3501        -3498            6.455           0
        52        -3496        -3494            7.018           0
        53        -3499        -3498            5.601           0
        54        -3494        -3493            0.512           0
        57        -3497        -3494            6.204           0
        59        -3494        -3494            0.755           0
        60        -3494        -3493            1.273           0
        62        -3496        -3495            7.071           0
        63        -3494        -3493            0.351           0
        65        -3499        -3498            1.646           0
        66        -3496        -3494            4.184           0
        67        -3498        -3495           10.327           0
        68        -3498        -3496            5.398           0
        69        -3497        -3494            4.692           0
        70        -3499        -3495           10.376           0
        71        -3503        -3499           13.494           0
        72        -3498        -3494            5.994           0
        73        -3494        -3493            1.365           0
        74        -3498        -3497            1.083           0
        75        -3501        -3500            8.589           0
        76        -3499        -3498            2.729           0
        77        -3496        -3494            4.971           0
        79        -3497        -3496            6.929           0
        80        -3499        -3497            2.552           0
        81        -3494        -3493            0.731           0
        83        -3496        -3494            3.534           0
        84        -3496        -3495            6.629           0
        85        -3498        -3498            1.986           0
        86        -3497        -3496            4.294           0
        87        -3500        -3498             7.72           0
        89        -3496        -3493            2.764           0
        90        -3495        -3494            3.203           0
        91        -3499        -3498            3.008           0
        92        -3499        -3495            8.084           0
        93        -3497        -3497            1.573           0
        95        -3501        -3500            2.158           0
        97        -3495        -3493            2.305           0
        98        -3497        -3495            7.628           0
       100        -3499        -3498            8.855           0
Candidate 20 dropped.
- Failed test 1: Too close to 4, 29 in parameter space.
Candidate 22 dropped.
- Failed test 1: Too close to 12 in parameter space.
Candidate 26 dropped.
- Failed test 1: Too close to 54 in parameter space.
Candidate 29 dropped.
- Failed test 1: Too close to 4 in parameter space.
Candidate 30 dropped.
- Failed test 1: Too close to 5 in parameter space.
Candidate 34 dropped.
- Failed test 1: Too close to 38, 81 in parameter space.
Candidate 38 dropped.
- Failed test 1: Too close to 81 in parameter space.
Candidate 41 dropped.
- Failed test 1: Too close to 40 in parameter space.
Candidate 65 dropped.
- Failed test 1: Too close to 85 in parameter space.
Candidate 66 dropped.
- Failed test 1: Too close to 89 in parameter space.
Candidate 72 dropped.
- Failed test 1: Too close to 12, 22, 77 in parameter space.
Candidate 76 dropped.
- Failed test 1: Too close to 65, 85 in parameter space.
Candidate 77 dropped.
- Failed test 1: Too close to 12, 22 in parameter space.
Candidate 83 dropped.
- Failed test 1: Too close to 42 in parameter space.
Candidate 87 dropped.
- Failed test 1: Too close to 65, 76, 85 in parameter space.
Candidate 100 dropped.
- Failed test 1: Too close to 45 in parameter space.
Best candidate so far (LL=-3493.4)
             Value
asc_alt1_1 -0.0729
asc_alt1_2  0.2125
asc_alt1_3 -0.1435
asc_alt1_4 -0.4753
asc_alt1_5 -0.0173
asc_alt2_1 -0.1488
asc_alt2_2  0.3886
asc_alt2_3 -0.1883
asc_alt2_4 -0.1993
asc_alt2_5  0.0707
asc_alt3_1  0.0000
asc_alt3_2  0.0000
asc_alt3_3  0.0000
asc_alt3_4  0.0000
asc_alt3_5  0.0000
b_x1_1      0.7712
b_x1_2     -0.0058
b_x1_3      0.1778
b_x1_4      0.3796
b_x1_5      0.8919
b_x2_1      1.2020
b_x2_2      0.5259
b_x2_3     -0.2567
b_x2_4      1.0738
b_x2_5      0.5442
b_x3_1      1.2473
b_x3_2      1.4358
b_x3_3      0.3991
b_x3_4     -0.2418
b_x3_5      0.2814
b_x4_1      0.7171
b_x4_2      0.4659
b_x4_3      0.4222
b_x4_4     -0.5768
b_x4_5      0.5113
b_price_1  -1.2358
b_price_2  -5.2237
b_price_3  -1.0020
b_price_4  -1.0405
b_price_5  -1.3161
delta_1    -0.2227
delta_2    -1.4905
delta_3    -0.2742
delta_4    -1.1234
delta_5     0.0000

Stage 4, 57 active candidates.
Estimating 20 BFGS iteration(s) for each active candidate.
 Candidate......LLstart.....LLfinish.....GradientNorm...Converged
         3        -3494        -3494            0.205           1
         4        -3493        -3493             0.39           0
         5        -3493        -3493            0.051           1
         9        -3495        -3495            1.225           0
        12        -3493        -3493            0.226           1
        13        -3497        -3497            0.198           1
        17        -3494        -3494            0.403           0
        18        -3501        -3497            8.007           0
        19        -3493        -3493            0.156           1
        21        -3493        -3493            0.333           0
        24        -3493        -3493            0.078           1
        25        -3501        -3501            0.325           1
        28        -3494        -3494            2.583           0
        31        -3498        -3497            0.644           0
        32        -3497        -3497            7.835           0
        35        -3499        -3499            1.159           0
        36        -3495        -3493            3.477           0
        37        -3495        -3495           11.355           0
        39        -3495        -3493            0.962           0
        40        -3493        -3493            0.198           0
        42        -3493        -3493            0.131           1
        44        -3497        -3496            4.406           0
        45        -3498        -3497            0.264           0
        47        -3494        -3494            0.109           0
        48        -3498        -3498            1.209           0
        49        -3497        -3496            8.073           0
        51        -3498        -3497             4.99           0
        52        -3494        -3494            0.726           0
        53        -3498        -3497            1.334           0
        54        -3493        -3493            0.276           1
        57        -3494        -3494            1.024           0
        59        -3494        -3494            0.105           1
        60        -3493        -3493            0.104           1
        62        -3495        -3494            4.171           0
        63        -3493        -3493            0.138           1
        67        -3495        -3494            2.196           0
        68        -3496        -3496            3.734           0
        69        -3494        -3493            0.408           0
        70        -3495        -3493            0.789           0
        71        -3499        -3498             5.43           0
        73        -3493        -3493            0.512           1
        74        -3497        -3497             0.08           1
        75        -3500        -3499            1.742           0
        79        -3496        -3495            7.123           0
        80        -3497        -3497            5.949           0
        81        -3493        -3493            0.061           1
        84        -3495        -3494            4.712           0
        85        -3498        -3497            0.123           0
        86        -3496        -3496            6.209           0
        89        -3493        -3493             0.22           0
        90        -3494        -3494            0.447           0
        91        -3498        -3497            0.412           0
        92        -3495        -3493            2.483           0
        93        -3497        -3495            13.07           0
        95        -3500        -3500            1.828           0
        97        -3493        -3493            0.376           0
        98        -3495        -3494            6.476           0
Candidate 71 dropped.
- Failed test 1: Too close to 45 in parameter space.
Candidate 84 dropped.
- Failed test 1: Too close to 3 in parameter space.
Candidate 92 dropped.
- Failed test 1: Too close to 5 in parameter space.
Best candidate so far (LL=-3493.4)
             Value
asc_alt1_1 -0.0741
asc_alt1_2 -0.0169
asc_alt1_3  0.2147
asc_alt1_4 -0.1450
asc_alt1_5 -0.4748
asc_alt2_1 -0.1491
asc_alt2_2  0.0708
asc_alt2_3  0.3927
asc_alt2_4 -0.1901
asc_alt2_5 -0.1987
asc_alt3_1  0.0000
asc_alt3_2  0.0000
asc_alt3_3  0.0000
asc_alt3_4  0.0000
asc_alt3_5  0.0000
b_x1_1      0.7708
b_x1_2      0.8908
b_x1_3     -0.0092
b_x1_4      0.1756
b_x1_5      0.3792
b_x2_1      1.2048
b_x2_2      0.5439
b_x2_3      0.5270
b_x2_4     -0.2592
b_x2_5      1.0744
b_x3_1      1.2500
b_x3_2      0.2826
b_x3_3      1.4387
b_x3_4      0.3995
b_x3_5     -0.2424
b_x4_1      0.7170
b_x4_2      0.5106
b_x4_3      0.4655
b_x4_4      0.4218
b_x4_5     -0.5754
b_price_1  -1.2370
b_price_2  -1.3160
b_price_3  -5.2310
b_price_4  -1.0038
b_price_5  -1.0347
delta_1     0.8984
delta_2     1.1331
delta_3    -0.3705
delta_4     0.8457
delta_5     0.0000

Stage 5, 40 active candidates.
Estimating 20 BFGS iteration(s) for each active candidate.
 Candidate......LLstart.....LLfinish.....GradientNorm...Converged
         4        -3493        -3493            0.115           1
         5        -3493        -3493                0           1
         9        -3495        -3495            0.145           0
        17        -3494        -3494            0.122           1
        18        -3497        -3496            5.907           0
        21        -3493        -3493            0.103           1
        28        -3494        -3494            0.286           0
        31        -3497        -3497            0.309           1
        32        -3497        -3494            6.649           0
        35        -3499        -3499            0.369           0
        36        -3493        -3493            1.315           0
        37        -3495        -3494            2.808           0
        39        -3493        -3493            0.255           0
        40        -3493        -3493              0.1           1
        44        -3496        -3494             5.41           0
        45        -3497        -3497            0.069           1
        47        -3494        -3494            0.052           1
        48        -3498        -3497            0.244           0
        49        -3496        -3493             1.98           0
        51        -3497        -3496            9.782           0
        52        -3494        -3494            0.182           1
        53        -3497        -3497            0.311           1
        57        -3494        -3494            0.178           0
        62        -3494        -3494            0.777           0
        67        -3494        -3494            0.212           0
        68        -3496        -3495            3.695           0
        69        -3493        -3493            0.245           1
        70        -3493        -3493            0.047           1
        75        -3499        -3498            13.45           0
        79        -3495        -3495            2.693           0
        80        -3497        -3495            9.917           0
        85        -3497        -3497            0.058           1
        86        -3496        -3495            0.794           0
        89        -3493        -3493            0.189           1
        90        -3494        -3494             0.13           1
        91        -3497        -3497            0.213           1
        93        -3495        -3493            2.629           0
        95        -3500        -3500            3.828           0
        97        -3493        -3493             0.21           1
        98        -3494        -3494            0.833           0
Candidate 35 dropped.
- Failed test 2: Converging to a worse solution than5
Candidate 48 dropped.
- Failed test 2: Converging to a worse solution than5
Candidate 49 dropped.
- Failed test 1: Too close to 4 in parameter space.
Candidate 75 dropped.
- Failed test 2: Converging to a worse solution than5
Candidate 93 dropped.
- Failed test 1: Too close to 5 in parameter space.
Candidate 95 dropped.
- Failed test 2: Converging to a worse solution than5
Best candidate so far (LL=-3493.3)
             Value
asc_alt1_1 -0.0462
asc_alt1_2  0.2265
asc_alt1_3 -0.1202
asc_alt1_4  1.2657
asc_alt1_5 -0.3830
asc_alt2_1 -0.0392
asc_alt2_2  0.3818
asc_alt2_3 -0.1090
asc_alt2_4  0.2112
asc_alt2_5 -0.1443
asc_alt3_1  0.0000
asc_alt3_2  0.0000
asc_alt3_3  0.0000
asc_alt3_4  0.0000
asc_alt3_5  0.0000
b_x1_1      0.8670
b_x1_2     -0.0726
b_x1_3      0.4218
b_x1_4     -2.0915
b_x1_5      0.5088
b_x2_1      1.0697
b_x2_2      0.4963
b_x2_3     -0.0703
b_x2_4     -2.2190
b_x2_5      1.0112
b_x3_1      0.9451
b_x3_2      1.3821
b_x3_3      0.3765
b_x3_4     -2.4244
b_x3_5     -0.2636
b_x4_1      0.6598
b_x4_2      0.4324
b_x4_3      0.4607
b_x4_4      1.1346
b_x4_5     -0.4335
b_price_1  -1.3575
b_price_2  -5.0975
b_price_3  -1.0101
b_price_4  -5.5898
b_price_5  -1.0390
delta_1     1.0784
delta_2    -0.6148
delta_3     1.0579
delta_4    -3.0540
delta_5     0.0000
Several observations per individual detected based on the value of ID.
  Setting panelData in apollo_control set to TRUE.
With setting noValidation=TRUE in apollo_control, your model code will
  not be validated prior to estimation. This may of course be
  deliberate for large models or models with many components.
All checks on apollo_control completed.
All checks on database completed.
INFORMATION: The use of apollo_lcEM has a number of requirements. No checks are run
  for these, so the user needs to ensure these conditions are met by
  their model: 
1: This function is only suitable for single component models, i.e. no
  use of apollo_combineModels or manual multiplication of model
  components.
2: Any parameters that vary across classes need to be included in the
  definition of random parameters in apollo_lcPars.
3: The entries in the lists in apollo_lcPars need to be individual
  parameters, not functions thereof.

Validating inputs of likelihood function (apollo_probabilities)

Initialising EM algorithm
Starting iteration: 1
- Current LL : -3646.411
- New LL     : -3546.204
- Improvement: 100.2069

Starting iteration: 2
- Current LL : -3546.204
- New LL     : -3541.115
- Improvement: 5.08873

Starting iteration: 3
- Current LL : -3541.115
- New LL     : -3538.019
- Improvement: 3.09604

Starting iteration: 4
- Current LL : -3538.019
- New LL     : -3536.563
- Improvement: 1.456166

Starting iteration: 5
- Current LL : -3536.563
- New LL     : -3535.83
- Improvement: 0.7329035

Starting iteration: 6
- Current LL : -3535.83
- New LL     : -3535.309
- Improvement: 0.5215764

Starting iteration: 7
- Current LL : -3535.309
- New LL     : -3534.817
- Improvement: 0.4914546

Starting iteration: 8
- Current LL : -3534.817
- New LL     : -3534.282
- Improvement: 0.5355253

Starting iteration: 9
- Current LL : -3534.282
- New LL     : -3533.583
- Improvement: 0.698533

Starting iteration: 10
- Current LL : -3533.583
- New LL     : -3532.34
- Improvement: 1.242821

Starting iteration: 11
- Current LL : -3532.34
- New LL     : -3529.578
- Improvement: 2.762554

Starting iteration: 12
- Current LL : -3529.578
- New LL     : -3524.169
- Improvement: 5.408463

Starting iteration: 13
- Current LL : -3524.169
- New LL     : -3517.434
- Improvement: 6.73589

Starting iteration: 14
- Current LL : -3517.434
- New LL     : -3512.547
- Improvement: 4.886084

Starting iteration: 15
- Current LL : -3512.547
- New LL     : -3509.926
- Improvement: 2.621038

Starting iteration: 16
- Current LL : -3509.926
- New LL     : -3508.394
- Improvement: 1.532014

Starting iteration: 17
- Current LL : -3508.394
- New LL     : -3507.286
- Improvement: 1.108426

Starting iteration: 18
- Current LL : -3507.286
- New LL     : -3506.377
- Improvement: 0.9093391

Starting iteration: 19
- Current LL : -3506.377
- New LL     : -3505.56
- Improvement: 0.8168023

Starting iteration: 20
- Current LL : -3505.56
- New LL     : -3504.751
- Improvement: 0.808536

Starting iteration: 21
- Current LL : -3504.751
- New LL     : -3503.887
- Improvement: 0.864708

Starting iteration: 22
- Current LL : -3503.887
- New LL     : -3502.939
- Improvement: 0.9473504

Starting iteration: 23
- Current LL : -3502.939
- New LL     : -3501.926
- Improvement: 1.013646

Starting iteration: 24
- Current LL : -3501.926
- New LL     : -3500.903
- Improvement: 1.022861

Starting iteration: 25
- Current LL : -3500.903
- New LL     : -3499.943
- Improvement: 0.9597093

Starting iteration: 26
- Current LL : -3499.943
- New LL     : -3499.105
- Improvement: 0.8381765

Starting iteration: 27
- Current LL : -3499.105
- New LL     : -3498.411
- Improvement: 0.6942617

Starting iteration: 28
- Current LL : -3498.411
- New LL     : -3497.858
- Improvement: 0.5521033

Starting iteration: 29
- Current LL : -3497.858
- New LL     : -3497.423
- Improvement: 0.435015

Starting iteration: 30
- Current LL : -3497.423
- New LL     : -3497.079
- Improvement: 0.34437

Starting iteration: 31
- Current LL : -3497.079
- New LL     : -3496.8
- Improvement: 0.2788598

Starting iteration: 32
- Current LL : -3496.8
- New LL     : -3496.569
- Improvement: 0.2312618

Starting iteration: 33
- Current LL : -3496.569
- New LL     : -3496.373
- Improvement: 0.1957059

Starting iteration: 34
- Current LL : -3496.373
- New LL     : -3496.204
- Improvement: 0.1689754

Starting iteration: 35
- Current LL : -3496.204
- New LL     : -3496.054
- Improvement: 0.1504481

Starting iteration: 36
- Current LL : -3496.054
- New LL     : -3495.918
- Improvement: 0.1354389

Starting iteration: 37
- Current LL : -3495.918
- New LL     : -3495.795
- Improvement: 0.1235457

Starting iteration: 38
- Current LL : -3495.795
- New LL     : -3495.682
- Improvement: 0.112894

Starting iteration: 39
- Current LL : -3495.682
- New LL     : -3495.575
- Improvement: 0.1072454

Starting iteration: 40
- Current LL : -3495.575
- New LL     : -3495.474
- Improvement: 0.1009457

Starting iteration: 41
- Current LL : -3495.474
- New LL     : -3495.378
- Improvement: 0.09582692

Starting iteration: 42
- Current LL : -3495.378
- New LL     : -3495.286
- Improvement: 0.09208547

Starting iteration: 43
- Current LL : -3495.286
- New LL     : -3495.197
- Improvement: 0.0883813

Starting iteration: 44
- Current LL : -3495.197
- New LL     : -3495.112
- Improvement: 0.08572078

Starting iteration: 45
- Current LL : -3495.112
- New LL     : -3495.029
- Improvement: 0.08236173

Starting iteration: 46
- Current LL : -3495.029
- New LL     : -3494.95
- Improvement: 0.07958658

Starting iteration: 47
- Current LL : -3494.95
- New LL     : -3494.873
- Improvement: 0.07696568

Starting iteration: 48
- Current LL : -3494.873
- New LL     : -3494.794
- Improvement: 0.07910235

Starting iteration: 49
- Current LL : -3494.794
- New LL     : -3494.72
- Improvement: 0.07346872

Starting iteration: 50
- Current LL : -3494.72
- New LL     : -3494.651
- Improvement: 0.0697096

Starting iteration: 51
- Current LL : -3494.651
- New LL     : -3494.583
- Improvement: 0.06723447

Starting iteration: 52
- Current LL : -3494.583
- New LL     : -3494.519
- Improvement: 0.06456791

Starting iteration: 53
- Current LL : -3494.519
- New LL     : -3494.456
- Improvement: 0.06262766

Starting iteration: 54
- Current LL : -3494.456
- New LL     : -3494.396
- Improvement: 0.06030247

Starting iteration: 55
- Current LL : -3494.396
- New LL     : -3494.338
- Improvement: 0.05813444

Starting iteration: 56
- Current LL : -3494.338
- New LL     : -3494.282
- Improvement: 0.05574297

Starting iteration: 57
- Current LL : -3494.282
- New LL     : -3494.228
- Improvement: 0.05367863

Starting iteration: 58
- Current LL : -3494.228
- New LL     : -3494.177
- Improvement: 0.0511822

Starting iteration: 59
- Current LL : -3494.177
- New LL     : -3494.128
- Improvement: 0.04930961

Starting iteration: 60
- Current LL : -3494.128
- New LL     : -3494.081
- Improvement: 0.04706307

Starting iteration: 61
- Current LL : -3494.081
- New LL     : -3494.036
- Improvement: 0.04444539

Starting iteration: 62
- Current LL : -3494.036
- New LL     : -3493.993
- Improvement: 0.04313986

Starting iteration: 63
- Current LL : -3493.993
- New LL     : -3493.953
- Improvement: 0.04043524

Starting iteration: 64
- Current LL : -3493.953
- New LL     : -3493.914
- Improvement: 0.03850685

Starting iteration: 65
- Current LL : -3493.914
- New LL     : -3493.877
- Improvement: 0.03689747

Starting iteration: 66
- Current LL : -3493.877
- New LL     : -3493.842
- Improvement: 0.03502493

Starting iteration: 67
- Current LL : -3493.842
- New LL     : -3493.809
- Improvement: 0.03308586

Starting iteration: 68
- Current LL : -3493.809
- New LL     : -3493.778
- Improvement: 0.03095655

Starting iteration: 69
- Current LL : -3493.778
- New LL     : -3493.749
- Improvement: 0.02949698

Starting iteration: 70
- Current LL : -3493.749
- New LL     : -3493.721
- Improvement: 0.02749678

Starting iteration: 71
- Current LL : -3493.721
- New LL     : -3493.695
- Improvement: 0.02608157

Starting iteration: 72
- Current LL : -3493.695
- New LL     : -3493.671
- Improvement: 0.02440776

Starting iteration: 73
- Current LL : -3493.671
- New LL     : -3493.648
- Improvement: 0.02262836

Starting iteration: 74
- Current LL : -3493.648
- New LL     : -3493.627
- Improvement: 0.02113011

Starting iteration: 75
- Current LL : -3493.627
- New LL     : -3493.607
- Improvement: 0.01956818

Starting iteration: 76
- Current LL : -3493.607
- New LL     : -3493.59
- Improvement: 0.01782666

Starting iteration: 77
- Current LL : -3493.59
- New LL     : -3493.573
- Improvement: 0.01661946

Starting iteration: 78
- Current LL : -3493.573
- New LL     : -3493.558
- Improvement: 0.01540211

Starting iteration: 79
- Current LL : -3493.558
- New LL     : -3493.544
- Improvement: 0.01395356

Starting iteration: 80
- Current LL : -3493.544
- New LL     : -3493.531
- Improvement: 0.01293987

Starting iteration: 81
- Current LL : -3493.531
- New LL     : -3493.519
- Improvement: 0.01147119

Starting iteration: 82
- Current LL : -3493.519
- New LL     : -3493.509
- Improvement: 0.01050135

Starting iteration: 83
- Current LL : -3493.509
- New LL     : -3493.499
- Improvement: 0.009657907

Starting iteration: 84
- Current LL : -3493.499
- New LL     : -3493.491
- Improvement: 0.008450034

Starting iteration: 85
- Current LL : -3493.491
- New LL     : -3493.483
- Improvement: 0.007445788

Starting iteration: 86
- Current LL : -3493.483
- New LL     : -3493.476
- Improvement: 0.006833438

Starting iteration: 87
- Current LL : -3493.476
- New LL     : -3493.47
- Improvement: 0.006268288

Starting iteration: 88
- Current LL : -3493.47
- New LL     : -3493.465
- Improvement: 0.0051741

Starting iteration: 89
- Current LL : -3493.465
- New LL     : -3493.46
- Improvement: 0.005081249

Starting iteration: 90
- Current LL : -3493.46
- New LL     : -3493.455
- Improvement: 0.004485701

Starting iteration: 91
- Current LL : -3493.455
- New LL     : -3493.451
- Improvement: 0.004047125

Starting iteration: 92
- Current LL : -3493.451
- New LL     : -3493.448
- Improvement: 0.003564259

Starting iteration: 93
- Current LL : -3493.448
- New LL     : -3493.445
- Improvement: 0.003065049

Starting iteration: 94
- Current LL : -3493.445
- New LL     : -3493.442
- Improvement: 0.002952374

Starting iteration: 95
- Current LL : -3493.442
- New LL     : -3493.439
- Improvement: 0.002438845

Starting iteration: 96
- Current LL : -3493.439
- New LL     : -3493.437
- Improvement: 0.002232186

Starting iteration: 97
- Current LL : -3493.437
- New LL     : -3493.435
- Improvement: 0.001956634

Starting iteration: 98
- Current LL : -3493.435
- New LL     : -3493.433
- Improvement: 0.001829972

Starting iteration: 99
- Current LL : -3493.433
- New LL     : -3493.432
- Improvement: 0.001629365

Starting iteration: 100
- Current LL : -3493.432
- New LL     : -3493.43
- Improvement: 0.001441817

EM algorithm stopped: maximum number of iterations reached!
No covariance matrix will be computed as convergence has not been
  reached. You may call apollo_addCovariance(model,apollo_inputs) to
  compute a covariance matrix at the current estimates.
[10:21:15]   done very_hard|seed4 : gaps  klue_ml=+0.00  klue_em=-2.43  apollo_searchStart=-2.29  apollo_lcEM=-2.45  gmnl_lc=-9.11  apollo_ss_published=-2.43
[10:21:15] RUN  very_hard|seed5  (K=5 kap=0.30 sig=0.35 corr=none)  arms: apollo_searchStart, apollo_lcEM
Several observations per individual detected based on the value of ID.
  Setting panelData in apollo_control set to TRUE.
All checks on apollo_control completed.
All checks on database completed.
Testing probability function (apollo_probabilities)
Apollo found a model component of type classAlloc without a
  componentName. The name was set to "classAlloc" by default.
INFORMATION: Setting "avail" is missing, so full availability is assumed. 
Apollo found a model component of type MNL without a componentName. The
  name was set to "Class_1" by default.
Apollo found a model component of type MNL without a componentName. The
  name was set to "Class_2" by default.
Apollo found a model component of type MNL without a componentName. The
  name was set to "Class_3" by default.
Apollo found a model component of type MNL without a componentName. The
  name was set to "Class_4" by default.
Apollo found a model component of type MNL without a componentName. The
  name was set to "Class_5" by default.
Pre-processing likelihood function...
INFORMATION: Apollo was not able to compute analytical gradients for your model.
  This could be because you are using model components for which
  analytical gradients are not yet implemented, or because you coded
  your own model functions. If however you only used apollo_mnl,
  apollo_fmnl, apollo_normalDensity, apollo_ol or apollo_op, then there
  could be another issue. You might want to ask for help in the Apollo
  forum (http://www.apollochoicemodelling.com/forum) on how to solve
  this issue. If you do, please post your code and data (if not
  confidential). 
Creating initial set of 100 candidate values.
Calculating LL of candidates 0%....50%.....100%

Stage 1, 100 active candidates.
Estimating 20 BFGS iteration(s) for each active candidate.
 Candidate......LLstart.....LLfinish.....GradientNorm...Converged
         1        -3620        -3471           28.107           0
         2        -3617        -3463           14.413           0
         3        -3623        -3465           19.887           0
         4        -3632        -3464           21.836           0
         5        -3629        -3464           20.389           0
         6        -3624        -3464           20.955           0
         7        -3612        -3464           19.812           0
         8        -3624        -3459           20.763           0
         9        -3614        -3469             17.5           0
        10        -3622        -3463           22.031           0
        11        -3611        -3470           21.941           0
        12        -3615        -3468           22.257           0
        13        -3611        -3469           17.506           0
        14        -3620        -3467            28.59           0
        15        -3620        -3470           24.548           0
        16        -3628        -3465           14.998           0
        17        -3618        -3465           24.929           0
        18        -3626        -3472            22.39           0
        19        -3622        -3467           19.495           0
        20        -3627        -3467           18.015           0
        21        -3609        -3460           15.368           0
        22        -3637        -3464           36.362           0
        23        -3610        -3464           17.003           0
        24        -3618        -3464           20.543           0
        25        -3623        -3465           24.005           0
        26        -3630        -3465           21.622           0
        27        -3614        -3468           40.196           0
        28        -3625        -3465           23.036           0
        29        -3616        -3462           24.422           0
        30        -3614        -3466           22.631           0
        31        -3619        -3467           21.634           0
        32        -3623        -3467           23.442           0
        33        -3622        -3460           17.667           0
        34        -3627        -3465           17.654           0
        35        -3607        -3459           14.894           0
        36        -3625        -3466           21.106           0
        37        -3605        -3466           16.545           0
        38        -3619        -3464           22.031           0
        39        -3613        -3460           15.827           0
        40        -3632        -3474           15.395           0
        41        -3613        -3466           18.923           0
        42        -3630        -3468           19.402           0
        43        -3624        -3464           19.591           0
        44        -3607        -3464           20.185           0
        45        -3625        -3465           15.068           0
        46        -3629        -3463            8.904           0
        47        -3605        -3463           12.373           0
        48        -3617        -3463            17.44           0
        49        -3638        -3477           25.873           0
        50        -3617        -3463           21.338           0
        51        -3611        -3462           17.957           0
        52        -3616        -3468           25.748           0
        53        -3619        -3465           14.571           0
        54        -3615        -3461           20.835           0
        55        -3620        -3465           14.487           0
        56        -3608        -3467           29.342           0
        57        -3626        -3462           23.066           0
        58        -3628        -3471            22.65           0
        59        -3614        -3459            14.55           0
        60        -3629        -3465           18.127           0
        61        -3624        -3464           22.819           0
        62        -3621        -3461           20.726           0
        63        -3620        -3459           16.748           0
        64        -3616        -3470           21.981           0
        65        -3629        -3463           15.597           0
        66        -3619        -3463           15.004           0
        67        -3622        -3468           32.861           0
        68        -3628        -3464           21.203           0
        69        -3622        -3467           23.487           0
        70        -3618        -3466           15.118           0
        71        -3627        -3471           31.206           0
        72        -3624        -3464           15.302           0
        73        -3628        -3460           12.894           0
        74        -3619        -3461           20.405           0
        75        -3610        -3464            14.55           0
        76        -3616        -3465           16.836           0
        77        -3634        -3466           22.187           0
        78        -3618        -3466           15.311           0
        79        -3634        -3467           18.543           0
        80        -3632        -3463           19.345           0
        81        -3628        -3461           26.841           0
        82        -3593        -3466            27.04           0
        83        -3633        -3461           23.117           0
        84        -3636        -3463           12.061           0
        85        -3623        -3463           20.481           0
        86        -3613        -3461           16.536           0
        87        -3627        -3466           24.799           0
        88        -3625        -3465           17.485           0
        89        -3625        -3465           19.012           0
        90        -3629        -3468           25.903           0
        91        -3621        -3463           12.216           0
        92        -3620        -3460           15.646           0
        93        -3607        -3466           15.257           0
        94        -3621        -3462           16.656           0
        95        -3627        -3471           24.357           0
        96        -3619        -3462           16.504           0
        97        -3625        -3463           26.057           0
        98        -3629        -3467           25.213           0
        99        -3610        -3465           15.272           0
       100        -3613        -3463           13.801           0
Best candidate so far (LL=-3458.7)
             Value
asc_alt1_1 -0.0680
asc_alt1_2  0.1258
asc_alt1_3  0.0879
asc_alt1_4 -0.6143
asc_alt1_5 -0.0920
asc_alt2_1 -0.3064
asc_alt2_2 -0.1623
asc_alt2_3  0.2552
asc_alt2_4 -0.4075
asc_alt2_5  0.1277
asc_alt3_1  0.0000
asc_alt3_2  0.0000
asc_alt3_3  0.0000
asc_alt3_4  0.0000
asc_alt3_5  0.0000
b_x1_1      0.9429
b_x1_2      0.8247
b_x1_3     -0.1392
b_x1_4      0.6053
b_x1_5      0.9662
b_x2_1      0.3821
b_x2_2      0.1472
b_x2_3      0.5626
b_x2_4      1.4078
b_x2_5      0.7359
b_x3_1      1.2592
b_x3_2     -0.1143
b_x3_3      0.8137
b_x3_4     -0.1716
b_x3_5      0.2067
b_x4_1      0.0259
b_x4_2      0.5517
b_x4_3      0.8151
b_x4_4     -0.2376
b_x4_5      0.8083
b_price_1  -1.6969
b_price_2  -2.3631
b_price_3  -1.7786
b_price_4  -2.2293
b_price_5  -0.4216
delta_1    -0.2053
delta_2    -0.0733
delta_3     0.2603
delta_4    -1.1060
delta_5     0.0000

Stage 2, 100 active candidates.
Estimating 20 BFGS iteration(s) for each active candidate.
 Candidate......LLstart.....LLfinish.....GradientNorm...Converged
         1        -3471        -3461            4.559           0
         2        -3463        -3459            5.079           0
         3        -3465        -3456            6.276           0
         4        -3464        -3456            8.799           0
         5        -3464        -3456            5.357           0
         6        -3464        -3456            6.227           0
         7        -3464        -3460            4.528           0
         8        -3459        -3456            2.712           0
         9        -3469        -3459           16.667           0
        10        -3463        -3456            5.749           0
        11        -3470        -3465            5.725           0
        12        -3468        -3460            9.258           0
        13        -3469        -3461            9.719           0
        14        -3467        -3458             4.42           0
        15        -3470        -3461           11.818           0
        16        -3465        -3461            4.358           0
        17        -3465        -3458            4.114           0
        18        -3472        -3466            6.865           0
        19        -3467        -3460            6.584           0
        20        -3467        -3456            8.602           0
        21        -3460        -3457            3.337           0
        22        -3464        -3456            2.757           0
        23        -3464        -3461              2.8           0
        24        -3464        -3456            5.373           0
        25        -3465        -3456            4.929           0
        26        -3465        -3460            4.436           0
        27        -3468        -3456            11.37           0
        28        -3465        -3461            4.374           0
        29        -3462        -3456            3.245           0
        30        -3466        -3460            6.668           0
        31        -3467        -3461            7.649           0
        32        -3467        -3456            6.937           0
        33        -3460        -3456            4.015           0
        34        -3465        -3459            6.522           0
        35        -3459        -3456            3.627           0
        36        -3466        -3461            8.045           0
        37        -3466        -3462            2.355           0
        38        -3464        -3457           10.338           0
        39        -3460        -3456             2.51           0
        40        -3474        -3465            16.59           0
        41        -3466        -3461            8.032           0
        42        -3468        -3462           22.817           0
        43        -3464        -3461              4.7           0
        44        -3464        -3456            5.561           0
        45        -3465        -3461            4.428           0
        46        -3463        -3461             3.57           0
        47        -3463        -3461            2.812           0
        48        -3463        -3459            6.759           0
        49        -3477        -3457           11.107           0
        50        -3463        -3456            6.465           0
        51        -3462        -3456             4.29           0
        52        -3468        -3460            5.795           0
        53        -3465        -3460            6.512           0
        54        -3461        -3456            2.337           0
        55        -3465        -3462            6.406           0
        56        -3467        -3461            3.486           0
        57        -3462        -3456            5.992           0
        58        -3471        -3463             9.79           0
        59        -3459        -3456            3.034           0
        60        -3465        -3456            8.917           0
        61        -3464        -3456             5.84           0
        62        -3461        -3456            4.466           0
        63        -3459        -3456            6.865           0
        64        -3470        -3457            8.232           0
        65        -3463        -3457            6.393           0
        66        -3463        -3459            5.859           0
        67        -3468        -3457            6.718           0
        68        -3464        -3456           11.155           0
        69        -3467        -3462            2.465           0
        70        -3466        -3461            5.691           0
        71        -3471        -3459           16.582           0
        72        -3464        -3461            2.777           0
        73        -3460        -3458            1.769           0
        74        -3461        -3456            5.346           0
        75        -3464        -3459            5.363           0
        76        -3465        -3459             8.01           0
        77        -3466        -3461            4.595           0
        78        -3466        -3457           12.613           0
        79        -3467        -3456            7.167           0
        80        -3463        -3456            4.535           0
        81        -3461        -3456            5.228           0
        82        -3466        -3459            6.537           0
        83        -3461        -3456            6.786           0
        84        -3463        -3459           11.348           0
        85        -3463        -3456            4.834           0
        86        -3461        -3456            4.145           0
        87        -3466        -3460             2.48           0
        88        -3465        -3462            3.131           0
        89        -3465        -3458            2.921           0
        90        -3468        -3461            4.646           0
        91        -3463        -3460            3.841           0
        92        -3460        -3457            7.111           0
        93        -3466        -3461            3.388           0
        94        -3462        -3458            3.932           0
        95        -3471        -3461            10.74           0
        96        -3462        -3456            7.316           0
        97        -3463        -3457            5.836           0
        98        -3467        -3460            5.701           0
        99        -3465        -3459            7.135           0
       100        -3463        -3460            4.299           0
Candidate 4 dropped.
- Failed test 1: Too close to 25 in parameter space.
Candidate 5 dropped.
- Failed test 1: Too close to 29 in parameter space.
Candidate 32 dropped.
- Failed test 1: Too close to 80 in parameter space.
Candidate 50 dropped.
- Failed test 1: Too close to 22 in parameter space.
Candidate 59 dropped.
- Failed test 1: Too close to 54 in parameter space.
Candidate 66 dropped.
- Failed test 1: Too close to 75 in parameter space.
Candidate 68 dropped.
- Failed test 1: Too close to 33 in parameter space.
Best candidate so far (LL=-3455.7)
             Value
asc_alt1_1 -0.1565
asc_alt1_2 -0.2333
asc_alt1_3 -0.0406
asc_alt1_4  0.0661
asc_alt1_5  0.2763
asc_alt2_1 -0.2475
asc_alt2_2  0.2613
asc_alt2_3 -0.2110
asc_alt2_4  0.3275
asc_alt2_5 -0.0373
asc_alt3_1  0.0000
asc_alt3_2  0.0000
asc_alt3_3  0.0000
asc_alt3_4  0.0000
asc_alt3_5  0.0000
b_x1_1      0.7025
b_x1_2      1.4710
b_x1_3      0.7802
b_x1_4     -0.1461
b_x1_5      1.0501
b_x2_1      0.9740
b_x2_2      0.4723
b_x2_3      0.3104
b_x2_4      0.4940
b_x2_5     -0.2028
b_x3_1     -0.0077
b_x3_2      0.5370
b_x3_3      1.1628
b_x3_4      0.7950
b_x3_5     -0.2712
b_x4_1      0.3812
b_x4_2      0.8611
b_x4_3      0.0709
b_x4_4      0.8549
b_x4_5      0.6826
b_price_1  -1.5643
b_price_2   0.2324
b_price_3  -1.8134
b_price_4  -1.6652
b_price_5  -2.5968
delta_1     0.8581
delta_2    -0.1028
delta_3     0.5949
delta_4     0.9493
delta_5     0.0000

Stage 3, 93 active candidates.
Estimating 20 BFGS iteration(s) for each active candidate.
 Candidate......LLstart.....LLfinish.....GradientNorm...Converged
         1        -3461        -3461            1.561           0
         2        -3459        -3458            0.472           0
         3        -3456        -3456            1.466           0
         6        -3456        -3456            3.026           0
         7        -3460        -3460            1.397           0
         8        -3456        -3456            0.183           0
         9        -3459        -3456            2.884           0
        10        -3456        -3456            2.218           0
        11        -3465        -3462            9.237           0
        12        -3460        -3458            6.396           0
        13        -3461        -3461            2.627           0
        14        -3458        -3458             7.68           0
        15        -3461        -3459            5.398           0
        16        -3461        -3460            6.307           0
        17        -3458        -3458            0.593           0
        18        -3466        -3465            3.689           0
        19        -3460        -3460             3.24           0
        20        -3456        -3456            1.679           0
        21        -3457        -3456             4.15           0
        22        -3456        -3456            0.257           0
        23        -3461        -3460            7.919           0
        24        -3456        -3456            4.322           0
        25        -3456        -3456            2.065           0
        26        -3460        -3460            0.976           0
        27        -3456        -3456            1.559           0
        28        -3461        -3459             4.91           0
        29        -3456        -3456            0.736           0
        30        -3460        -3460            0.986           0
        31        -3461        -3460            2.513           0
        33        -3456        -3456            0.952           0
        34        -3459        -3458            1.781           0
        35        -3456        -3456            0.433           0
        36        -3461        -3460            8.867           0
        37        -3462        -3462            0.675           0
        38        -3457        -3456            2.006           0
        39        -3456        -3456            0.922           0
        40        -3465        -3457           11.617           0
        41        -3461        -3460            3.288           0
        42        -3462        -3456            2.256           0
        43        -3461        -3461             0.98           0
        44        -3456        -3456            0.747           0
        45        -3461        -3460            3.118           0
        46        -3461        -3460            2.772           0
        47        -3461        -3461            1.416           1
        48        -3459        -3458            0.898           0
        49        -3457        -3456            2.129           0
        51        -3456        -3456            2.022           1
        52        -3460        -3458            3.493           0
        53        -3460        -3460            1.005           0
        54        -3456        -3456             0.57           0
        55        -3462        -3461            0.555           0
        56        -3461        -3461            0.749           0
        57        -3456        -3456            2.326           0
        58        -3463        -3456           12.163           0
        60        -3456        -3456             1.97           0
        61        -3456        -3456            0.737           0
        62        -3456        -3456            1.837           0
        63        -3456        -3456            2.247           0
        64        -3457        -3456            1.908           0
        65        -3457        -3456             1.49           0
        67        -3457        -3456            5.033           0
        69        -3462        -3462            0.223           0
        70        -3461        -3461            1.603           0
        71        -3459        -3456            3.582           0
        72        -3461        -3460            9.731           0
        73        -3458        -3458            7.857           0
        74        -3456        -3456            0.855           0
        75        -3459        -3458            0.905           0
        76        -3459        -3458            4.084           0
        77        -3461        -3461            0.851           0
        78        -3457        -3456            1.703           0
        79        -3456        -3456            0.889           0
        80        -3456        -3456            1.057           0
        81        -3456        -3456            1.397           0
        82        -3459        -3459             2.34           0
        83        -3456        -3456             1.76           0
        84        -3459        -3458            2.698           0
        85        -3456        -3456            1.182           0
        86        -3456        -3456            2.224           0
        87        -3460        -3460            0.686           0
        88        -3462        -3460            6.575           0
        89        -3458        -3458             1.01           0
        90        -3461        -3461            0.616           0
        91        -3460        -3460            0.814           0
        92        -3457        -3456             2.89           0
        93        -3461        -3461            0.816           0
        94        -3458        -3458            4.273           0
        95        -3461        -3458            4.468           0
        96        -3456        -3456            1.212           0
        97        -3457        -3456            3.154           0
        98        -3460        -3460            1.087           0
        99        -3459        -3459            0.791           0
       100        -3460        -3460            0.724           0
Candidate 40 dropped.
- Failed test 1: Too close to 54 in parameter space.
Candidate 49 dropped.
- Failed test 1: Too close to 78 in parameter space.
Candidate 57 dropped.
- Failed test 1: Too close to 61 in parameter space.
Candidate 67 dropped.
- Failed test 1: Too close to 74 in parameter space.
Best candidate so far (LL=-3455.5)
             Value
asc_alt1_1  0.0950
asc_alt1_2 -1.0148
asc_alt1_3 -0.0648
asc_alt1_4 -0.0591
asc_alt1_5  0.0195
asc_alt2_1  0.3331
asc_alt2_2 -0.0437
asc_alt2_3  0.0150
asc_alt2_4 -0.2396
asc_alt2_5 -0.2725
asc_alt3_1  0.0000
asc_alt3_2  0.0000
asc_alt3_3  0.0000
asc_alt3_4  0.0000
asc_alt3_5  0.0000
b_x1_1     -0.1652
b_x1_2      0.1803
b_x1_3      0.9670
b_x1_4      0.8386
b_x1_5      0.7966
b_x2_1      0.5013
b_x2_2      2.6081
b_x2_3      0.7141
b_x2_4      0.2939
b_x2_5      0.0501
b_x3_1      0.7993
b_x3_2     -0.0636
b_x3_3      0.2482
b_x3_4      1.1844
b_x3_5     -0.3795
b_x4_1      0.8493
b_x4_2     -0.8888
b_x4_3      0.6537
b_x4_4      0.0250
b_x4_5      0.4918
b_price_1  -1.7417
b_price_2  -3.6430
b_price_3  -0.7501
b_price_4  -1.9412
b_price_5  -2.5640
delta_1     0.7309
delta_2    -1.5958
delta_3     0.8592
delta_4     0.3326
delta_5     0.0000

Stage 4, 87 active candidates.
Estimating 20 BFGS iteration(s) for each active candidate.
 Candidate......LLstart.....LLfinish.....GradientNorm...Converged
         1        -3461        -3460            9.145           0
         2        -3458        -3458            0.549           1
         3        -3456        -3456            0.134           0
         6        -3456        -3456            0.874           0
         7        -3460        -3460            0.484           0
         8        -3456        -3456            0.066           1
         9        -3456        -3456            0.504           0
        10        -3456        -3456            0.345           0
        11        -3462        -3461            3.319           0
        12        -3458        -3458            4.096           0
        13        -3461        -3460            6.998           0
        14        -3458        -3458            1.852           0
        15        -3459        -3458            1.205           0
        16        -3460        -3459            1.785           0
        17        -3458        -3458            8.696           0
        18        -3465        -3464           21.002           0
        19        -3460        -3460            1.141           1
        20        -3456        -3456            0.313           0
        21        -3456        -3456            0.521           0
        22        -3456        -3456            0.077           1
        23        -3460        -3459            3.316           0
        24        -3456        -3456            0.376           0
        25        -3456        -3456            0.444           0
        26        -3460        -3460            1.088           1
        27        -3456        -3456            0.208           0
        28        -3459        -3459            0.469           0
        29        -3456        -3456            0.291           1
        30        -3460        -3460            0.318           0
        31        -3460        -3460             1.32           0
        33        -3456        -3456            0.141           1
        34        -3458        -3458            6.628           0
        35        -3456        -3456            0.183           1
        36        -3460        -3459            1.484           0
        37        -3462        -3462            0.386           0
        38        -3456        -3456            0.562           0
        39        -3456        -3456            0.313           0
        41        -3460        -3460            0.491           0
        42        -3456        -3456            0.498           0
        43        -3461        -3461            0.101           1
        44        -3456        -3456            0.192           1
        45        -3460        -3460            0.592           0
        46        -3460        -3460            0.471           0
        48        -3458        -3458            5.871           0
        52        -3458        -3458            0.651           0
        53        -3460        -3460             0.85           0
        54        -3456        -3456            0.113           1
        55        -3461        -3461            0.312           1
        56        -3461        -3461            0.277           1
        58        -3456        -3456            0.957           0
        60        -3456        -3456            0.271           0
        61        -3456        -3456            0.122           1
        62        -3456        -3456            0.307           0
        63        -3456        -3456            0.308           0
        64        -3456        -3456            0.446           0
        65        -3456        -3456            0.274           0
        69        -3462        -3462            0.221           1
        70        -3461        -3461            7.384           0
        71        -3456        -3456            0.484           0
        72        -3460        -3459            1.835           0
        73        -3458        -3458            2.618           0
        74        -3456        -3456            0.364           1
        75        -3458        -3458            10.49           0
        76        -3458        -3458            0.545           0
        77        -3461        -3461            1.621           0
        78        -3456        -3456             0.26           0
        79        -3456        -3456             0.36           0
        80        -3456        -3456            0.132           1
        81        -3456        -3456            0.856           1
        82        -3459        -3459            0.583           0
        83        -3456        -3456            1.077           1
        84        -3458        -3458            0.269           0
        85        -3456        -3456            0.324           0
        86        -3456        -3456            0.385           0
        87        -3460        -3459            5.788           0
        88        -3460        -3459            3.138           0
        89        -3458        -3458            5.821           0
        90        -3461        -3461            0.805           0
        91        -3460        -3460            0.305           0
        92        -3456        -3456            0.889           0
        93        -3461        -3461            4.837           0
        94        -3458        -3458            0.568           0
        95        -3458        -3458            0.284           0
        96        -3456        -3456             0.06           0
        97        -3456        -3456            1.028           0
        98        -3460        -3460            1.194           0
        99        -3459        -3459            0.218           1
       100        -3460        -3460            0.735           0
Best candidate so far (LL=-3455.5)
             Value
asc_alt1_1  0.0973
asc_alt1_2 -1.0356
asc_alt1_3 -0.0721
asc_alt1_4 -0.0518
asc_alt1_5  0.0253
asc_alt2_1  0.3368
asc_alt2_2 -0.0496
asc_alt2_3  0.0094
asc_alt2_4 -0.2351
asc_alt2_5 -0.2678
asc_alt3_1  0.0000
asc_alt3_2  0.0000
asc_alt3_3  0.0000
asc_alt3_4  0.0000
asc_alt3_5  0.0000
b_x1_1     -0.1661
b_x1_2      0.1916
b_x1_3      0.9687
b_x1_4      0.8331
b_x1_5      0.8009
b_x2_1      0.5022
b_x2_2      2.6294
b_x2_3      0.7144
b_x2_4      0.2939
b_x2_5      0.0454
b_x3_1      0.7963
b_x3_2     -0.0728
b_x3_3      0.2444
b_x3_4      1.1837
b_x3_5     -0.3838
b_x4_1      0.8490
b_x4_2     -0.8972
b_x4_3      0.6536
b_x4_4      0.0292
b_x4_5      0.4991
b_price_1  -1.7412
b_price_2  -3.6314
b_price_3  -0.7476
b_price_4  -1.9365
b_price_5  -2.5679
delta_1     0.7336
delta_2    -1.5967
delta_3     0.8602
delta_4     0.3510
delta_5     0.0000

Stage 5, 68 active candidates.
Estimating 20 BFGS iteration(s) for each active candidate.
 Candidate......LLstart.....LLfinish.....GradientNorm...Converged
         1        -3460        -3459            3.455           0
         3        -3456        -3456             0.05           1
         6        -3456        -3456            0.283           1
         7        -3460        -3460            0.244           1
         9        -3456        -3456            0.245           1
        10        -3456        -3456            0.074           1
        11        -3461        -3461            2.199           0
        12        -3458        -3458            2.339           0
        13        -3460        -3459            6.663           0
        14        -3458        -3458            0.458           0
        15        -3458        -3458            0.815           0
        16        -3459        -3459            0.379           0
        17        -3458        -3458            1.311           0
        18        -3464        -3459             4.93           0
        20        -3456        -3456            0.093           1
        21        -3456        -3456            0.366           1
        23        -3459        -3459            0.317           0
        24        -3456        -3456            0.149           1
        25        -3456        -3456            0.301           1
        27        -3456        -3456            0.063           1
        28        -3459        -3459            0.231           1
        30        -3460        -3460            0.366           1
        31        -3460        -3460            0.615           0
        34        -3458        -3458            2.317           0
        36        -3459        -3459            0.241           0
        37        -3462        -3462            0.083           1
        38        -3456        -3456            0.114           1
        39        -3456        -3456            0.092           1
        41        -3460        -3460            0.619           0
        42        -3456        -3456            0.091           1
        45        -3460        -3460             0.29           0
        46        -3460        -3460            0.243           0
        48        -3458        -3458            3.933           0
        52        -3458        -3458            5.593           0
        53        -3460        -3460            0.494           0
        58        -3456        -3456            0.083           1
        60        -3456        -3456            0.077           1
        61        -3456        -3456                0           1
        62        -3456        -3456            0.324           1
        63        -3456        -3456            0.073           1
        64        -3456        -3456            0.041           1
        65        -3456        -3456            0.079           1
        70        -3461        -3460              1.8           0
        71        -3456        -3456            0.213           1
        72        -3459        -3459            0.318           0
        73        -3458        -3458            0.468           0
        75        -3458        -3458            1.497           0
        76        -3458        -3458            0.087           1
        77        -3461        -3461            0.403           0
        78        -3456        -3456            0.051           1
        79        -3456        -3456            0.063           1
        82        -3459        -3459            0.066           1
        84        -3458        -3458            0.089           1
        85        -3456        -3456            0.072           1
        86        -3456        -3456            0.167           1
        87        -3459        -3458            1.383           0
        88        -3459        -3459            0.776           0
        89        -3458        -3458            1.587           0
        90        -3461        -3461            4.226           0
        91        -3460        -3460            0.189           1
        92        -3456        -3456            0.169           0
        93        -3461        -3460            3.556           0
        94        -3458        -3458             0.38           1
        95        -3458        -3458            0.098           1
        96        -3456        -3456            0.035           1
        97        -3456        -3456            0.084           0
        98        -3460        -3460            0.701           0
       100        -3460        -3460             0.17           1
Candidate 1 dropped.
- Failed test 2: Converging to a worse solution than61
Candidate 11 dropped.
- Failed test 2: Converging to a worse solution than61
Candidate 13 dropped.
- Failed test 2: Converging to a worse solution than61
Candidate 16 dropped.
- Failed test 2: Converging to a worse solution than61
Candidate 18 dropped.
- Failed test 2: Converging to a worse solution than61
Candidate 23 dropped.
- Failed test 2: Converging to a worse solution than61
Candidate 31 dropped.
- Failed test 2: Converging to a worse solution than61
Candidate 36 dropped.
- Failed test 2: Converging to a worse solution than61
Candidate 41 dropped.
- Failed test 2: Converging to a worse solution than61
Candidate 45 dropped.
- Failed test 2: Converging to a worse solution than61
Candidate 46 dropped.
- Failed test 2: Converging to a worse solution than61
Candidate 53 dropped.
- Failed test 2: Converging to a worse solution than61
Candidate 70 dropped.
- Failed test 2: Converging to a worse solution than61
Candidate 72 dropped.
- Failed test 2: Converging to a worse solution than61
Candidate 77 dropped.
- Failed test 2: Converging to a worse solution than61
Candidate 88 dropped.
- Failed test 2: Converging to a worse solution than61
Candidate 90 dropped.
- Failed test 2: Converging to a worse solution than61
Candidate 93 dropped.
- Failed test 2: Converging to a worse solution than61
Candidate 98 dropped.
- Failed test 2: Converging to a worse solution than61
Best candidate so far (LL=-3455.5)
             Value
asc_alt1_1 -0.0712
asc_alt1_2 -0.0525
asc_alt1_3  0.0251
asc_alt1_4 -1.0358
asc_alt1_5  0.0971
asc_alt2_1  0.0090
asc_alt2_2 -0.2361
asc_alt2_3 -0.2685
asc_alt2_4 -0.0490
asc_alt2_5  0.3372
asc_alt3_1  0.0000
asc_alt3_2  0.0000
asc_alt3_3  0.0000
asc_alt3_4  0.0000
asc_alt3_5  0.0000
b_x1_1      0.9673
b_x1_2      0.8337
b_x1_3      0.8006
b_x1_4      0.1895
b_x1_5     -0.1668
b_x2_1      0.7143
b_x2_2      0.2932
b_x2_3      0.0440
b_x2_4      2.6346
b_x2_5      0.5021
b_x3_1      0.2447
b_x3_2      1.1851
b_x3_3     -0.3847
b_x3_4     -0.0716
b_x3_5      0.7968
b_x4_1      0.6531
b_x4_2      0.0283
b_x4_3      0.4992
b_x4_4     -0.9021
b_x4_5      0.8486
b_price_1  -0.7526
b_price_2  -1.9385
b_price_3  -2.5702
b_price_4  -3.6480
b_price_5  -1.7397
delta_1     0.1317
delta_2    -0.3854
delta_3    -0.7356
delta_4    -2.3310
delta_5     0.0000
Several observations per individual detected based on the value of ID.
  Setting panelData in apollo_control set to TRUE.
With setting noValidation=TRUE in apollo_control, your model code will
  not be validated prior to estimation. This may of course be
  deliberate for large models or models with many components.
All checks on apollo_control completed.
All checks on database completed.
INFORMATION: The use of apollo_lcEM has a number of requirements. No checks are run
  for these, so the user needs to ensure these conditions are met by
  their model: 
1: This function is only suitable for single component models, i.e. no
  use of apollo_combineModels or manual multiplication of model
  components.
2: Any parameters that vary across classes need to be included in the
  definition of random parameters in apollo_lcPars.
3: The entries in the lists in apollo_lcPars need to be individual
  parameters, not functions thereof.

Validating inputs of likelihood function (apollo_probabilities)

Initialising EM algorithm
Starting iteration: 1
- Current LL : -3619.704
- New LL     : -3513.6
- Improvement: 106.1045

Starting iteration: 2
- Current LL : -3513.6
- New LL     : -3512.794
- Improvement: 0.8062956

Starting iteration: 3
- Current LL : -3512.794
- New LL     : -3512.07
- Improvement: 0.7236515

Starting iteration: 4
- Current LL : -3512.07
- New LL     : -3511.192
- Improvement: 0.8781965

Starting iteration: 5
- Current LL : -3511.192
- New LL     : -3509.922
- Improvement: 1.270205

Starting iteration: 6
- Current LL : -3509.922
- New LL     : -3507.892
- Improvement: 2.029379

Starting iteration: 7
- Current LL : -3507.892
- New LL     : -3504.562
- Improvement: 3.330505

Starting iteration: 8
- Current LL : -3504.562
- New LL     : -3499.527
- Improvement: 5.035227

Starting iteration: 9
- Current LL : -3499.527
- New LL     : -3493.387
- Improvement: 6.139469

Starting iteration: 10
- Current LL : -3493.387
- New LL     : -3487.897
- Improvement: 5.490494

Starting iteration: 11
- Current LL : -3487.897
- New LL     : -3484.215
- Improvement: 3.681251

Starting iteration: 12
- Current LL : -3484.215
- New LL     : -3481.982
- Improvement: 2.233618

Starting iteration: 13
- Current LL : -3481.982
- New LL     : -3480.419
- Improvement: 1.562583

Starting iteration: 14
- Current LL : -3480.419
- New LL     : -3479.061
- Improvement: 1.358237

Starting iteration: 15
- Current LL : -3479.061
- New LL     : -3477.673
- Improvement: 1.38788

Starting iteration: 16
- Current LL : -3477.673
- New LL     : -3476.093
- Improvement: 1.579921

Starting iteration: 17
- Current LL : -3476.093
- New LL     : -3474.182
- Improvement: 1.91118

Starting iteration: 18
- Current LL : -3474.182
- New LL     : -3471.917
- Improvement: 2.26458

Starting iteration: 19
- Current LL : -3471.917
- New LL     : -3469.585
- Improvement: 2.332142

Starting iteration: 20
- Current LL : -3469.585
- New LL     : -3467.672
- Improvement: 1.912828

Starting iteration: 21
- Current LL : -3467.672
- New LL     : -3466.381
- Improvement: 1.291478

Starting iteration: 22
- Current LL : -3466.381
- New LL     : -3465.545
- Improvement: 0.8359777

Starting iteration: 23
- Current LL : -3465.545
- New LL     : -3464.944
- Improvement: 0.6012293

Starting iteration: 24
- Current LL : -3464.944
- New LL     : -3464.453
- Improvement: 0.4909541

Starting iteration: 25
- Current LL : -3464.453
- New LL     : -3464.025
- Improvement: 0.4279607

Starting iteration: 26
- Current LL : -3464.025
- New LL     : -3463.643
- Improvement: 0.3813605

Starting iteration: 27
- Current LL : -3463.643
- New LL     : -3463.303
- Improvement: 0.3409198

Starting iteration: 28
- Current LL : -3463.303
- New LL     : -3462.996
- Improvement: 0.3064988

Starting iteration: 29
- Current LL : -3462.996
- New LL     : -3462.719
- Improvement: 0.2765273

Starting iteration: 30
- Current LL : -3462.719
- New LL     : -3462.468
- Improvement: 0.2517121

Starting iteration: 31
- Current LL : -3462.468
- New LL     : -3462.237
- Improvement: 0.230547

Starting iteration: 32
- Current LL : -3462.237
- New LL     : -3462.024
- Improvement: 0.2128299

Starting iteration: 33
- Current LL : -3462.024
- New LL     : -3461.827
- Improvement: 0.1975494

Starting iteration: 34
- Current LL : -3461.827
- New LL     : -3461.643
- Improvement: 0.1833507

Starting iteration: 35
- Current LL : -3461.643
- New LL     : -3461.473
- Improvement: 0.1700573

Starting iteration: 36
- Current LL : -3461.473
- New LL     : -3461.315
- Improvement: 0.1586198

Starting iteration: 37
- Current LL : -3461.315
- New LL     : -3461.166
- Improvement: 0.1488307

Starting iteration: 38
- Current LL : -3461.166
- New LL     : -3461.025
- Improvement: 0.141293

Starting iteration: 39
- Current LL : -3461.025
- New LL     : -3460.89
- Improvement: 0.1344822

Starting iteration: 40
- Current LL : -3460.89
- New LL     : -3460.761
- Improvement: 0.1288077

Starting iteration: 41
- Current LL : -3460.761
- New LL     : -3460.638
- Improvement: 0.1235139

Starting iteration: 42
- Current LL : -3460.638
- New LL     : -3460.519
- Improvement: 0.1184048

Starting iteration: 43
- Current LL : -3460.519
- New LL     : -3460.407
- Improvement: 0.1127053

Starting iteration: 44
- Current LL : -3460.407
- New LL     : -3460.299
- Improvement: 0.107738

Starting iteration: 45
- Current LL : -3460.299
- New LL     : -3460.197
- Improvement: 0.1021933

Starting iteration: 46
- Current LL : -3460.197
- New LL     : -3460.1
- Improvement: 0.09653707

Starting iteration: 47
- Current LL : -3460.1
- New LL     : -3460.01
- Improvement: 0.09071825

Starting iteration: 48
- Current LL : -3460.01
- New LL     : -3459.925
- Improvement: 0.08498411

Starting iteration: 49
- Current LL : -3459.925
- New LL     : -3459.845
- Improvement: 0.07923041

Starting iteration: 50
- Current LL : -3459.845
- New LL     : -3459.772
- Improvement: 0.07374493

Starting iteration: 51
- Current LL : -3459.772
- New LL     : -3459.704
- Improvement: 0.0677314

Starting iteration: 52
- Current LL : -3459.704
- New LL     : -3459.641
- Improvement: 0.06320492

Starting iteration: 53
- Current LL : -3459.641
- New LL     : -3459.582
- Improvement: 0.05906949

Starting iteration: 54
- Current LL : -3459.582
- New LL     : -3459.528
- Improvement: 0.0536166

Starting iteration: 55
- Current LL : -3459.528
- New LL     : -3459.478
- Improvement: 0.04993811

Starting iteration: 56
- Current LL : -3459.478
- New LL     : -3459.432
- Improvement: 0.04604222

Starting iteration: 57
- Current LL : -3459.432
- New LL     : -3459.39
- Improvement: 0.04242321

Starting iteration: 58
- Current LL : -3459.39
- New LL     : -3459.35
- Improvement: 0.03916907

Starting iteration: 59
- Current LL : -3459.35
- New LL     : -3459.314
- Improvement: 0.03634682

Starting iteration: 60
- Current LL : -3459.314
- New LL     : -3459.281
- Improvement: 0.03342732

Starting iteration: 61
- Current LL : -3459.281
- New LL     : -3459.25
- Improvement: 0.03046353

Starting iteration: 62
- Current LL : -3459.25
- New LL     : -3459.222
- Improvement: 0.02802936

Starting iteration: 63
- Current LL : -3459.222
- New LL     : -3459.196
- Improvement: 0.02580942

Starting iteration: 64
- Current LL : -3459.196
- New LL     : -3459.173
- Improvement: 0.0236299

Starting iteration: 65
- Current LL : -3459.173
- New LL     : -3459.151
- Improvement: 0.02195248

Starting iteration: 66
- Current LL : -3459.151
- New LL     : -3459.131
- Improvement: 0.02012751

Starting iteration: 67
- Current LL : -3459.131
- New LL     : -3459.112
- Improvement: 0.01828728

Starting iteration: 68
- Current LL : -3459.112
- New LL     : -3459.095
- Improvement: 0.01698033

Starting iteration: 69
- Current LL : -3459.095
- New LL     : -3459.08
- Improvement: 0.0154369

Starting iteration: 70
- Current LL : -3459.08
- New LL     : -3459.066
- Improvement: 0.01423974

Starting iteration: 71
- Current LL : -3459.066
- New LL     : -3459.053
- Improvement: 0.0131286

Starting iteration: 72
- Current LL : -3459.053
- New LL     : -3459.04
- Improvement: 0.01208705

Starting iteration: 73
- Current LL : -3459.04
- New LL     : -3459.029
- Improvement: 0.01114745

Starting iteration: 74
- Current LL : -3459.029
- New LL     : -3459.019
- Improvement: 0.01033274

Starting iteration: 75
- Current LL : -3459.019
- New LL     : -3459.009
- Improvement: 0.009515568

Starting iteration: 76
- Current LL : -3459.009
- New LL     : -3459.001
- Improvement: 0.008857889

Starting iteration: 77
- Current LL : -3459.001
- New LL     : -3458.992
- Improvement: 0.008248011

Starting iteration: 78
- Current LL : -3458.992
- New LL     : -3458.985
- Improvement: 0.007670433

Starting iteration: 79
- Current LL : -3458.985
- New LL     : -3458.977
- Improvement: 0.007214334

Starting iteration: 80
- Current LL : -3458.977
- New LL     : -3458.971
- Improvement: 0.006857313

Starting iteration: 81
- Current LL : -3458.971
- New LL     : -3458.964
- Improvement: 0.006276039

Starting iteration: 82
- Current LL : -3458.964
- New LL     : -3458.958
- Improvement: 0.005978307

Starting iteration: 83
- Current LL : -3458.958
- New LL     : -3458.953
- Improvement: 0.005569016

Starting iteration: 84
- Current LL : -3458.953
- New LL     : -3458.948
- Improvement: 0.005277469

Starting iteration: 85
- Current LL : -3458.948
- New LL     : -3458.943
- Improvement: 0.005011147

Starting iteration: 86
- Current LL : -3458.943
- New LL     : -3458.938
- Improvement: 0.004600073

Starting iteration: 87
- Current LL : -3458.938
- New LL     : -3458.934
- Improvement: 0.004176144

Starting iteration: 88
- Current LL : -3458.934
- New LL     : -3458.929
- Improvement: 0.004266721

Starting iteration: 89
- Current LL : -3458.929
- New LL     : -3458.926
- Improvement: 0.003879463

Starting iteration: 90
- Current LL : -3458.926
- New LL     : -3458.922
- Improvement: 0.003981968

Starting iteration: 91
- Current LL : -3458.922
- New LL     : -3458.918
- Improvement: 0.003668891

Starting iteration: 92
- Current LL : -3458.918
- New LL     : -3458.914
- Improvement: 0.003675356

Starting iteration: 93
- Current LL : -3458.914
- New LL     : -3458.911
- Improvement: 0.003571663

Starting iteration: 94
- Current LL : -3458.911
- New LL     : -3458.907
- Improvement: 0.003458243

Starting iteration: 95
- Current LL : -3458.907
- New LL     : -3458.904
- Improvement: 0.003268062

Starting iteration: 96
- Current LL : -3458.904
- New LL     : -3458.901
- Improvement: 0.003087192

Starting iteration: 97
- Current LL : -3458.901
- New LL     : -3458.898
- Improvement: 0.002925031

Starting iteration: 98
- Current LL : -3458.898
- New LL     : -3458.895
- Improvement: 0.002644027

Starting iteration: 99
- Current LL : -3458.895
- New LL     : -3458.892
- Improvement: 0.003075117

Starting iteration: 100
- Current LL : -3458.892
- New LL     : -3458.889
- Improvement: 0.002873828

EM algorithm stopped: maximum number of iterations reached!
No covariance matrix will be computed as convergence has not been
  reached. You may call apollo_addCovariance(model,apollo_inputs) to
  compute a covariance matrix at the current estimates.
[11:27:57]   done very_hard|seed5 : gaps  klue_ml=+0.00  klue_em=-0.00  apollo_searchStart=-0.00  apollo_lcEM=-3.38  gmnl_lc=-10.55  apollo_ss_published=-0.13
[11:27:57] RUN  hard_corr|seed1  (K=5 kap=0.50 sig=0.30 corr=0.6)  arms: apollo_searchStart, apollo_lcEM
Several observations per individual detected based on the value of ID.
  Setting panelData in apollo_control set to TRUE.
All checks on apollo_control completed.
All checks on database completed.
Testing probability function (apollo_probabilities)
Apollo found a model component of type classAlloc without a
  componentName. The name was set to "classAlloc" by default.
INFORMATION: Setting "avail" is missing, so full availability is assumed. 
Apollo found a model component of type MNL without a componentName. The
  name was set to "Class_1" by default.
Apollo found a model component of type MNL without a componentName. The
  name was set to "Class_2" by default.
Apollo found a model component of type MNL without a componentName. The
  name was set to "Class_3" by default.
Apollo found a model component of type MNL without a componentName. The
  name was set to "Class_4" by default.
Apollo found a model component of type MNL without a componentName. The
  name was set to "Class_5" by default.
Pre-processing likelihood function...
INFORMATION: Apollo was not able to compute analytical gradients for your model.
  This could be because you are using model components for which
  analytical gradients are not yet implemented, or because you coded
  your own model functions. If however you only used apollo_mnl,
  apollo_fmnl, apollo_normalDensity, apollo_ol or apollo_op, then there
  could be another issue. You might want to ask for help in the Apollo
  forum (http://www.apollochoicemodelling.com/forum) on how to solve
  this issue. If you do, please post your code and data (if not
  confidential). 
Creating initial set of 100 candidate values.
Calculating LL of candidates 0%....50%.....100%

Stage 1, 100 active candidates.
Estimating 20 BFGS iteration(s) for each active candidate.
 Candidate......LLstart.....LLfinish.....GradientNorm...Converged
         1        -3332        -3151            8.959           0
         2        -3321        -3149           19.314           0
         3        -3340        -3159           25.448           0
         4        -3352        -3146           26.491           0
         5        -3345        -3143           12.596           0
         6        -3335        -3145            25.33           0
         7        -3317        -3149           18.107           0
         8        -3339        -3148           10.281           0
         9        -3318        -3145           17.567           0
        10        -3337        -3147            17.28           0
        11        -3315        -3151           19.993           0
        12        -3326        -3149           17.295           0
        13        -3309        -3151           16.957           0
        14        -3336        -3145           20.428           0
        15        -3329        -3151           15.642           0
        16        -3341        -3148           11.748           0
        17        -3322        -3150           17.973           0
        18        -3338        -3149           22.144           0
        19        -3340        -3148           27.882           0
        20        -3351        -3154           32.702           0
        21        -3319        -3143           16.332           0
        22        -3366        -3147           18.544           0
        23        -3319        -3143           19.403           0
        24        -3327        -3145           12.374           0
        25        -3331        -3148           20.923           0
        26        -3348        -3143           25.361           0
        27        -3319        -3147           21.704           0
        28        -3345        -3142           13.998           0
        29        -3325        -3147           37.863           0
        30        -3323        -3154             22.1           0
        31        -3326        -3144           22.846           0
        32        -3340        -3150           22.302           0
        33        -3333        -3141             15.9           0
        34        -3345        -3146           31.991           0
        35        -3309        -3152           21.052           0
        36        -3338        -3152           25.241           0
        37        -3303        -3145            21.12           0
        38        -3329        -3149           25.937           0
        39        -3326        -3156           29.816           0
        40        -3352        -3154           28.381           0
        41        -3308        -3149            21.44           0
        42        -3356        -3147           28.822           0
        43        -3342        -3144           14.662           0
        44        -3317        -3146           15.427           0
        45        -3341        -3149           20.612           0
        46        -3354        -3148           15.238           0
        47        -3305        -3150           21.147           0
        48        -3330        -3145           23.168           0
        49        -3370        -3147           27.022           0
        50        -3324        -3153           19.244           0
        51        -3313        -3149           25.215           0
        52        -3328        -3144           26.929           0
        53        -3327        -3142           13.675           0
        54        -3322        -3153           10.018           0
        55        -3337        -3144           13.006           0
        56        -3312        -3150           30.966           0
        57        -3338        -3151           18.726           0
        58        -3353        -3146           15.999           0
        59        -3322        -3149           10.621           0
        60        -3352        -3144           24.281           0
        61        -3339        -3148           21.699           0
        62        -3327        -3143           12.645           0
        63        -3331        -3151           18.921           0
        64        -3326        -3151           25.277           0
        65        -3344        -3148           18.435           0
        66        -3338        -3153           30.185           0
        67        -3339        -3149            13.19           0
        68        -3346        -3145           12.394           0
        69        -3336        -3144            17.42           0
        70        -3330        -3153             25.5           0
        71        -3354        -3148            15.57           0
        72        -3337        -3144           17.889           0
        73        -3348        -3149           16.508           0
        74        -3332        -3149           19.864           0
        75        -3318        -3148           32.521           0
        76        -3324        -3145           27.433           0
        77        -3357        -3144           21.074           0
        78        -3331        -3143           19.262           0
        79        -3354        -3149           23.152           0
        80        -3354        -3150           18.734           0
        81        -3352        -3150             19.3           0
        82        -3282        -3144           16.794           0
        83        -3356        -3152           24.759           0
        84        -3351        -3145            18.98           0
        85        -3337        -3147           21.806           0
        86        -3326        -3145           18.941           0
        87        -3347        -3144           16.614           0
        88        -3340        -3143           12.639           0
        89        -3335        -3150           15.752           0
        90        -3349        -3151           19.495           0
        91        -3330        -3153           22.121           0
        92        -3331        -3143           14.589           0
        93        -3307        -3149           23.569           0
        94        -3334        -3145            28.04           0
        95        -3349        -3150           16.331           0
        96        -3329        -3150           43.422           0
        97        -3343        -3148           13.308           0
        98        -3343        -3147           17.211           0
        99        -3314        -3148           23.144           0
       100        -3321        -3156           13.924           0
Best candidate so far (LL=-3141.4)
             Value
asc_alt1_1 -0.0801
asc_alt1_2  0.1599
asc_alt1_3  0.0385
asc_alt1_4 -0.0964
asc_alt1_5 -0.3945
asc_alt2_1  1.2836
asc_alt2_2 -0.0885
asc_alt2_3 -0.0194
asc_alt2_4  0.3161
asc_alt2_5 -0.1081
asc_alt3_1  0.0000
asc_alt3_2  0.0000
asc_alt3_3  0.0000
asc_alt3_4  0.0000
asc_alt3_5  0.0000
b_x1_1      3.8087
b_x1_2      0.4223
b_x1_3      0.1929
b_x1_4      2.0671
b_x1_5      0.2926
b_x2_1      2.5473
b_x2_2      0.7110
b_x2_3     -0.0879
b_x2_4      0.9985
b_x2_5     -0.1877
b_x3_1      2.4484
b_x3_2      0.9221
b_x3_3      0.1539
b_x3_4     -1.2463
b_x3_5      1.1414
b_x4_1     -0.5349
b_x4_2      0.3311
b_x4_3      1.3148
b_x4_4      0.4187
b_x4_5     -0.3594
b_price_1  -1.0563
b_price_2  -1.6914
b_price_3  -1.0689
b_price_4  -1.6055
b_price_5  -1.7409
delta_1    -1.8908
delta_2     1.8207
delta_3     1.1006
delta_4    -0.0727
delta_5     0.0000

Stage 2, 100 active candidates.
Estimating 20 BFGS iteration(s) for each active candidate.
 Candidate......LLstart.....LLfinish.....GradientNorm...Converged
         1        -3151        -3148            3.503           0
         2        -3149        -3141           10.591           0
         3        -3159        -3145            8.961           0
         4        -3146        -3137            4.823           0
         5        -3143        -3139            4.181           0
         6        -3145        -3141            2.814           0
         7        -3149        -3143            5.372           0
         8        -3148        -3142           10.428           0
         9        -3145        -3135            8.321           0
        10        -3147        -3141            3.022           0
        11        -3151        -3142           18.243           0
        12        -3149        -3143           11.725           0
        13        -3151        -3141           10.036           0
        14        -3145        -3141            2.966           0
        15        -3151        -3141           20.529           0
        16        -3148        -3141            5.928           0
        17        -3150        -3138            9.897           0
        18        -3149        -3139            9.618           0
        19        -3148        -3141            6.779           0
        20        -3154        -3143           19.828           0
        21        -3143        -3138           10.916           0
        22        -3147        -3140           13.032           0
        23        -3143        -3138            2.656           0
        24        -3145        -3135           11.645           0
        25        -3148        -3140           10.498           0
        26        -3143        -3137             9.75           0
        27        -3147        -3139            9.979           0
        28        -3142        -3139            6.963           0
        29        -3147        -3136            7.036           0
        30        -3154        -3143           15.498           0
        31        -3144        -3136            7.601           0
        32        -3150        -3140            11.26           0
        33        -3141        -3136            9.148           0
        34        -3146        -3141            5.719           0
        35        -3152        -3140           13.132           0
        36        -3152        -3141            8.308           0
        37        -3145        -3141            4.493           0
        38        -3149        -3139            8.966           0
        39        -3156        -3142            7.489           0
        40        -3154        -3142            9.829           0
        41        -3149        -3141            4.241           0
        42        -3147        -3141            3.008           0
        43        -3144        -3140           10.527           0
        44        -3146        -3138            8.315           0
        45        -3149        -3141            6.308           0
        46        -3148        -3141            8.507           0
        47        -3150        -3140            4.789           0
        48        -3145        -3141            2.289           0
        49        -3147        -3141            3.077           0
        50        -3153        -3145            15.61           0
        51        -3149        -3138           21.789           0
        52        -3144        -3137            7.433           0
        53        -3142        -3139              6.6           0
        54        -3153        -3145            13.68           0
        55        -3144        -3141            3.261           0
        56        -3150        -3141            6.815           0
        57        -3151        -3144           11.047           0
        58        -3146        -3143            4.102           0
        59        -3149        -3141           11.277           0
        60        -3144        -3140            6.713           0
        61        -3148        -3141            3.726           0
        62        -3143        -3140            3.117           0
        63        -3151        -3142            5.137           0
        64        -3151        -3142            9.631           0
        65        -3148        -3139           12.517           0
        66        -3153        -3142           12.119           0
        67        -3149        -3141            8.602           0
        68        -3145        -3141              3.2           0
        69        -3144        -3139            6.987           0
        70        -3153        -3144            6.562           0
        71        -3148        -3140            6.671           0
        72        -3144        -3140           10.726           0
        73        -3149        -3143            9.974           0
        74        -3149        -3142           15.666           0
        75        -3148        -3141            4.008           0
        76        -3145        -3138            9.344           0
        77        -3144        -3138           12.322           0
        78        -3143        -3136            9.699           0
        79        -3149        -3137            9.574           0
        80        -3150        -3140           10.416           0
        81        -3150        -3142            8.643           0
        82        -3144        -3134           14.115           0
        83        -3152        -3143           18.171           0
        84        -3145        -3139            5.727           0
        85        -3147        -3138            8.266           0
        86        -3145        -3141            4.656           0
        87        -3144        -3139            2.771           0
        88        -3143        -3141            2.612           0
        89        -3150        -3140             6.37           0
        90        -3151        -3146            5.352           0
        91        -3153        -3139           12.707           0
        92        -3143        -3141            3.502           0
        93        -3149        -3140            6.664           0
        94        -3145        -3139            6.613           0
        95        -3150        -3141            7.293           0
        96        -3150        -3141            7.563           0
        97        -3148        -3138           12.697           0
        98        -3147        -3138           10.878           0
        99        -3148        -3138            9.713           0
       100        -3156        -3147            14.75           0
Candidate 5 dropped.
- Failed test 1: Too close to 28 in parameter space.
Candidate 53 dropped.
- Failed test 1: Too close to 28 in parameter space.
Candidate 78 dropped.
- Failed test 1: Too close to 33 in parameter space.
Best candidate so far (LL=-3134.2)
             Value
asc_alt1_1  0.0842
asc_alt1_2  0.1571
asc_alt1_3 -0.0102
asc_alt1_4 -0.4954
asc_alt1_5 -0.5157
asc_alt2_1  1.1559
asc_alt2_2 -0.1221
asc_alt2_3  0.0020
asc_alt2_4 -0.1018
asc_alt2_5 -0.0532
asc_alt3_1  0.0000
asc_alt3_2  0.0000
asc_alt3_3  0.0000
asc_alt3_4  0.0000
asc_alt3_5  0.0000
b_x1_1      3.6761
b_x1_2      0.4077
b_x1_3      0.3233
b_x1_4      1.1663
b_x1_5      0.2851
b_x2_1      1.2830
b_x2_2      0.7023
b_x2_3     -0.1047
b_x2_4      1.1145
b_x2_5     -0.2998
b_x3_1     -0.1738
b_x3_2      0.9621
b_x3_3      0.2025
b_x3_4     -1.6141
b_x3_5      1.4475
b_x4_1      0.2291
b_x4_2      0.2248
b_x4_3      1.1943
b_x4_4      0.4840
b_x4_5     -0.5681
b_price_1  -0.1936
b_price_2  -1.7987
b_price_3  -0.9984
b_price_4  -1.8518
b_price_5  -1.2087
delta_1    -0.2938
delta_2     2.0543
delta_3     1.5296
delta_4    -0.3448
delta_5     0.0000

Stage 3, 97 active candidates.
Estimating 20 BFGS iteration(s) for each active candidate.
 Candidate......LLstart.....LLfinish.....GradientNorm...Converged
         1        -3148        -3146            8.412           0
         2        -3141        -3138            3.871           0
         3        -3145        -3141           11.248           0
         4        -3137        -3136            4.716           0
         6        -3141        -3141            7.168           0
         7        -3143        -3141            5.578           0
         8        -3142        -3140            5.969           0
         9        -3135        -3133            6.713           0
        10        -3141        -3141            6.772           0
        11        -3142        -3139            5.347           0
        12        -3143        -3139           10.735           0
        13        -3141        -3140           10.324           0
        14        -3141        -3140            9.795           0
        15        -3141        -3137            4.698           0
        16        -3141        -3138            4.312           0
        17        -3138        -3137           10.155           0
        18        -3139        -3138            3.759           0
        19        -3141        -3140            0.899           0
        20        -3143        -3141            1.395           0
        21        -3138        -3136           14.446           0
        22        -3140        -3138            3.734           0
        23        -3138        -3138            8.992           0
        24        -3135        -3133            2.509           0
        25        -3140        -3135            8.471           0
        26        -3137        -3134            6.373           0
        27        -3139        -3139            1.667           0
        28        -3139        -3137            9.325           0
        29        -3136        -3134             8.48           0
        30        -3143        -3140           10.514           0
        31        -3136        -3134            5.818           0
        32        -3140        -3138            4.358           0
        33        -3136        -3133            4.789           0
        34        -3141        -3140            0.868           0
        35        -3140        -3137             6.22           0
        36        -3141        -3140            4.738           0
        37        -3141        -3140            1.927           0
        38        -3139        -3138            4.324           0
        39        -3142        -3140            15.93           0
        40        -3142        -3141            3.035           0
        41        -3141        -3140           10.625           0
        42        -3141        -3141            0.449           0
        43        -3140        -3137             8.28           0
        44        -3138        -3136            3.125           0
        45        -3141        -3141            0.827           0
        46        -3141        -3138            4.389           0
        47        -3140        -3139            1.718           0
        48        -3141        -3139            8.256           0
        49        -3141        -3141            2.343           0
        50        -3145        -3141            2.433           0
        51        -3138        -3133            7.537           0
        52        -3137        -3134           17.787           0
        54        -3145        -3141            2.181           0
        55        -3141        -3141             1.69           0
        56        -3141        -3141            0.835           0
        57        -3144        -3139           12.972           0
        58        -3143        -3142            9.814           0
        59        -3141        -3137            5.727           0
        60        -3140        -3140            2.335           0
        61        -3141        -3138            7.854           0
        62        -3140        -3138            5.819           0
        63        -3142        -3139           10.544           0
        64        -3142        -3140           19.266           0
        65        -3139        -3137            4.036           0
        66        -3142        -3142            1.549           0
        67        -3141        -3140             5.22           0
        68        -3141        -3141            3.923           0
        69        -3139        -3138            7.664           0
        70        -3144        -3140            9.507           0
        71        -3140        -3138            5.198           0
        72        -3140        -3137           14.584           0
        73        -3143        -3140            8.726           0
        74        -3142        -3138            4.166           0
        75        -3141        -3138           13.111           0
        76        -3138        -3136            3.105           0
        77        -3138        -3136            7.271           0
        79        -3137        -3136            3.572           0
        80        -3140        -3137            7.866           0
        81        -3142        -3140             6.48           0
        82        -3134        -3133            1.269           0
        83        -3143        -3141            5.571           0
        84        -3139        -3137            6.852           0
        85        -3138        -3136            4.609           0
        86        -3141        -3140            0.793           0
        87        -3139        -3138            7.347           0
        88        -3141        -3140             10.3           0
        89        -3140        -3136            9.215           0
        90        -3146        -3143           15.276           0
        91        -3139        -3136            5.752           0
        92        -3141        -3138            7.541           0
        93        -3140        -3139           11.035           0
        94        -3139        -3138            4.434           0
        95        -3141        -3141            0.984           0
        96        -3141        -3139              9.6           0
        97        -3138        -3136            4.372           0
        98        -3138        -3137            3.285           0
        99        -3138        -3136            6.898           0
       100        -3147        -3141           14.539           0
Candidate 22 dropped.
- Failed test 1: Too close to 32, 38 in parameter space.
Candidate 33 dropped.
- Failed test 1: Too close to 82 in parameter space.
Candidate 38 dropped.
- Failed test 1: Too close to 32 in parameter space.
Candidate 44 dropped.
- Failed test 1: Too close to 4, 79 in parameter space.
Candidate 46 dropped.
- Failed test 1: Too close to 22, 32, 38 in parameter space.
Candidate 74 dropped.
- Failed test 1: Too close to 22, 32, 38, 46 in parameter space.
Candidate 76 dropped.
- Failed test 1: Too close to 85, 97 in parameter space.
Candidate 77 dropped.
- Failed test 1: Too close to 76, 85 in parameter space.
Candidate 79 dropped.
- Failed test 1: Too close to 4 in parameter space.
Candidate 85 dropped.
- Failed test 1: Too close to 97 in parameter space.
Candidate 92 dropped.
- Failed test 1: Too close to 75 in parameter space.
Best candidate so far (LL=-3132.9)
             Value
asc_alt1_1  0.0134
asc_alt1_2  0.1001
asc_alt1_3  0.0292
asc_alt1_4 -0.5189
asc_alt1_5 -0.6113
asc_alt2_1  0.9704
asc_alt2_2 -0.1313
asc_alt2_3  0.0110
asc_alt2_4 -0.1100
asc_alt2_5 -0.0057
asc_alt3_1  0.0000
asc_alt3_2  0.0000
asc_alt3_3  0.0000
asc_alt3_4  0.0000
asc_alt3_5  0.0000
b_x1_1      3.5514
b_x1_2      0.4418
b_x1_3      0.2764
b_x1_4      1.2413
b_x1_5      0.3529
b_x2_1      1.0750
b_x2_2      0.7128
b_x2_3     -0.0918
b_x2_4      1.0883
b_x2_5     -0.3249
b_x3_1     -0.4593
b_x3_2      0.9681
b_x3_3      0.2651
b_x3_4     -1.7366
b_x3_5      1.5936
b_x4_1      0.5495
b_x4_2      0.2151
b_x4_3      1.1583
b_x4_4      0.5180
b_x4_5     -0.9515
b_price_1  -0.8024
b_price_2  -1.7600
b_price_3  -1.1276
b_price_4  -1.6578
b_price_5  -1.0152
delta_1     0.1040
delta_2     2.4573
delta_3     1.9765
delta_4    -0.0246
delta_5     0.0000

Stage 4, 86 active candidates.
Estimating 20 BFGS iteration(s) for each active candidate.
 Candidate......LLstart.....LLfinish.....GradientNorm...Converged
         1        -3146        -3145            3.586           0
         2        -3138        -3136            3.243           0
         3        -3141        -3139            4.991           0
         4        -3136        -3136            6.706           0
         6        -3141        -3139           11.173           0
         7        -3141        -3138            9.208           0
         8        -3140        -3137            6.696           0
         9        -3133        -3132            5.088           0
        10        -3141        -3139            6.605           0
        11        -3139        -3137             8.33           0
        12        -3139        -3138            5.029           0
        13        -3140        -3137            9.698           0
        14        -3140        -3137            8.696           0
        15        -3137        -3136            7.657           0
        16        -3138        -3136           10.582           0
        17        -3137        -3135            8.894           0
        18        -3138        -3137            6.759           0
        19        -3140        -3140            7.632           0
        20        -3141        -3141            0.549           0
        21        -3136        -3135            3.072           0
        23        -3138        -3137            3.502           0
        24        -3133        -3133            0.362           0
        25        -3135        -3133            7.766           0
        26        -3134        -3134            1.591           0
        27        -3139        -3138            6.372           0
        28        -3137        -3135            7.488           0
        29        -3134        -3133            3.762           0
        30        -3140        -3138            4.157           0
        31        -3134        -3133            6.611           0
        32        -3138        -3137            6.615           0
        34        -3140        -3140            7.273           0
        35        -3137        -3136            5.226           0
        36        -3140        -3137            6.356           0
        37        -3140        -3139            8.801           0
        39        -3140        -3137            5.886           0
        40        -3141        -3139            5.382           0
        41        -3140        -3138            1.677           0
        42        -3141        -3141            0.553           0
        43        -3137        -3136            4.808           0
        45        -3141        -3140             8.53           0
        47        -3139        -3138            3.268           0
        48        -3139        -3137            9.453           0
        49        -3141        -3140            4.376           0
        50        -3141        -3141            7.904           0
        51        -3133        -3132            5.512           0
        52        -3134        -3133             0.86           0
        54        -3141        -3139            9.482           0
        55        -3141        -3141            1.234           0
        56        -3141        -3141            1.362           0
        57        -3139        -3137            8.403           0
        58        -3142        -3142            1.814           0
        59        -3137        -3137            5.416           0
        60        -3140        -3138           16.272           0
        61        -3138        -3136            8.262           0
        62        -3138        -3138            0.679           0
        63        -3139        -3137            3.821           0
        64        -3140        -3136            4.685           0
        65        -3137        -3136            8.378           0
        66        -3142        -3141           11.316           0
        67        -3140        -3136            5.313           0
        68        -3141        -3139            9.565           0
        69        -3138        -3137            1.589           0
        70        -3140        -3136             7.71           0
        71        -3138        -3137           15.276           0
        72        -3137        -3135            7.119           0
        73        -3140        -3138            6.437           0
        75        -3138        -3136            4.242           0
        80        -3137        -3136            6.608           0
        81        -3140        -3138            7.861           0
        82        -3133        -3133            0.261           0
        83        -3141        -3140            0.328           0
        84        -3137        -3136              6.8           0
        86        -3140        -3140           12.691           0
        87        -3138        -3137            4.114           0
        88        -3140        -3137            8.165           0
        89        -3136        -3133            6.763           0
        90        -3143        -3139            5.586           0
        91        -3136        -3135             9.39           0
        93        -3139        -3138            1.717           0
        94        -3138        -3137            3.802           0
        95        -3141        -3141            1.243           0
        96        -3139        -3137            3.511           0
        97        -3136        -3135            5.486           0
        98        -3137        -3136           11.406           0
        99        -3136        -3135            6.735           0
       100        -3141        -3136            3.637           0
Candidate 8 dropped.
- Failed test 1: Too close to 14 in parameter space.
Candidate 87 dropped.
- Failed test 1: Too close to 94 in parameter space.
Candidate 89 dropped.
- Failed test 1: Too close to 52 in parameter space.
Best candidate so far (LL=-3131.6)
             Value
asc_alt1_1  0.0887
asc_alt1_2  0.8419
asc_alt1_3  0.0355
asc_alt1_4 -0.5976
asc_alt1_5 -0.6056
asc_alt2_1 -0.0428
asc_alt2_2  0.8037
asc_alt2_3 -0.0563
asc_alt2_4 -0.0546
asc_alt2_5  0.0616
asc_alt3_1  0.0000
asc_alt3_2  0.0000
asc_alt3_3  0.0000
asc_alt3_4  0.0000
asc_alt3_5  0.0000
b_x1_1      0.6006
b_x1_2      8.8748
b_x1_3      0.2216
b_x1_4      0.3549
b_x1_5      1.4211
b_x2_1      0.8066
b_x2_2     -0.0722
b_x2_3      0.0522
b_x2_4     -0.3362
b_x2_5      1.0479
b_x3_1      1.0003
b_x3_2     -1.6102
b_x3_3      0.4070
b_x3_4      1.6673
b_x3_5     -1.7673
b_x4_1      0.1414
b_x4_2      3.3155
b_x4_3      0.9037
b_x4_4     -1.0226
b_x4_5      0.6158
b_price_1  -1.5361
b_price_2  -7.1111
b_price_3  -1.3822
b_price_4  -1.0257
b_price_5  -1.5126
delta_1     2.2184
delta_2    -0.7998
delta_3     2.2096
delta_4    -0.1396
delta_5     0.0000

Stage 5, 83 active candidates.
Estimating 20 BFGS iteration(s) for each active candidate.
 Candidate......LLstart.....LLfinish.....GradientNorm...Converged
         1        -3145        -3145            1.424           0
         2        -3136        -3136             2.96           0
         3        -3139        -3139            4.281           0
         4        -3136        -3135            2.646           0
         6        -3139        -3137             5.18           0
         7        -3138        -3136            8.415           0
         9        -3132        -3132            2.012           0
        10        -3139        -3136            7.699           0
        11        -3137        -3136            3.941           0
        12        -3138        -3137            3.734           0
        13        -3137        -3136            4.669           0
        14        -3137        -3136            3.981           0
        15        -3136        -3134            5.471           0
        16        -3136        -3134            6.266           0
        17        -3135        -3134            2.473           0
        18        -3137        -3136            1.963           0
        19        -3140        -3138            19.64           0
        20        -3141        -3141            0.519           0
        21        -3135        -3135            4.736           0
        23        -3137        -3136            3.247           0
        24        -3133        -3133             0.25           1
        25        -3133        -3132            7.507           0
        26        -3134        -3134            0.472           0
        27        -3138        -3137            6.089           0
        28        -3135        -3135            4.782           0
        29        -3133        -3133            2.492           0
        30        -3138        -3138            5.569           0
        31        -3133        -3132             1.95           0
        32        -3137        -3136            2.139           0
        34        -3140        -3138           19.818           0
        35        -3136        -3135            5.734           0
        36        -3137        -3136            6.099           0
        37        -3139        -3138            8.739           0
        39        -3137        -3136            4.682           0
        40        -3139        -3137           10.536           0
        41        -3138        -3138            2.971           0
        42        -3141        -3141            0.188           1
        43        -3136        -3135            7.374           0
        45        -3140        -3137            5.189           0
        47        -3138        -3138            0.492           0
        48        -3137        -3135             4.46           0
        49        -3140        -3140            0.404           0
        50        -3141        -3138           10.054           0
        51        -3132        -3131            1.264           0
        52        -3133        -3133              0.1           0
        54        -3139        -3136             6.52           0
        55        -3141        -3141            0.766           0
        56        -3141        -3141            0.287           0
        57        -3137        -3135            6.828           0
        58        -3142        -3141            6.278           0
        59        -3137        -3135            5.345           0
        60        -3138        -3136            3.883           0
        61        -3136        -3135            5.168           0
        62        -3138        -3138            0.568           0
        63        -3137        -3136            5.123           0
        64        -3136        -3135            5.095           0
        65        -3136        -3135            1.886           0
        66        -3141        -3137            6.711           0
        67        -3136        -3136           10.515           0
        68        -3139        -3136             8.58           0
        69        -3137        -3136            5.426           0
        70        -3136        -3134            4.645           0
        71        -3137        -3135            6.507           0
        72        -3135        -3135            4.696           0
        73        -3138        -3137            4.407           0
        75        -3136        -3136            5.842           0
        80        -3136        -3136            1.921           0
        81        -3138        -3136            2.291           0
        82        -3133        -3133            0.089           1
        83        -3140        -3140            0.812           0
        84        -3136        -3134            5.862           0
        86        -3140        -3136            4.358           0
        88        -3137        -3136            3.808           0
        90        -3139        -3138            3.176           0
        91        -3135        -3134            3.155           0
        93        -3138        -3138            7.858           0
        94        -3137        -3137              4.7           0
        95        -3141        -3141              0.6           0
        96        -3137        -3136            7.289           0
        97        -3135        -3135             2.87           0
        98        -3136        -3135            1.347           0
        99        -3135        -3135            3.854           0
       100        -3136        -3135            3.914           0
Candidate 6 dropped.
- Failed test 1: Too close to 45 in parameter space.
Candidate 23 dropped.
- Failed test 1: Too close to 32 in parameter space.
Candidate 28 dropped.
- Failed test 1: Too close to 97 in parameter space.
Candidate 35 dropped.
- Failed test 1: Too close to 21 in parameter space.
Candidate 60 dropped.
- Failed test 1: Too close to 13 in parameter space.
Candidate 61 dropped.
- Failed test 1: Too close to 21 in parameter space.
Candidate 63 dropped.
- Failed test 1: Too close to 80 in parameter space.
Candidate 86 dropped.
- Failed test 1: Too close to 81 in parameter space.
Candidate 88 dropped.
- Failed test 1: Too close to 60 in parameter space.
Best candidate so far (LL=-3131.2)
             Value
asc_alt1_1  0.0931
asc_alt1_2  0.8639
asc_alt1_3  0.0263
asc_alt1_4 -0.6053
asc_alt1_5 -0.5428
asc_alt2_1 -0.0566
asc_alt2_2  0.8805
asc_alt2_3 -0.0369
asc_alt2_4 -0.0388
asc_alt2_5  0.0066
asc_alt3_1  0.0000
asc_alt3_2  0.0000
asc_alt3_3  0.0000
asc_alt3_4  0.0000
asc_alt3_5  0.0000
b_x1_1      0.5547
b_x1_2      9.3128
b_x1_3      0.2049
b_x1_4      0.3444
b_x1_5      1.4332
b_x2_1      0.7609
b_x2_2     -0.0950
b_x2_3     -0.0330
b_x2_4     -0.3298
b_x2_5      1.0357
b_x3_1      0.9595
b_x3_2     -1.7007
b_x3_3      0.3347
b_x3_4      1.6622
b_x3_5     -1.6907
b_x4_1      0.1858
b_x4_2      3.4676
b_x4_3      1.0435
b_x4_4     -1.0007
b_x4_5      0.5405
b_price_1  -1.5628
b_price_2  -7.4360
b_price_3  -1.3069
b_price_4  -1.0174
b_price_5  -1.4942
delta_1     2.2970
delta_2    -0.8984
delta_3     1.9468
delta_4    -0.1856
delta_5     0.0000
Several observations per individual detected based on the value of ID.
  Setting panelData in apollo_control set to TRUE.
With setting noValidation=TRUE in apollo_control, your model code will
  not be validated prior to estimation. This may of course be
  deliberate for large models or models with many components.
All checks on apollo_control completed.
All checks on database completed.
INFORMATION: The use of apollo_lcEM has a number of requirements. No checks are run
  for these, so the user needs to ensure these conditions are met by
  their model: 
1: This function is only suitable for single component models, i.e. no
  use of apollo_combineModels or manual multiplication of model
  components.
2: Any parameters that vary across classes need to be included in the
  definition of random parameters in apollo_lcPars.
3: The entries in the lists in apollo_lcPars need to be individual
  parameters, not functions thereof.

Validating inputs of likelihood function (apollo_probabilities)

Initialising EM algorithm
Starting iteration: 1
- Current LL : -3331.979
- New LL     : -3167.019
- Improvement: 164.96

Starting iteration: 2
- Current LL : -3167.019
- New LL     : -3164.722
- Improvement: 2.297165

Starting iteration: 3
- Current LL : -3164.722
- New LL     : -3163.32
- Improvement: 1.401878

Starting iteration: 4
- Current LL : -3163.32
- New LL     : -3162.319
- Improvement: 1.001296

Starting iteration: 5
- Current LL : -3162.319
- New LL     : -3161.351
- Improvement: 0.9683248

Starting iteration: 6
- Current LL : -3161.351
- New LL     : -3160.074
- Improvement: 1.276338

Starting iteration: 7
- Current LL : -3160.074
- New LL     : -3158.145
- Improvement: 1.928904

Starting iteration: 8
- Current LL : -3158.145
- New LL     : -3155.51
- Improvement: 2.635471

Starting iteration: 9
- Current LL : -3155.51
- New LL     : -3152.753
- Improvement: 2.756738

Starting iteration: 10
- Current LL : -3152.753
- New LL     : -3150.644
- Improvement: 2.108726

Starting iteration: 11
- Current LL : -3150.644
- New LL     : -3149.305
- Improvement: 1.339423

Starting iteration: 12
- Current LL : -3149.305
- New LL     : -3148.383
- Improvement: 0.9225116

Starting iteration: 13
- Current LL : -3148.383
- New LL     : -3147.568
- Improvement: 0.8149389

Starting iteration: 14
- Current LL : -3147.568
- New LL     : -3146.707
- Improvement: 0.8608185

Starting iteration: 15
- Current LL : -3146.707
- New LL     : -3145.756
- Improvement: 0.9511606

Starting iteration: 16
- Current LL : -3145.756
- New LL     : -3144.727
- Improvement: 1.02835

Starting iteration: 17
- Current LL : -3144.727
- New LL     : -3143.666
- Improvement: 1.061767

Starting iteration: 18
- Current LL : -3143.666
- New LL     : -3142.628
- Improvement: 1.037515

Starting iteration: 19
- Current LL : -3142.628
- New LL     : -3141.668
- Improvement: 0.9599266

Starting iteration: 20
- Current LL : -3141.668
- New LL     : -3140.826
- Improvement: 0.841579

Starting iteration: 21
- Current LL : -3140.826
- New LL     : -3140.12
- Improvement: 0.7062373

Starting iteration: 22
- Current LL : -3140.12
- New LL     : -3139.543
- Improvement: 0.577601

Starting iteration: 23
- Current LL : -3139.543
- New LL     : -3139.071
- Improvement: 0.4712415

Starting iteration: 24
- Current LL : -3139.071
- New LL     : -3138.679
- Improvement: 0.3920398

Starting iteration: 25
- Current LL : -3138.679
- New LL     : -3138.343
- Improvement: 0.336257

Starting iteration: 26
- Current LL : -3138.343
- New LL     : -3138.045
- Improvement: 0.2976381

Starting iteration: 27
- Current LL : -3138.045
- New LL     : -3137.774
- Improvement: 0.2713162

Starting iteration: 28
- Current LL : -3137.774
- New LL     : -3137.522
- Improvement: 0.2517325

Starting iteration: 29
- Current LL : -3137.522
- New LL     : -3137.286
- Improvement: 0.2366803

Starting iteration: 30
- Current LL : -3137.286
- New LL     : -3137.063
- Improvement: 0.2230265

Starting iteration: 31
- Current LL : -3137.063
- New LL     : -3136.85
- Improvement: 0.2128544

Starting iteration: 32
- Current LL : -3136.85
- New LL     : -3136.648
- Improvement: 0.2020877

Starting iteration: 33
- Current LL : -3136.648
- New LL     : -3136.456
- Improvement: 0.1915692

Starting iteration: 34
- Current LL : -3136.456
- New LL     : -3136.275
- Improvement: 0.181276

Starting iteration: 35
- Current LL : -3136.275
- New LL     : -3136.106
- Improvement: 0.1693952

Starting iteration: 36
- Current LL : -3136.106
- New LL     : -3135.948
- Improvement: 0.1577356

Starting iteration: 37
- Current LL : -3135.948
- New LL     : -3135.804
- Improvement: 0.1434327

Starting iteration: 38
- Current LL : -3135.804
- New LL     : -3135.676
- Improvement: 0.1282222

Starting iteration: 39
- Current LL : -3135.676
- New LL     : -3135.564
- Improvement: 0.1123689

Starting iteration: 40
- Current LL : -3135.564
- New LL     : -3135.467
- Improvement: 0.09641816

Starting iteration: 41
- Current LL : -3135.467
- New LL     : -3135.386
- Improvement: 0.08160277

Starting iteration: 42
- Current LL : -3135.386
- New LL     : -3135.319
- Improvement: 0.06707206

Starting iteration: 43
- Current LL : -3135.319
- New LL     : -3135.264
- Improvement: 0.0547731

Starting iteration: 44
- Current LL : -3135.264
- New LL     : -3135.22
- Improvement: 0.04433953

Starting iteration: 45
- Current LL : -3135.22
- New LL     : -3135.184
- Improvement: 0.03567417

Starting iteration: 46
- Current LL : -3135.184
- New LL     : -3135.155
- Improvement: 0.02872935

Starting iteration: 47
- Current LL : -3135.155
- New LL     : -3135.132
- Improvement: 0.02331976

Starting iteration: 48
- Current LL : -3135.132
- New LL     : -3135.113
- Improvement: 0.01918332

Starting iteration: 49
- Current LL : -3135.113
- New LL     : -3135.097
- Improvement: 0.0160317

Starting iteration: 50
- Current LL : -3135.097
- New LL     : -3135.083
- Improvement: 0.01375842

Starting iteration: 51
- Current LL : -3135.083
- New LL     : -3135.071
- Improvement: 0.01190256

Starting iteration: 52
- Current LL : -3135.071
- New LL     : -3135.06
- Improvement: 0.01059461

Starting iteration: 53
- Current LL : -3135.06
- New LL     : -3135.051
- Improvement: 0.009610096

Starting iteration: 54
- Current LL : -3135.051
- New LL     : -3135.042
- Improvement: 0.008824058

Starting iteration: 55
- Current LL : -3135.042
- New LL     : -3135.034
- Improvement: 0.008139822

Starting iteration: 56
- Current LL : -3135.034
- New LL     : -3135.026
- Improvement: 0.007824938

Starting iteration: 57
- Current LL : -3135.026
- New LL     : -3135.019
- Improvement: 0.007231983

Starting iteration: 58
- Current LL : -3135.019
- New LL     : -3135.012
- Improvement: 0.006748871

Starting iteration: 59
- Current LL : -3135.012
- New LL     : -3135.006
- Improvement: 0.006473772

Starting iteration: 60
- Current LL : -3135.006
- New LL     : -3134.999
- Improvement: 0.006433247

Starting iteration: 61
- Current LL : -3134.999
- New LL     : -3134.993
- Improvement: 0.006121789

Starting iteration: 62
- Current LL : -3134.993
- New LL     : -3134.987
- Improvement: 0.006112685

Starting iteration: 63
- Current LL : -3134.987
- New LL     : -3134.981
- Improvement: 0.005950821

Starting iteration: 64
- Current LL : -3134.981
- New LL     : -3134.975
- Improvement: 0.005802064

Starting iteration: 65
- Current LL : -3134.975
- New LL     : -3134.97
- Improvement: 0.005542809

Starting iteration: 66
- Current LL : -3134.97
- New LL     : -3134.964
- Improvement: 0.005560947

Starting iteration: 67
- Current LL : -3134.964
- New LL     : -3134.959
- Improvement: 0.005353545

Starting iteration: 68
- Current LL : -3134.959
- New LL     : -3134.953
- Improvement: 0.005481891

Starting iteration: 69
- Current LL : -3134.953
- New LL     : -3134.948
- Improvement: 0.005424998

Starting iteration: 70
- Current LL : -3134.948
- New LL     : -3134.942
- Improvement: 0.005264265

Starting iteration: 71
- Current LL : -3134.942
- New LL     : -3134.937
- Improvement: 0.005344056

Starting iteration: 72
- Current LL : -3134.937
- New LL     : -3134.932
- Improvement: 0.005192227

Starting iteration: 73
- Current LL : -3134.932
- New LL     : -3134.927
- Improvement: 0.00540387

Starting iteration: 74
- Current LL : -3134.927
- New LL     : -3134.921
- Improvement: 0.005295964

Starting iteration: 75
- Current LL : -3134.921
- New LL     : -3134.916
- Improvement: 0.005445136

Starting iteration: 76
- Current LL : -3134.916
- New LL     : -3134.91
- Improvement: 0.005362569

Starting iteration: 77
- Current LL : -3134.91
- New LL     : -3134.905
- Improvement: 0.005396548

Starting iteration: 78
- Current LL : -3134.905
- New LL     : -3134.899
- Improvement: 0.005577679

Starting iteration: 79
- Current LL : -3134.899
- New LL     : -3134.894
- Improvement: 0.005646176

Starting iteration: 80
- Current LL : -3134.894
- New LL     : -3134.888
- Improvement: 0.005708086

Starting iteration: 81
- Current LL : -3134.888
- New LL     : -3134.882
- Improvement: 0.00566095

Starting iteration: 82
- Current LL : -3134.882
- New LL     : -3134.876
- Improvement: 0.006647636

Starting iteration: 83
- Current LL : -3134.876
- New LL     : -3134.87
- Improvement: 0.006002734

Starting iteration: 84
- Current LL : -3134.87
- New LL     : -3134.864
- Improvement: 0.005923658

Starting iteration: 85
- Current LL : -3134.864
- New LL     : -3134.858
- Improvement: 0.005998673

Starting iteration: 86
- Current LL : -3134.858
- New LL     : -3134.852
- Improvement: 0.006068603

Starting iteration: 87
- Current LL : -3134.852
- New LL     : -3134.846
- Improvement: 0.006168484

Starting iteration: 88
- Current LL : -3134.846
- New LL     : -3134.839
- Improvement: 0.006298778

Starting iteration: 89
- Current LL : -3134.839
- New LL     : -3134.833
- Improvement: 0.006144466

Starting iteration: 90
- Current LL : -3134.833
- New LL     : -3134.827
- Improvement: 0.00660162

Starting iteration: 91
- Current LL : -3134.827
- New LL     : -3134.82
- Improvement: 0.006694244

Starting iteration: 92
- Current LL : -3134.82
- New LL     : -3134.813
- Improvement: 0.006812979

Starting iteration: 93
- Current LL : -3134.813
- New LL     : -3134.806
- Improvement: 0.006643444

Starting iteration: 94
- Current LL : -3134.806
- New LL     : -3134.799
- Improvement: 0.007268025

Starting iteration: 95
- Current LL : -3134.799
- New LL     : -3134.792
- Improvement: 0.00728766

Starting iteration: 96
- Current LL : -3134.792
- New LL     : -3134.784
- Improvement: 0.007467408

Starting iteration: 97
- Current LL : -3134.784
- New LL     : -3134.777
- Improvement: 0.007149338

Starting iteration: 98
- Current LL : -3134.777
- New LL     : -3134.77
- Improvement: 0.007714534

Starting iteration: 99
- Current LL : -3134.77
- New LL     : -3134.762
- Improvement: 0.007965752

Starting iteration: 100
- Current LL : -3134.762
- New LL     : -3134.753
- Improvement: 0.008123311

EM algorithm stopped: maximum number of iterations reached!
No covariance matrix will be computed as convergence has not been
  reached. You may call apollo_addCovariance(model,apollo_inputs) to
  compute a covariance matrix at the current estimates.
[12:42:37]   NOTE hard_corr|seed1: a new arm improved the best LL by +1.152 -- existing gaps shift
[12:42:37]   done hard_corr|seed1 : gaps  klue_ml=-1.15  klue_em=-6.87  apollo_searchStart=+0.00  apollo_lcEM=-8.47  gmnl_lc=-8.51  apollo_ss_published=-6.62
[12:42:37] RUN  hard_corr|seed2  (K=5 kap=0.50 sig=0.30 corr=0.6)  arms: apollo_searchStart, apollo_lcEM
Several observations per individual detected based on the value of ID.
  Setting panelData in apollo_control set to TRUE.
All checks on apollo_control completed.
All checks on database completed.
Testing probability function (apollo_probabilities)
Apollo found a model component of type classAlloc without a
  componentName. The name was set to "classAlloc" by default.
INFORMATION: Setting "avail" is missing, so full availability is assumed. 
Apollo found a model component of type MNL without a componentName. The
  name was set to "Class_1" by default.
Apollo found a model component of type MNL without a componentName. The
  name was set to "Class_2" by default.
Apollo found a model component of type MNL without a componentName. The
  name was set to "Class_3" by default.
Apollo found a model component of type MNL without a componentName. The
  name was set to "Class_4" by default.
Apollo found a model component of type MNL without a componentName. The
  name was set to "Class_5" by default.
Pre-processing likelihood function...
INFORMATION: Apollo was not able to compute analytical gradients for your model.
  This could be because you are using model components for which
  analytical gradients are not yet implemented, or because you coded
  your own model functions. If however you only used apollo_mnl,
  apollo_fmnl, apollo_normalDensity, apollo_ol or apollo_op, then there
  could be another issue. You might want to ask for help in the Apollo
  forum (http://www.apollochoicemodelling.com/forum) on how to solve
  this issue. If you do, please post your code and data (if not
  confidential). 
Creating initial set of 100 candidate values.
Calculating LL of candidates 0%....50%.....100%

Stage 1, 100 active candidates.
Estimating 20 BFGS iteration(s) for each active candidate.
 Candidate......LLstart.....LLfinish.....GradientNorm...Converged
         1        -3357        -3186           17.989           0
         2        -3348        -3184           11.839           0
         3        -3366        -3180           21.334           0
         4        -3378        -3185           18.839           0
         5        -3371        -3179           13.725           0
         6        -3361        -3181           29.513           0
         7        -3343        -3185           16.229           0
         8        -3364        -3175           12.013           0
         9        -3343        -3175           12.129           0
        10        -3362        -3177           12.744           0
        11        -3339        -3182           13.446           0
        12        -3352        -3184           16.478           0
        13        -3335        -3175           11.742           0
        14        -3360        -3178           16.706           0
        15        -3352        -3181           15.665           0
        16        -3366        -3175           11.599           0
        17        -3346        -3184           14.886           0
        18        -3363        -3176           13.672           0
        19        -3366        -3183           25.607           0
        20        -3375        -3181            23.15           0
        21        -3344        -3181           19.391           0
        22        -3392        -3177           14.542           0
        23        -3344        -3181           19.485           0
        24        -3353        -3180           17.412           0
        25        -3356        -3183           26.442           0
        26        -3371        -3178           20.019           0
        27        -3343        -3182           19.162           0
        28        -3369        -3177           23.227           0
        29        -3349        -3176           14.056           0
        30        -3348        -3180           20.534           0
        31        -3352        -3176           12.136           0
        32        -3366        -3186           25.572           0
        33        -3358        -3183           17.423           0
        34        -3370        -3178           19.142           0
        35        -3336        -3187            28.58           0
        36        -3362        -3177           14.953           0
        37        -3330        -3183           18.713           0
        38        -3355        -3175            7.593           0
        39        -3351        -3184           22.901           0
        40        -3377        -3181           16.024           0
        41        -3335        -3186           14.935           0
        42        -3381        -3182           15.694           0
        43        -3366        -3178           15.174           0
        44        -3344        -3177           15.343           0
        45        -3366        -3176           12.838           0
        46        -3378        -3176            9.196           0
        47        -3330        -3177           14.716           0
        48        -3356        -3177           15.012           0
        49        -3395        -3186           17.486           0
        50        -3350        -3178            14.94           0
        51        -3339        -3180            15.16           0
        52        -3354        -3186           19.713           0
        53        -3351        -3178           31.836           0
        54        -3349        -3185           22.914           0
        55        -3363        -3177            21.64           0
        56        -3338        -3180           26.055           0
        57        -3363        -3181           21.209           0
        58        -3378        -3178           18.921           0
        59        -3348        -3186           13.811           0
        60        -3378        -3175            13.37           0
        61        -3365        -3178           14.749           0
        62        -3351        -3181           19.268           0
        63        -3358        -3184           20.876           0
        64        -3352        -3177           12.621           0
        65        -3370        -3176           13.348           0
        66        -3364        -3176             13.6           0
        67        -3365        -3180           24.575           0
        68        -3370        -3178           19.319           0
        69        -3363        -3181            28.13           0
        70        -3355        -3182           33.795           0
        71        -3380        -3180           17.427           0
        72        -3360        -3184           14.033           0
        73        -3372        -3176            9.251           0
        74        -3356        -3188           29.149           0
        75        -3344        -3176           16.812           0
        76        -3351        -3176           14.588           0
        77        -3382        -3183           28.838           0
        78        -3357        -3184           13.607           0
        79        -3378        -3182            19.24           0
        80        -3378        -3180           20.929           0
        81        -3376        -3177           11.832           0
        82        -3310        -3181           28.798           0
        83        -3381        -3184           11.509           0
        84        -3377        -3186           19.856           0
        85        -3363        -3182           18.494           0
        86        -3352        -3181           19.157           0
        87        -3372        -3181           25.915           0
        88        -3366        -3178           14.476           0
        89        -3359        -3177           12.139           0
        90        -3374        -3177             12.1           0
        91        -3353        -3181           15.546           0
        92        -3357        -3177           17.262           0
        93        -3332        -3188           19.916           0
        94        -3358        -3176            9.498           0
        95        -3374        -3179           19.049           0
        96        -3356        -3178           13.739           0
        97        -3367        -3179           15.524           0
        98        -3369        -3188           29.667           0
        99        -3338        -3184           21.204           0
       100        -3348        -3181           35.638           0
Best candidate so far (LL=-3174.7)
             Value
asc_alt1_1  0.7595
asc_alt1_2  0.2895
asc_alt1_3 -0.0559
asc_alt1_4  0.0458
asc_alt1_5  0.1185
asc_alt2_1 -2.1189
asc_alt2_2  0.2849
asc_alt2_3 -0.1402
asc_alt2_4  0.1885
asc_alt2_5 -0.2296
asc_alt3_1  0.0000
asc_alt3_2  0.0000
asc_alt3_3  0.0000
asc_alt3_4  0.0000
asc_alt3_5  0.0000
b_x1_1      1.9782
b_x1_2      0.8494
b_x1_3      0.8580
b_x1_4      0.6722
b_x1_5     -0.4178
b_x2_1      2.1317
b_x2_2      0.8352
b_x2_3      0.7334
b_x2_4     -0.2467
b_x2_5      0.2236
b_x3_1      1.1919
b_x3_2      0.3374
b_x3_3      0.8486
b_x3_4     -0.0796
b_x3_5      1.0554
b_x4_1      1.6955
b_x4_2      0.7528
b_x4_3     -0.4009
b_x4_4      0.4864
b_x4_5      1.0035
b_price_1  -3.9870
b_price_2  -1.5492
b_price_3  -1.0744
b_price_4  -1.1915
b_price_5  -1.5980
delta_1    -2.5202
delta_2     0.5447
delta_3     0.2732
delta_4    -0.0065
delta_5     0.0000

Stage 2, 100 active candidates.
Estimating 20 BFGS iteration(s) for each active candidate.
 Candidate......LLstart.....LLfinish.....GradientNorm...Converged
         1        -3186        -3178           15.748           0
         2        -3184        -3180            6.029           0
         3        -3180        -3173            4.013           0
         4        -3185        -3175           13.388           0
         5        -3179        -3175            3.132           0
         6        -3181        -3173            4.216           0
         7        -3185        -3180           12.943           0
         8        -3175        -3173            1.701           0
         9        -3175        -3172            2.542           0
        10        -3177        -3173            7.272           0
        11        -3182        -3179            5.027           0
        12        -3184        -3175            8.716           0
        13        -3175        -3173            2.342           0
        14        -3178        -3174            4.377           0
        15        -3181        -3174            8.062           0
        16        -3175        -3173            1.593           0
        17        -3184        -3179           10.525           0
        18        -3176        -3172            3.047           0
        19        -3183        -3175            5.667           0
        20        -3181        -3175            3.976           0
        21        -3181        -3174            7.817           0
        22        -3177        -3175             1.86           0
        23        -3181        -3174             4.91           0
        24        -3180        -3174           13.755           0
        25        -3183        -3174            8.074           0
        26        -3178        -3173            4.096           0
        27        -3182        -3175            6.787           0
        28        -3177        -3170            5.277           0
        29        -3176        -3172            4.593           0
        30        -3180        -3172            8.851           0
        31        -3176        -3173            1.711           0
        32        -3186        -3174            7.492           0
        33        -3183        -3175            9.522           0
        34        -3178        -3173            5.385           0
        35        -3187        -3179            6.538           0
        36        -3177        -3173            3.525           0
        37        -3183        -3173           10.272           0
        38        -3175        -3174            1.827           0
        39        -3184        -3175            6.115           0
        40        -3181        -3175            5.785           0
        41        -3186        -3181           20.805           0
        42        -3182        -3173           10.661           0
        43        -3178        -3174            2.876           0
        44        -3177        -3173            2.211           0
        45        -3176        -3173            2.662           0
        46        -3176        -3171            5.512           0
        47        -3177        -3171            5.113           0
        48        -3177        -3173            3.834           0
        49        -3186        -3180            6.598           0
        50        -3178        -3173            6.193           0
        51        -3180        -3176           17.318           0
        52        -3186        -3182           10.504           0
        53        -3178        -3171             3.46           0
        54        -3185        -3175            9.063           0
        55        -3177        -3174            2.255           0
        56        -3180        -3173            3.366           0
        57        -3181        -3173            4.859           0
        58        -3178        -3170            3.209           0
        59        -3186        -3180            8.818           0
        60        -3175        -3170            5.107           0
        61        -3178        -3174            5.669           0
        62        -3181        -3175            7.587           0
        63        -3184        -3175            9.147           0
        64        -3177        -3174            3.693           0
        65        -3176        -3173            2.358           0
        66        -3176        -3172           13.161           0
        67        -3180        -3172            6.019           0
        68        -3178        -3174            2.756           0
        69        -3181        -3172           11.374           0
        70        -3182        -3174            4.304           0
        71        -3180        -3176            4.578           0
        72        -3184        -3180           15.142           0
        73        -3176        -3174            2.785           0
        74        -3188        -3180            5.083           0
        75        -3176        -3173            1.038           0
        76        -3176        -3173            2.435           0
        77        -3183        -3175           12.261           0
        78        -3184        -3180           17.288           0
        79        -3182        -3174           10.046           0
        80        -3180        -3173            4.955           0
        81        -3177        -3173            6.965           0
        82        -3181        -3174            8.167           0
        83        -3184        -3180             8.42           0
        84        -3186        -3181            7.036           0
        85        -3182        -3174           10.894           0
        86        -3181        -3177            4.228           0
        87        -3181        -3170            6.495           0
        88        -3178        -3175            3.894           0
        89        -3177        -3175            3.259           0
        90        -3177        -3171            6.513           0
        91        -3181        -3179            4.589           0
        92        -3177        -3174            5.953           0
        93        -3188        -3177           13.935           0
        94        -3176        -3174            2.762           0
        95        -3179        -3174            4.196           0
        96        -3178        -3174            6.613           0
        97        -3179        -3174            5.423           0
        98        -3188        -3177           13.163           0
        99        -3184        -3177            9.011           0
       100        -3181        -3174            5.644           0
Candidate 32 dropped.
- Failed test 1: Too close to 8 in parameter space.
Candidate 48 dropped.
- Failed test 1: Too close to 56 in parameter space.
Candidate 92 dropped.
- Failed test 1: Too close to 65 in parameter space.
Best candidate so far (LL=-3169.9)
             Value
asc_alt1_1 -0.0905
asc_alt1_2 -0.3338
asc_alt1_3  0.0653
asc_alt1_4  0.2577
asc_alt1_5  0.0288
asc_alt2_1 -1.7155
asc_alt2_2 -0.2015
asc_alt2_3 -0.1702
asc_alt2_4  0.1117
asc_alt2_5  0.2095
asc_alt3_1  0.0000
asc_alt3_2  0.0000
asc_alt3_3  0.0000
asc_alt3_4  0.0000
asc_alt3_5  0.0000
b_x1_1      4.6269
b_x1_2      0.9093
b_x1_3     -0.4530
b_x1_4      0.7320
b_x1_5      0.7926
b_x2_1     -0.7773
b_x2_2      0.6442
b_x2_3      0.1280
b_x2_4      0.9147
b_x2_5     -0.1794
b_x3_1      5.1721
b_x3_2      1.0190
b_x3_3      1.0807
b_x3_4      0.4574
b_x3_5     -0.0990
b_x4_1      1.7057
b_x4_2     -0.7074
b_x4_3      0.9719
b_x4_4      0.5719
b_x4_5      0.4530
b_price_1  -1.7500
b_price_2  -0.4155
b_price_3  -1.5531
b_price_4  -1.8032
b_price_5  -1.2606
delta_1    -2.5823
delta_2    -0.5474
delta_3    -0.2995
delta_4     0.6529
delta_5     0.0000

Stage 3, 97 active candidates.
Estimating 20 BFGS iteration(s) for each active candidate.
 Candidate......LLstart.....LLfinish.....GradientNorm...Converged
         1        -3178        -3173            5.687           0
         2        -3180        -3178           16.782           0
         3        -3173        -3173            1.318           0
         4        -3175        -3170            5.677           0
         5        -3175        -3174            4.892           0
         6        -3173        -3172            2.735           0
         7        -3180        -3177            4.856           0
         8        -3173        -3173             1.04           0
         9        -3172        -3172            1.445           0
        10        -3173        -3171            3.758           0
        11        -3179        -3179            7.827           0
        12        -3175        -3173            2.245           0
        13        -3173        -3173            2.466           0
        14        -3174        -3174            3.407           0
        15        -3174        -3173            7.826           0
        16        -3173        -3173            1.706           0
        17        -3179        -3175            11.05           0
        18        -3172        -3172            1.995           0
        19        -3175        -3174           10.023           0
        20        -3175        -3174            3.043           0
        21        -3174        -3173            0.966           0
        22        -3175        -3174            3.279           0
        23        -3174        -3173            3.803           0
        24        -3174        -3172            1.864           0
        25        -3174        -3172            5.573           0
        26        -3173        -3173            1.438           0
        27        -3175        -3173            9.656           0
        28        -3170        -3169            6.479           0
        29        -3172        -3172            2.551           0
        30        -3172        -3169            8.297           0
        31        -3173        -3173            3.003           0
        33        -3175        -3170            8.098           0
        34        -3173        -3173            2.073           0
        35        -3179        -3176            8.059           0
        36        -3173        -3173            1.526           0
        37        -3173        -3170           14.599           0
        38        -3174        -3172            7.987           0
        39        -3175        -3175            1.001           0
        40        -3175        -3171            5.801           0
        41        -3181        -3177            4.526           0
        42        -3173        -3170            5.483           0
        43        -3174        -3173            1.739           0
        44        -3173        -3172            4.914           0
        45        -3173        -3172            1.704           0
        46        -3171        -3170            3.012           0
        47        -3171        -3170            3.421           0
        49        -3180        -3180            2.209           0
        50        -3173        -3173             1.73           0
        51        -3176        -3172            3.128           0
        52        -3182        -3181            8.149           0
        53        -3171        -3169            6.486           0
        54        -3175        -3173            3.209           0
        55        -3174        -3173            1.348           0
        56        -3173        -3172            2.059           0
        57        -3173        -3173            0.947           0
        58        -3170        -3169            3.802           0
        59        -3180        -3179             2.24           0
        60        -3170        -3169            4.422           0
        61        -3174        -3173            1.851           0
        62        -3175        -3173            7.318           0
        63        -3175        -3173             3.29           0
        64        -3174        -3172            2.712           0
        65        -3173        -3173            2.826           0
        66        -3172        -3170            6.551           0
        67        -3172        -3170            2.596           0
        68        -3174        -3173            3.635           0
        69        -3172        -3170            6.886           0
        70        -3174        -3173            1.866           0
        71        -3176        -3172             9.32           0
        72        -3180        -3176            9.948           0
        73        -3174        -3173            1.151           0
        74        -3180        -3174           11.029           0
        75        -3173        -3173             1.06           0
        76        -3173        -3173            0.306           0
        77        -3175        -3173            1.621           0
        78        -3180        -3177            4.691           0
        79        -3174        -3173            3.809           0
        80        -3173        -3173            2.202           0
        81        -3173        -3170            2.166           0
        82        -3174        -3172            4.834           0
        83        -3180        -3177           15.584           0
        84        -3181        -3175           16.741           0
        85        -3174        -3173            0.837           0
        86        -3177        -3175           14.691           0
        87        -3170        -3169            3.655           0
        88        -3175        -3172            5.631           0
        89        -3175        -3174            3.818           0
        90        -3171        -3169            6.256           0
        91        -3179        -3177            18.56           0
        93        -3177        -3174            8.073           0
        94        -3174        -3173            0.919           0
        95        -3174        -3173            5.723           0
        96        -3174        -3172             3.19           0
        97        -3174        -3171            6.604           0
        98        -3177        -3174             2.82           0
        99        -3177        -3174            5.265           0
       100        -3174        -3173            3.317           0
Candidate 7 dropped.
- Failed test 1: Too close to 41 in parameter space.
Candidate 8 dropped.
- Failed test 1: Too close to 3 in parameter space.
Candidate 12 dropped.
- Failed test 1: Too close to 73, 77 in parameter space.
Candidate 13 dropped.
- Failed test 1: Too close to 16, 34, 36 in parameter space.
Candidate 15 dropped.
- Failed test 1: Too close to 64 in parameter space.
Candidate 23 dropped.
- Failed test 1: Too close to 95, 100 in parameter space.
Candidate 30 dropped.
- Failed test 1: Too close to 60 in parameter space.
Candidate 36 dropped.
- Failed test 1: Too close to 16 in parameter space.
Candidate 50 dropped.
- Failed test 1: Too close to 31 in parameter space.
Candidate 51 dropped.
- Failed test 1: Too close to 24 in parameter space.
Candidate 58 dropped.
- Failed test 1: Too close to 28 in parameter space.
Candidate 68 dropped.
- Failed test 1: Too close to 76 in parameter space.
Candidate 73 dropped.
- Failed test 1: Too close to 77 in parameter space.
Candidate 77 dropped.
- Failed test 1: Too close to 13, 34 in parameter space.
Candidate 95 dropped.
- Failed test 1: Too close to 100 in parameter space.
Candidate 100 dropped.
- Failed test 1: Too close to 96 in parameter space.
Best candidate so far (LL=-3168.7)
             Value
asc_alt1_1 -0.6133
asc_alt1_2 -0.2532
asc_alt1_3  0.0497
asc_alt1_4  0.2890
asc_alt1_5  0.0624
asc_alt2_1 -2.6062
asc_alt2_2 -0.1308
asc_alt2_3 -0.1385
asc_alt2_4  0.1288
asc_alt2_5  0.2481
asc_alt3_1  0.0000
asc_alt3_2  0.0000
asc_alt3_3  0.0000
asc_alt3_4  0.0000
asc_alt3_5  0.0000
b_x1_1      6.0260
b_x1_2      0.9220
b_x1_3     -0.3231
b_x1_4      0.7493
b_x1_5      0.8587
b_x2_1     -1.3377
b_x2_2      0.6503
b_x2_3      0.0832
b_x2_4      0.9079
b_x2_5     -0.2198
b_x3_1      6.5370
b_x3_2      0.9177
b_x3_3      0.9967
b_x3_4      0.4155
b_x3_5     -0.2245
b_x4_1      2.0555
b_x4_2     -0.5833
b_x4_3      0.9287
b_x4_4      0.6554
b_x4_5      0.4306
b_price_1  -1.4883
b_price_2  -0.7053
b_price_3  -1.6046
b_price_4  -1.7680
b_price_5  -1.2549
delta_1    -2.3424
delta_2    -0.0403
delta_3     0.1371
delta_4     0.8037
delta_5     0.0000

Stage 4, 81 active candidates.
Estimating 20 BFGS iteration(s) for each active candidate.
 Candidate......LLstart.....LLfinish.....GradientNorm...Converged
         1        -3173        -3172            1.777           0
         2        -3178        -3175            2.068           0
         3        -3173        -3173            0.695           0
         4        -3170        -3169            3.183           0
         5        -3174        -3171            7.003           0
         6        -3172        -3172            4.926           0
         9        -3172        -3172            5.029           0
        10        -3171        -3170            0.876           0
        11        -3179        -3175           13.279           0
        14        -3174        -3173            1.954           0
        16        -3173        -3173            0.584           0
        17        -3175        -3173            1.703           0
        18        -3172        -3172            2.115           0
        19        -3174        -3171            8.123           0
        20        -3174        -3173            2.982           0
        21        -3173        -3173            0.931           1
        22        -3174        -3171            5.403           0
        24        -3172        -3172            2.655           0
        25        -3172        -3172            1.132           0
        26        -3173        -3173            1.823           0
        27        -3173        -3173            3.663           0
        28        -3169        -3168            1.762           0
        29        -3172        -3171            3.242           0
        31        -3173        -3173            1.092           0
        33        -3170        -3169            2.614           0
        34        -3173        -3173            1.358           0
        35        -3176        -3175            3.741           0
        37        -3170        -3168            3.331           0
        38        -3172        -3170            3.627           0
        39        -3175        -3175            0.925           0
        40        -3171        -3169            3.583           0
        41        -3177        -3176            6.394           0
        42        -3170        -3169            3.001           0
        43        -3173        -3172             2.93           0
        44        -3172        -3172             1.44           0
        45        -3172        -3172            1.878           0
        46        -3170        -3170              1.6           0
        47        -3170        -3170             0.48           0
        49        -3180        -3177           19.654           0
        52        -3181        -3179           14.452           0
        53        -3169        -3168            0.761           0
        54        -3173        -3172            3.207           0
        55        -3173        -3173            1.896           0
        56        -3172        -3172            1.515           0
        57        -3173        -3172            5.868           0
        59        -3179        -3178           14.676           0
        60        -3169        -3168            1.616           0
        61        -3173        -3173            6.077           0
        62        -3173        -3172            2.975           0
        63        -3173        -3173            1.309           0
        64        -3172        -3172            1.275           0
        65        -3173        -3172            4.098           0
        66        -3170        -3169            2.748           0
        67        -3170        -3169            3.417           0
        69        -3170        -3169            4.881           0
        70        -3173        -3173            7.353           0
        71        -3172        -3170             2.05           0
        72        -3176        -3174            4.083           0
        74        -3174        -3171            6.041           0
        75        -3173        -3173            0.866           0
        76        -3173        -3173             5.65           0
        78        -3177        -3176            7.195           0
        79        -3173        -3173            4.133           0
        80        -3173        -3173           11.665           0
        81        -3170        -3170             2.22           0
        82        -3172        -3172            1.271           0
        83        -3177        -3173            2.652           0
        84        -3175        -3171            5.251           0
        85        -3173        -3173              4.3           0
        86        -3175        -3172            3.105           0
        87        -3169        -3168            2.678           0
        88        -3172        -3170            3.183           0
        89        -3174        -3173            1.375           0
        90        -3169        -3169            3.347           0
        91        -3177        -3174            2.632           0
        93        -3174        -3172           11.408           0
        94        -3173        -3173            0.964           0
        96        -3172        -3172             2.49           0
        97        -3171        -3170            1.855           0
        98        -3174        -3171            5.982           0
        99        -3174        -3172            6.869           0
Candidate 9 dropped.
- Failed test 1: Too close to 29 in parameter space.
Candidate 24 dropped.
- Failed test 1: Too close to 56 in parameter space.
Candidate 33 dropped.
- Failed test 1: Too close to 42 in parameter space.
Candidate 34 dropped.
- Failed test 1: Too close to 16 in parameter space.
Candidate 40 dropped.
- Failed test 1: Too close to 4, 67 in parameter space.
Candidate 42 dropped.
- Failed test 1: Too close to 60, 90 in parameter space.
Candidate 61 dropped.
- Failed test 1: Too close to 26 in parameter space.
Candidate 67 dropped.
- Failed test 1: Too close to 4 in parameter space.
Candidate 90 dropped.
- Failed test 1: Too close to 60 in parameter space.
Best candidate so far (LL=-3167.8)
             Value
asc_alt1_1  0.2560
asc_alt1_2  0.6168
asc_alt1_3  0.0752
asc_alt1_4 -0.4801
asc_alt1_5  0.0356
asc_alt2_1  0.0622
asc_alt2_2  1.7984
asc_alt2_3 -0.1809
asc_alt2_4 -0.2631
asc_alt2_5  0.2285
asc_alt3_1  0.0000
asc_alt3_2  0.0000
asc_alt3_3  0.0000
asc_alt3_4  0.0000
asc_alt3_5  0.0000
b_x1_1      0.7599
b_x1_2      5.8747
b_x1_3     -0.3745
b_x1_4      0.8536
b_x1_5      0.8193
b_x2_1      0.8908
b_x2_2     -1.1081
b_x2_3      0.1558
b_x2_4      0.7804
b_x2_5     -0.1832
b_x3_1      0.4560
b_x3_2      5.8346
b_x3_3      1.0799
b_x3_4      1.0799
b_x3_5     -0.1075
b_x4_1      0.5990
b_x4_2     -1.6692
b_x4_3      0.8939
b_x4_4     -0.7682
b_x4_5      0.4175
b_price_1  -1.7235
b_price_2  -5.6107
b_price_3  -1.6607
b_price_4  -0.2173
b_price_5  -1.2560
delta_1     0.6901
delta_2    -2.6207
delta_3    -0.1430
delta_4    -0.7723
delta_5     0.0000

Stage 5, 71 active candidates.
Estimating 20 BFGS iteration(s) for each active candidate.
 Candidate......LLstart.....LLfinish.....GradientNorm...Converged
         1        -3172        -3172            3.141           0
         2        -3175        -3175            2.064           0
         3        -3173        -3173            0.716           0
         4        -3169        -3168            1.537           0
         5        -3171        -3170            1.974           0
         6        -3172        -3171            0.923           0
        10        -3170        -3170             3.09           0
        11        -3175        -3173            3.096           0
        14        -3173        -3173             3.11           0
        16        -3173        -3173            0.325           0
        17        -3173        -3173            3.326           0
        18        -3172        -3171            1.177           0
        19        -3171        -3170            2.321           0
        20        -3173        -3173            1.967           0
        22        -3171        -3170              2.2           0
        25        -3172        -3171            6.322           0
        26        -3173        -3173            2.346           0
        27        -3173        -3172            2.936           0
        28        -3168        -3168            1.392           0
        29        -3171        -3171            1.982           0
        31        -3173        -3173            1.788           0
        35        -3175        -3174            3.206           0
        37        -3168        -3167            2.786           0
        38        -3170        -3169              5.3           0
        39        -3175        -3175            1.802           0
        41        -3176        -3176            3.115           0
        43        -3172        -3172            3.467           0
        44        -3172        -3171            4.066           0
        45        -3172        -3171            0.893           0
        46        -3170        -3170            1.768           0
        47        -3170        -3170            2.838           0
        49        -3177        -3171             14.4           0
        52        -3179        -3177            4.466           0
        53        -3168        -3168            0.727           0
        54        -3172        -3172            1.567           0
        55        -3173        -3173            0.457           0
        56        -3172        -3171            1.335           0
        57        -3172        -3172             0.94           0
        59        -3178        -3172            6.257           0
        60        -3168        -3168            1.767           0
        62        -3172        -3171            2.284           0
        63        -3173        -3173             0.42           0
        64        -3172        -3171            4.235           0
        65        -3172        -3172            3.231           0
        66        -3169        -3168            1.432           0
        69        -3169        -3168            1.327           0
        70        -3173        -3172            0.949           0
        71        -3170        -3170            3.363           0
        72        -3174        -3171            4.263           0
        74        -3171        -3170            1.668           0
        75        -3173        -3173            1.998           0
        76        -3173        -3172            4.698           0
        78        -3176        -3175            7.574           0
        79        -3173        -3172            3.886           0
        80        -3173        -3171            1.985           0
        81        -3170        -3170            3.092           0
        82        -3172        -3171            2.959           0
        83        -3173        -3173            3.157           0
        84        -3171        -3170             4.07           0
        85        -3173        -3173            2.656           0
        86        -3172        -3171            1.899           0
        87        -3168        -3168            1.666           0
        88        -3170        -3170            1.456           0
        89        -3173        -3173             0.32           0
        91        -3174        -3173            6.284           0
        93        -3172        -3171            1.607           0
        94        -3173        -3173            1.486           0
        96        -3172        -3171            2.905           0
        97        -3170        -3170            2.878           0
        98        -3171        -3170            1.709           0
        99        -3172        -3172            1.647           0
Candidate 5 dropped.
- Failed test 1: Too close to 98 in parameter space.
Candidate 18 dropped.
- Failed test 1: Too close to 45 in parameter space.
Candidate 22 dropped.
- Failed test 1: Too close to 74 in parameter space.
Candidate 28 dropped.
- Failed test 1: Too close to 53 in parameter space.
Candidate 55 dropped.
- Failed test 1: Too close to 31 in parameter space.
Candidate 84 dropped.
- Failed test 1: Too close to 98 in parameter space.
Candidate 96 dropped.
- Failed test 1: Too close to 29 in parameter space.
Best candidate so far (LL=-3167)
             Value
asc_alt1_1  0.2383
asc_alt1_2  0.9076
asc_alt1_3  0.0598
asc_alt1_4 -0.4650
asc_alt1_5  0.0249
asc_alt2_1  0.0644
asc_alt2_2  2.6493
asc_alt2_3 -0.1663
asc_alt2_4 -0.3438
asc_alt2_5  0.2345
asc_alt3_1  0.0000
asc_alt3_2  0.0000
asc_alt3_3  0.0000
asc_alt3_4  0.0000
asc_alt3_5  0.0000
b_x1_1      0.7657
b_x1_2      7.0832
b_x1_3     -0.3722
b_x1_4      0.7833
b_x1_5      0.8136
b_x2_1      0.8624
b_x2_2     -1.6202
b_x2_3      0.1042
b_x2_4      0.8906
b_x2_5     -0.1564
b_x3_1      0.4723
b_x3_2      7.4100
b_x3_3      1.0599
b_x3_4      1.1069
b_x3_5     -0.1148
b_x4_1      0.5506
b_x4_2     -1.7752
b_x4_3      0.9723
b_x4_4     -0.9010
b_x4_5      0.4066
b_price_1  -1.6941
b_price_2  -7.8135
b_price_3  -1.6132
b_price_4  -0.0626
b_price_5  -1.2654
delta_1     0.7410
delta_2    -2.6245
delta_3    -0.1987
delta_4    -0.9748
delta_5     0.0000
Several observations per individual detected based on the value of ID.
  Setting panelData in apollo_control set to TRUE.
With setting noValidation=TRUE in apollo_control, your model code will
  not be validated prior to estimation. This may of course be
  deliberate for large models or models with many components.
All checks on apollo_control completed.
All checks on database completed.
INFORMATION: The use of apollo_lcEM has a number of requirements. No checks are run
  for these, so the user needs to ensure these conditions are met by
  their model: 
1: This function is only suitable for single component models, i.e. no
  use of apollo_combineModels or manual multiplication of model
  components.
2: Any parameters that vary across classes need to be included in the
  definition of random parameters in apollo_lcPars.
3: The entries in the lists in apollo_lcPars need to be individual
  parameters, not functions thereof.

Validating inputs of likelihood function (apollo_probabilities)

Initialising EM algorithm
Starting iteration: 1
- Current LL : -3357.217
- New LL     : -3198.465
- Improvement: 158.7523

Starting iteration: 2
- Current LL : -3198.465
- New LL     : -3196.738
- Improvement: 1.726953

Starting iteration: 3
- Current LL : -3196.738
- New LL     : -3195.671
- Improvement: 1.067606

Starting iteration: 4
- Current LL : -3195.671
- New LL     : -3194.845
- Improvement: 0.8258902

Starting iteration: 5
- Current LL : -3194.845
- New LL     : -3193.975
- Improvement: 0.8693535

Starting iteration: 6
- Current LL : -3193.975
- New LL     : -3192.89
- Improvement: 1.085337

Starting iteration: 7
- Current LL : -3192.89
- New LL     : -3191.516
- Improvement: 1.373615

Starting iteration: 8
- Current LL : -3191.516
- New LL     : -3189.887
- Improvement: 1.629499

Starting iteration: 9
- Current LL : -3189.887
- New LL     : -3188.102
- Improvement: 1.784667

Starting iteration: 10
- Current LL : -3188.102
- New LL     : -3186.232
- Improvement: 1.870273

Starting iteration: 11
- Current LL : -3186.232
- New LL     : -3184.249
- Improvement: 1.982839

Starting iteration: 12
- Current LL : -3184.249
- New LL     : -3182.105
- Improvement: 2.144449

Starting iteration: 13
- Current LL : -3182.105
- New LL     : -3179.871
- Improvement: 2.233965

Starting iteration: 14
- Current LL : -3179.871
- New LL     : -3177.805
- Improvement: 2.066028

Starting iteration: 15
- Current LL : -3177.805
- New LL     : -3176.196
- Improvement: 1.608727

Starting iteration: 16
- Current LL : -3176.196
- New LL     : -3175.125
- Improvement: 1.070674

Starting iteration: 17
- Current LL : -3175.125
- New LL     : -3174.467
- Improvement: 0.6580036

Starting iteration: 18
- Current LL : -3174.467
- New LL     : -3174.061
- Improvement: 0.4062687

Starting iteration: 19
- Current LL : -3174.061
- New LL     : -3173.797
- Improvement: 0.2643836

Starting iteration: 20
- Current LL : -3173.797
- New LL     : -3173.615
- Improvement: 0.1817432

Starting iteration: 21
- Current LL : -3173.615
- New LL     : -3173.482
- Improvement: 0.1323796

Starting iteration: 22
- Current LL : -3173.482
- New LL     : -3173.382
- Improvement: 0.1000583

Starting iteration: 23
- Current LL : -3173.382
- New LL     : -3173.304
- Improvement: 0.07852188

Starting iteration: 24
- Current LL : -3173.304
- New LL     : -3173.241
- Improvement: 0.06317149

Starting iteration: 25
- Current LL : -3173.241
- New LL     : -3173.189
- Improvement: 0.05220514

Starting iteration: 26
- Current LL : -3173.189
- New LL     : -3173.145
- Improvement: 0.04389376

Starting iteration: 27
- Current LL : -3173.145
- New LL     : -3173.107
- Improvement: 0.03781555

Starting iteration: 28
- Current LL : -3173.107
- New LL     : -3173.073
- Improvement: 0.03333621

Starting iteration: 29
- Current LL : -3173.073
- New LL     : -3173.044
- Improvement: 0.02950722

Starting iteration: 30
- Current LL : -3173.044
- New LL     : -3173.017
- Improvement: 0.02665858

Starting iteration: 31
- Current LL : -3173.017
- New LL     : -3172.993
- Improvement: 0.02431655

Starting iteration: 32
- Current LL : -3172.993
- New LL     : -3172.971
- Improvement: 0.02238472

Starting iteration: 33
- Current LL : -3172.971
- New LL     : -3172.95
- Improvement: 0.02094511

Starting iteration: 34
- Current LL : -3172.95
- New LL     : -3172.93
- Improvement: 0.01982911

Starting iteration: 35
- Current LL : -3172.93
- New LL     : -3172.911
- Improvement: 0.01884591

Starting iteration: 36
- Current LL : -3172.911
- New LL     : -3172.892
- Improvement: 0.01851731

Starting iteration: 37
- Current LL : -3172.892
- New LL     : -3172.875
- Improvement: 0.0175948

Starting iteration: 38
- Current LL : -3172.875
- New LL     : -3172.858
- Improvement: 0.0170773

Starting iteration: 39
- Current LL : -3172.858
- New LL     : -3172.841
- Improvement: 0.01670615

Starting iteration: 40
- Current LL : -3172.841
- New LL     : -3172.824
- Improvement: 0.01661059

Starting iteration: 41
- Current LL : -3172.824
- New LL     : -3172.809
- Improvement: 0.01597323

Starting iteration: 42
- Current LL : -3172.809
- New LL     : -3172.793
- Improvement: 0.0158043

Starting iteration: 43
- Current LL : -3172.793
- New LL     : -3172.777
- Improvement: 0.01570381

Starting iteration: 44
- Current LL : -3172.777
- New LL     : -3172.762
- Improvement: 0.01540611

Starting iteration: 45
- Current LL : -3172.762
- New LL     : -3172.746
- Improvement: 0.01529479

Starting iteration: 46
- Current LL : -3172.746
- New LL     : -3172.731
- Improvement: 0.01524054

Starting iteration: 47
- Current LL : -3172.731
- New LL     : -3172.716
- Improvement: 0.01534817

Starting iteration: 48
- Current LL : -3172.716
- New LL     : -3172.7
- Improvement: 0.01535436

Starting iteration: 49
- Current LL : -3172.7
- New LL     : -3172.685
- Improvement: 0.01531808

Starting iteration: 50
- Current LL : -3172.685
- New LL     : -3172.67
- Improvement: 0.01493845

Starting iteration: 51
- Current LL : -3172.67
- New LL     : -3172.655
- Improvement: 0.01500981

Starting iteration: 52
- Current LL : -3172.655
- New LL     : -3172.64
- Improvement: 0.01482658

Starting iteration: 53
- Current LL : -3172.64
- New LL     : -3172.626
- Improvement: 0.01464665

Starting iteration: 54
- Current LL : -3172.626
- New LL     : -3172.611
- Improvement: 0.01472326

Starting iteration: 55
- Current LL : -3172.611
- New LL     : -3172.596
- Improvement: 0.01462675

Starting iteration: 56
- Current LL : -3172.596
- New LL     : -3172.582
- Improvement: 0.0143871

Starting iteration: 57
- Current LL : -3172.582
- New LL     : -3172.568
- Improvement: 0.01420697

Starting iteration: 58
- Current LL : -3172.568
- New LL     : -3172.554
- Improvement: 0.01400514

Starting iteration: 59
- Current LL : -3172.554
- New LL     : -3172.54
- Improvement: 0.01363301

Starting iteration: 60
- Current LL : -3172.54
- New LL     : -3172.526
- Improvement: 0.01363758

Starting iteration: 61
- Current LL : -3172.526
- New LL     : -3172.513
- Improvement: 0.01338708

Starting iteration: 62
- Current LL : -3172.513
- New LL     : -3172.5
- Improvement: 0.01318554

Starting iteration: 63
- Current LL : -3172.5
- New LL     : -3172.487
- Improvement: 0.01287961

Starting iteration: 64
- Current LL : -3172.487
- New LL     : -3172.474
- Improvement: 0.01259156

Starting iteration: 65
- Current LL : -3172.474
- New LL     : -3172.462
- Improvement: 0.01210466

Starting iteration: 66
- Current LL : -3172.462
- New LL     : -3172.45
- Improvement: 0.01193914

Starting iteration: 67
- Current LL : -3172.45
- New LL     : -3172.439
- Improvement: 0.01155751

Starting iteration: 68
- Current LL : -3172.439
- New LL     : -3172.427
- Improvement: 0.01130087

Starting iteration: 69
- Current LL : -3172.427
- New LL     : -3172.416
- Improvement: 0.01099156

Starting iteration: 70
- Current LL : -3172.416
- New LL     : -3172.406
- Improvement: 0.01068153

Starting iteration: 71
- Current LL : -3172.406
- New LL     : -3172.395
- Improvement: 0.01039282

Starting iteration: 72
- Current LL : -3172.395
- New LL     : -3172.385
- Improvement: 0.01011276

Starting iteration: 73
- Current LL : -3172.385
- New LL     : -3172.375
- Improvement: 0.009810974

Starting iteration: 74
- Current LL : -3172.375
- New LL     : -3172.366
- Improvement: 0.009543909

Starting iteration: 75
- Current LL : -3172.366
- New LL     : -3172.357
- Improvement: 0.009268551

Starting iteration: 76
- Current LL : -3172.357
- New LL     : -3172.348
- Improvement: 0.008940139

Starting iteration: 77
- Current LL : -3172.348
- New LL     : -3172.339
- Improvement: 0.008802627

Starting iteration: 78
- Current LL : -3172.339
- New LL     : -3172.33
- Improvement: 0.008671783

Starting iteration: 79
- Current LL : -3172.33
- New LL     : -3172.322
- Improvement: 0.00822575

Starting iteration: 80
- Current LL : -3172.322
- New LL     : -3172.314
- Improvement: 0.00786567

Starting iteration: 81
- Current LL : -3172.314
- New LL     : -3172.306
- Improvement: 0.007810031

Starting iteration: 82
- Current LL : -3172.306
- New LL     : -3172.299
- Improvement: 0.00739175

Starting iteration: 83
- Current LL : -3172.299
- New LL     : -3172.292
- Improvement: 0.007271104

Starting iteration: 84
- Current LL : -3172.292
- New LL     : -3172.285
- Improvement: 0.006915566

Starting iteration: 85
- Current LL : -3172.285
- New LL     : -3172.278
- Improvement: 0.006717693

Starting iteration: 86
- Current LL : -3172.278
- New LL     : -3172.272
- Improvement: 0.006395515

Starting iteration: 87
- Current LL : -3172.272
- New LL     : -3172.265
- Improvement: 0.006327915

Starting iteration: 88
- Current LL : -3172.265
- New LL     : -3172.259
- Improvement: 0.005994725

Starting iteration: 89
- Current LL : -3172.259
- New LL     : -3172.254
- Improvement: 0.005768509

Starting iteration: 90
- Current LL : -3172.254
- New LL     : -3172.248
- Improvement: 0.005533103

Starting iteration: 91
- Current LL : -3172.248
- New LL     : -3172.243
- Improvement: 0.005389955

Starting iteration: 92
- Current LL : -3172.243
- New LL     : -3172.237
- Improvement: 0.005161609

Starting iteration: 93
- Current LL : -3172.237
- New LL     : -3172.232
- Improvement: 0.005029497

Starting iteration: 94
- Current LL : -3172.232
- New LL     : -3172.228
- Improvement: 0.004912921

Starting iteration: 95
- Current LL : -3172.228
- New LL     : -3172.223
- Improvement: 0.004611684

Starting iteration: 96
- Current LL : -3172.223
- New LL     : -3172.218
- Improvement: 0.004524529

Starting iteration: 97
- Current LL : -3172.218
- New LL     : -3172.214
- Improvement: 0.004207659

Starting iteration: 98
- Current LL : -3172.214
- New LL     : -3172.21
- Improvement: 0.004158977

Starting iteration: 99
- Current LL : -3172.21
- New LL     : -3172.206
- Improvement: 0.003962153

Starting iteration: 100
- Current LL : -3172.206
- New LL     : -3172.202
- Improvement: 0.003859012

EM algorithm stopped: maximum number of iterations reached!
No covariance matrix will be computed as convergence has not been
  reached. You may call apollo_addCovariance(model,apollo_inputs) to
  compute a covariance matrix at the current estimates.
[13:54:07]   done hard_corr|seed2 : gaps  klue_ml=+0.00  klue_em=-0.00  apollo_searchStart=-2.59  apollo_lcEM=-8.89  gmnl_lc=-8.20  apollo_ss_published=-2.59
[13:54:07] RUN  hard_corr|seed3  (K=5 kap=0.50 sig=0.30 corr=0.6)  arms: apollo_searchStart, apollo_lcEM
Several observations per individual detected based on the value of ID.
  Setting panelData in apollo_control set to TRUE.
All checks on apollo_control completed.
All checks on database completed.
Testing probability function (apollo_probabilities)
Apollo found a model component of type classAlloc without a
  componentName. The name was set to "classAlloc" by default.
INFORMATION: Setting "avail" is missing, so full availability is assumed. 
Apollo found a model component of type MNL without a componentName. The
  name was set to "Class_1" by default.
Apollo found a model component of type MNL without a componentName. The
  name was set to "Class_2" by default.
Apollo found a model component of type MNL without a componentName. The
  name was set to "Class_3" by default.
Apollo found a model component of type MNL without a componentName. The
  name was set to "Class_4" by default.
Apollo found a model component of type MNL without a componentName. The
  name was set to "Class_5" by default.
Pre-processing likelihood function...
INFORMATION: Apollo was not able to compute analytical gradients for your model.
  This could be because you are using model components for which
  analytical gradients are not yet implemented, or because you coded
  your own model functions. If however you only used apollo_mnl,
  apollo_fmnl, apollo_normalDensity, apollo_ol or apollo_op, then there
  could be another issue. You might want to ask for help in the Apollo
  forum (http://www.apollochoicemodelling.com/forum) on how to solve
  this issue. If you do, please post your code and data (if not
  confidential). 
Creating initial set of 100 candidate values.
Calculating LL of candidates 0%....50%.....100%

Stage 1, 100 active candidates.
Estimating 20 BFGS iteration(s) for each active candidate.
 Candidate......LLstart.....LLfinish.....GradientNorm...Converged
         1        -3377        -3185           10.758           0
         2        -3368        -3187           20.808           0
         3        -3386        -3189           14.668           0
         4        -3399        -3188           18.985           0
         5        -3394        -3202           34.876           0
         6        -3381        -3188           10.276           0
         7        -3362        -3187           22.037           0
         8        -3382        -3185           13.466           0
         9        -3362        -3185           15.299           0
        10        -3382        -3187           14.132           0
        11        -3358        -3187            13.72           0
        12        -3371        -3185           17.245           0
        13        -3354        -3186           18.664           0
        14        -3382        -3185           19.529           0
        15        -3373        -3185            9.668           0
        16        -3385        -3186           19.309           0
        17        -3365        -3194           23.705           0
        18        -3383        -3185           19.007           0
        19        -3387        -3185            9.913           0
        20        -3395        -3191            9.625           0
        21        -3365        -3187           16.368           0
        22        -3412        -3193           14.574           0
        23        -3364        -3189           23.928           0
        24        -3372        -3188           22.227           0
        25        -3376        -3190           22.349           0
        26        -3391        -3183           16.709           0
        27        -3362        -3184           15.091           0
        28        -3389        -3192           22.779           0
        29        -3370        -3187           16.892           0
        30        -3368        -3188           16.069           0
        31        -3371        -3184            15.66           0
        32        -3384        -3188            16.78           0
        33        -3377        -3191           19.276           0
        34        -3391        -3189             13.9           0
        35        -3355        -3188            22.03           0
        36        -3379        -3187           21.705           0
        37        -3347        -3189           32.889           0
        38        -3375        -3185           17.159           0
        39        -3370        -3189           21.231           0
        40        -3395        -3186           16.316           0
        41        -3354        -3185           14.478           0
        42        -3402        -3192           27.462           0
        43        -3385        -3187               17           0
        44        -3363        -3185           17.547           0
        45        -3384        -3188           17.936           0
        46        -3398        -3190           30.782           0
        47        -3350        -3184            20.87           0
        48        -3375        -3189            9.606           0
        49        -3415        -3189           14.651           0
        50        -3368        -3185           12.519           0
        51        -3359        -3192           20.574           0
        52        -3375        -3186           23.574           0
        53        -3373        -3189           26.668           0
        54        -3368        -3187           13.191           0
        55        -3384        -3192           28.193           0
        56        -3359        -3185            14.43           0
        57        -3384        -3188           18.181           0
        58        -3398        -3188            24.65           0
        59        -3368        -3184           12.148           0
        60        -3398        -3187           14.196           0
        61        -3383        -3185           15.573           0
        62        -3370        -3189           23.432           0
        63        -3376        -3186           15.391           0
        64        -3372        -3191           17.722           0
        65        -3389        -3186           15.911           0
        66        -3386        -3192           23.719           0
        67        -3386        -3189           15.865           0
        68        -3390        -3183           12.704           0
        69        -3382        -3190           15.142           0
        70        -3376        -3188           17.785           0
        71        -3399        -3185           10.125           0
        72        -3380        -3187           16.414           0
        73        -3392        -3190           15.577           0
        74        -3377        -3194             26.1           0
        75        -3363        -3191           15.043           0
        76        -3371        -3183           15.257           0
        77        -3401        -3189           28.459           0
        78        -3377        -3190           24.152           0
        79        -3397        -3185           16.212           0
        80        -3398        -3191           17.579           0
        81        -3397        -3185           11.899           0
        82        -3329        -3190           13.497           0
        83        -3401        -3187           13.823           0
        84        -3399        -3190           27.097           0
        85        -3383        -3185           12.318           0
        86        -3372        -3190           14.816           0
        87        -3389        -3185           13.889           0
        88        -3387        -3185            8.833           0
        89        -3377        -3187           13.489           0
        90        -3393        -3188           17.415           0
        91        -3372        -3183            10.97           0
        92        -3378        -3191           16.239           0
        93        -3352        -3186           15.548           0
        94        -3378        -3184           12.261           0
        95        -3394        -3189           25.881           0
        96        -3376        -3198           22.572           0
        97        -3387        -3184           13.468           0
        98        -3388        -3191           17.102           0
        99        -3358        -3188           14.388           0
       100        -3367        -3184           14.557           0
Best candidate so far (LL=-3183)
             Value
asc_alt1_1  0.1240
asc_alt1_2  0.0306
asc_alt1_3 -0.1229
asc_alt1_4 -0.0352
asc_alt1_5 -0.3079
asc_alt2_1 -0.0764
asc_alt2_2 -0.1608
asc_alt2_3 -0.0271
asc_alt2_4 -0.0789
asc_alt2_5  0.3846
asc_alt3_1  0.0000
asc_alt3_2  0.0000
asc_alt3_3  0.0000
asc_alt3_4  0.0000
asc_alt3_5  0.0000
b_x1_1      2.2688
b_x1_2      0.0164
b_x1_3      0.0129
b_x1_4      0.8749
b_x1_5      1.9643
b_x2_1      2.6374
b_x2_2      0.5102
b_x2_3     -0.2933
b_x2_4      0.8639
b_x2_5     -0.9775
b_x3_1      2.0241
b_x3_2      0.8744
b_x3_3      0.7783
b_x3_4      0.1309
b_x3_5     -0.8474
b_x4_1      0.8315
b_x4_2      1.1476
b_x4_3      0.5545
b_x4_4     -0.1743
b_x4_5      0.5240
b_price_1  -4.8145
b_price_2  -1.0522
b_price_3  -1.2530
b_price_4  -1.7558
b_price_5  -2.1597
delta_1    -0.0228
delta_2     1.7034
delta_3     1.1557
delta_4     2.0486
delta_5     0.0000

Stage 2, 100 active candidates.
Estimating 20 BFGS iteration(s) for each active candidate.
 Candidate......LLstart.....LLfinish.....GradientNorm...Converged
         1        -3185        -3181            3.391           0
         2        -3187        -3182            7.325           0
         3        -3189        -3183             9.12           0
         4        -3188        -3180            7.915           0
         5        -3202        -3190           16.593           0
         6        -3188        -3181            9.238           0
         7        -3187        -3181            5.052           0
         8        -3185        -3181            6.517           0
         9        -3185        -3181             4.68           0
        10        -3187        -3184            4.127           0
        11        -3187        -3181            3.093           0
        12        -3185        -3181            8.958           0
        13        -3186        -3181            2.526           0
        14        -3185        -3181            2.238           0
        15        -3185        -3181            4.673           0
        16        -3186        -3179            7.342           0
        17        -3194        -3184           18.428           0
        18        -3185        -3180            5.073           0
        19        -3185        -3184            3.926           0
        20        -3191        -3184           16.323           0
        21        -3187        -3180            9.207           0
        22        -3193        -3189           17.628           0
        23        -3189        -3181            6.913           0
        24        -3188        -3183           10.687           0
        25        -3190        -3181            6.723           0
        26        -3183        -3181            2.125           0
        27        -3184        -3177            7.272           0
        28        -3192        -3184           11.118           0
        29        -3187        -3180             4.69           0
        30        -3188        -3181            7.142           0
        31        -3184        -3180            3.028           0
        32        -3188        -3184            5.778           0
        33        -3191        -3181             7.22           0
        34        -3189        -3181            8.492           0
        35        -3188        -3179            6.776           0
        36        -3187        -3181            4.146           0
        37        -3189        -3180           10.895           0
        38        -3185        -3181            3.937           0
        39        -3189        -3179           16.762           0
        40        -3186        -3181            4.232           0
        41        -3185        -3182            3.614           0
        42        -3192        -3185            2.742           0
        43        -3187        -3185            1.396           0
        44        -3185        -3180            2.268           0
        45        -3188        -3182            4.862           0
        46        -3190        -3182            5.045           0
        47        -3184        -3177            9.686           0
        48        -3189        -3186           15.403           0
        49        -3189        -3184            2.839           0
        50        -3185        -3181            5.742           0
        51        -3192        -3184            9.171           0
        52        -3186        -3180            5.985           0
        53        -3189        -3181            9.693           0
        54        -3187        -3184            5.313           0
        55        -3192        -3186            15.65           0
        56        -3185        -3180            6.258           0
        57        -3188        -3184            6.375           0
        58        -3188        -3181            2.093           0
        59        -3184        -3181            2.541           0
        60        -3187        -3181            7.921           0
        61        -3185        -3181            2.971           0
        62        -3189        -3182             5.62           0
        63        -3186        -3181            3.293           0
        64        -3191        -3186           10.381           0
        65        -3186        -3181            2.277           0
        66        -3192        -3185            3.472           0
        67        -3189        -3181            8.813           0
        68        -3183        -3181            2.089           0
        69        -3190        -3185             3.04           0
        70        -3188        -3180            4.154           0
        71        -3185        -3181            4.772           0
        72        -3187        -3182            8.573           0
        73        -3190        -3181           12.034           0
        74        -3194        -3183           12.336           0
        75        -3191        -3182            7.129           0
        76        -3183        -3181            2.271           0
        77        -3189        -3181            6.086           0
        78        -3190        -3183            6.079           0
        79        -3185        -3182            6.791           0
        80        -3191        -3185             3.91           0
        81        -3185        -3183             4.17           0
        82        -3190        -3181            3.837           0
        83        -3187        -3185            0.602           0
        84        -3190        -3183            8.974           0
        85        -3185        -3181            4.049           0
        86        -3190        -3182            10.21           0
        87        -3185        -3181            4.653           0
        88        -3185        -3183            2.812           0
        89        -3187        -3181            7.142           0
        90        -3188        -3184            4.913           0
        91        -3183        -3181            2.022           0
        92        -3191        -3185             6.22           0
        93        -3186        -3183           12.234           0
        94        -3184        -3181            1.775           0
        95        -3189        -3184            4.949           0
        96        -3198        -3187            9.236           0
        97        -3184        -3181            3.513           0
        98        -3191        -3181            8.289           0
        99        -3188        -3182             8.52           0
       100        -3184        -3181            3.621           0
Candidate 1 dropped.
- Failed test 1: Too close to 68 in parameter space.
Candidate 6 dropped.
- Failed test 1: Too close to 26 in parameter space.
Candidate 7 dropped.
- Failed test 1: Too close to 59, 94, 97 in parameter space.
Candidate 10 dropped.
- Failed test 1: Too close to 81 in parameter space.
Candidate 12 dropped.
- Failed test 1: Too close to 77 in parameter space.
Candidate 30 dropped.
- Failed test 1: Too close to 87 in parameter space.
Candidate 33 dropped.
- Failed test 1: Too close to 36 in parameter space.
Candidate 36 dropped.
- Failed test 1: Too close to 15 in parameter space.
Candidate 41 dropped.
- Failed test 1: Too close to 61 in parameter space.
Candidate 49 dropped.
- Failed test 1: Too close to 10 in parameter space.
Candidate 58 dropped.
- Failed test 1: Too close to 65 in parameter space.
Candidate 59 dropped.
- Failed test 1: Too close to 94 in parameter space.
Candidate 60 dropped.
- Failed test 1: Too close to 30, 87 in parameter space.
Candidate 73 dropped.
- Failed test 1: Too close to 59, 94, 97 in parameter space.
Candidate 87 dropped.
- Failed test 1: Too close to 76 in parameter space.
Candidate 93 dropped.
- Failed test 1: Too close to 72, 89 in parameter space.
Candidate 97 dropped.
- Failed test 1: Too close to 59, 94 in parameter space.
Best candidate so far (LL=-3176.8)
             Value
asc_alt1_1  0.3744
asc_alt1_2 -0.1374
asc_alt1_3  0.1057
asc_alt1_4 -1.1220
asc_alt1_5  0.0054
asc_alt2_1  0.1593
asc_alt2_2 -0.1404
asc_alt2_3  0.0595
asc_alt2_4 -1.6359
asc_alt2_5  0.4350
asc_alt3_1  0.0000
asc_alt3_2  0.0000
asc_alt3_3  0.0000
asc_alt3_4  0.0000
asc_alt3_5  0.0000
b_x1_1      1.0833
b_x1_2     -0.0213
b_x1_3      1.0057
b_x1_4      0.6187
b_x1_5      1.4178
b_x2_1      1.3968
b_x2_2      0.0776
b_x2_3      0.7113
b_x2_4      3.2160
b_x2_5     -0.8639
b_x3_1      1.0924
b_x3_2      0.7634
b_x3_3      0.2296
b_x3_4     -1.1802
b_x3_5     -0.7452
b_x4_1      1.0096
b_x4_2      0.8673
b_x4_3     -0.2489
b_x4_4     -0.0078
b_x4_5      0.5714
b_price_1  -2.1693
b_price_2  -1.0744
b_price_3  -1.9567
b_price_4  -1.1441
b_price_5  -1.8346
delta_1     0.5710
delta_2     1.7106
delta_3     1.5863
delta_4    -0.9768
delta_5     0.0000

Stage 3, 83 active candidates.
Estimating 20 BFGS iteration(s) for each active candidate.
 Candidate......LLstart.....LLfinish.....GradientNorm...Converged
         2        -3182        -3181            3.893           0
         3        -3183        -3181            6.396           0
         4        -3180        -3180            0.912           0
         5        -3190        -3183            4.828           0
         8        -3181        -3180            1.907           0
         9        -3181        -3180            4.519           0
        11        -3181        -3180            2.884           0
        13        -3181        -3180            3.074           0
        14        -3181        -3180            9.542           0
        15        -3181        -3181            1.851           0
        16        -3179        -3176            6.439           0
        17        -3184        -3180            2.437           0
        18        -3180        -3178            4.275           0
        19        -3184        -3183            2.734           0
        20        -3184        -3181            2.117           0
        21        -3180        -3178            2.167           0
        22        -3189        -3184            6.113           0
        23        -3181        -3180            3.389           0
        24        -3183        -3181            4.225           0
        25        -3181        -3180            3.143           0
        26        -3181        -3181            0.392           0
        27        -3177        -3176            1.605           0
        28        -3184        -3181            7.558           0
        29        -3180        -3180            3.753           0
        31        -3180        -3180            4.468           0
        32        -3184        -3183            1.638           0
        34        -3181        -3180            2.526           0
        35        -3179        -3178            1.561           0
        37        -3180        -3178            4.758           0
        38        -3181        -3181            1.105           0
        39        -3179        -3176            3.355           0
        40        -3181        -3180            3.651           0
        42        -3185        -3184            2.703           0
        43        -3185        -3185            1.405           0
        44        -3180        -3180            3.387           0
        45        -3182        -3181            2.541           0
        46        -3182        -3181            3.109           0
        47        -3177        -3176            6.451           0
        48        -3186        -3183            6.463           0
        50        -3181        -3181            2.923           0
        51        -3184        -3180             6.39           0
        52        -3180        -3180            1.332           0
        53        -3181        -3180            2.151           0
        54        -3184        -3183            10.64           0
        55        -3186        -3185            1.516           0
        56        -3180        -3180            2.501           0
        57        -3184        -3182           12.937           0
        61        -3181        -3181            1.674           0
        62        -3182        -3180            5.755           0
        63        -3181        -3181            0.692           0
        64        -3186        -3184            2.591           0
        65        -3181        -3180            7.172           0
        66        -3185        -3185            0.166           0
        67        -3181        -3181            0.805           0
        68        -3181        -3180            1.833           0
        69        -3185        -3185            8.118           0
        70        -3180        -3180            1.705           0
        71        -3181        -3180            4.468           0
        72        -3182        -3180            5.049           0
        74        -3183        -3181            9.329           0
        75        -3182        -3180            2.601           0
        76        -3181        -3181            3.112           0
        77        -3181        -3180            0.701           0
        78        -3183        -3180            5.497           0
        79        -3182        -3180            2.002           0
        80        -3185        -3185            3.683           0
        81        -3183        -3183            7.013           0
        82        -3181        -3180           11.686           0
        83        -3185        -3184            7.662           0
        84        -3183        -3180              5.2           0
        85        -3181        -3181             0.58           0
        86        -3182        -3181            4.315           0
        88        -3183        -3183            1.888           0
        89        -3181        -3180            6.603           0
        90        -3184        -3183            6.064           0
        91        -3181        -3181            3.499           0
        92        -3185        -3181           10.897           0
        94        -3181        -3181            0.263           1
        95        -3184        -3184            2.781           0
        96        -3187        -3185            2.154           0
        98        -3181        -3180            4.589           0
        99        -3182        -3180            2.435           0
       100        -3181        -3181            0.931           0
Candidate 2 dropped.
- Failed test 1: Too close to 46 in parameter space.
Candidate 8 dropped.
- Failed test 1: Too close to 79 in parameter space.
Candidate 9 dropped.
- Failed test 1: Too close to 29 in parameter space.
Candidate 13 dropped.
- Failed test 1: Too close to 70 in parameter space.
Candidate 20 dropped.
- Failed test 1: Too close to 26 in parameter space.
Candidate 25 dropped.
- Failed test 1: Too close to 40 in parameter space.
Candidate 28 dropped.
- Failed test 1: Too close to 46, 68 in parameter space.
Candidate 29 dropped.
- Failed test 1: Too close to 52 in parameter space.
Candidate 46 dropped.
- Failed test 1: Too close to 68 in parameter space.
Candidate 72 dropped.
- Failed test 1: Too close to 25, 40 in parameter space.
Best candidate so far (LL=-3175.6)
             Value
asc_alt1_1 -1.2961
asc_alt1_2  0.3880
asc_alt1_3  0.0350
asc_alt1_4 -0.1431
asc_alt1_5 -0.0009
asc_alt2_1  4.1001
asc_alt2_2  0.0798
asc_alt2_3 -0.0999
asc_alt2_4 -0.1166
asc_alt2_5  0.4363
asc_alt3_1  0.0000
asc_alt3_2  0.0000
asc_alt3_3  0.0000
asc_alt3_4  0.0000
asc_alt3_5  0.0000
b_x1_1      3.0390
b_x1_2      0.8939
b_x1_3      0.8759
b_x1_4      0.0052
b_x1_5      1.7414
b_x2_1      7.9616
b_x2_2      1.1766
b_x2_3      0.8624
b_x2_4      0.0387
b_x2_5     -0.8928
b_x3_1      2.1503
b_x3_2      0.9481
b_x3_3      0.1129
b_x3_4      0.7871
b_x3_5     -0.9568
b_x4_1     -2.7452
b_x4_2      1.0969
b_x4_3     -0.1923
b_x4_4      0.7855
b_x4_5      0.7487
b_price_1  -0.5821
b_price_2  -2.0552
b_price_3  -1.8216
b_price_4  -1.0764
b_price_5  -1.9921
delta_1    -1.3409
delta_2     0.9699
delta_3     1.9378
delta_4     1.9938
delta_5     0.0000

Stage 4, 72 active candidates.
Estimating 20 BFGS iteration(s) for each active candidate.
 Candidate......LLstart.....LLfinish.....GradientNorm...Converged
         3        -3181        -3180           11.226           0
         4        -3180        -3180            0.376           0
         5        -3183        -3182            3.335           0
        11        -3180        -3180            6.444           0
        14        -3180        -3176            6.524           0
        15        -3181        -3180            4.858           0
        16        -3176        -3175            4.711           0
        17        -3180        -3180            1.401           0
        18        -3178        -3178            3.091           0
        19        -3183        -3182           10.514           0
        21        -3178        -3178            2.794           0
        22        -3184        -3184            3.405           0
        23        -3180        -3179            5.343           0
        24        -3181        -3180            3.942           0
        26        -3181        -3181            0.627           1
        27        -3176        -3176            0.376           0
        31        -3180        -3179            1.415           0
        32        -3183        -3183            5.676           0
        34        -3180        -3180            1.179           0
        35        -3178        -3178            3.225           0
        37        -3178        -3177            6.311           0
        38        -3181        -3180            7.036           0
        39        -3176        -3176            2.133           0
        40        -3180        -3179            5.436           0
        42        -3184        -3183            2.354           0
        43        -3185        -3185              5.3           0
        44        -3180        -3180            8.775           0
        45        -3181        -3180            5.151           0
        47        -3176        -3174            6.062           0
        48        -3183        -3181            5.952           0
        50        -3181        -3179            8.164           0
        51        -3180        -3180             3.84           0
        52        -3180        -3180            0.907           0
        53        -3180        -3180            1.251           0
        54        -3183        -3180            3.453           0
        55        -3185        -3184            4.057           0
        56        -3180        -3180            0.883           0
        57        -3182        -3176            3.197           0
        61        -3181        -3180            9.816           0
        62        -3180        -3179            4.019           0
        63        -3181        -3180            5.381           0
        64        -3184        -3183            7.083           0
        65        -3180        -3180            3.182           0
        66        -3185        -3185            0.094           1
        67        -3181        -3180            7.893           0
        68        -3180        -3180             0.19           1
        69        -3185        -3180           12.026           0
        70        -3180        -3179            0.616           0
        71        -3180        -3180             1.76           0
        74        -3181        -3180            3.018           0
        75        -3180        -3180           10.294           0
        76        -3181        -3180            2.826           0
        77        -3180        -3180              6.6           0
        78        -3180        -3178            2.102           0
        79        -3180        -3179            5.886           0
        80        -3185        -3184            5.199           0
        81        -3183        -3181             4.39           0
        82        -3180        -3177            6.308           0
        83        -3184        -3184            3.238           0
        84        -3180        -3179            5.528           0
        85        -3181        -3181            3.253           0
        86        -3181        -3181              3.4           0
        88        -3183        -3182            7.386           0
        89        -3180        -3179            5.347           0
        90        -3183        -3180            3.899           0
        91        -3181        -3180             7.02           0
        92        -3181        -3180            2.155           0
        95        -3184        -3183            0.729           0
        96        -3185        -3184           12.079           0
        98        -3180        -3180            1.612           0
        99        -3180        -3179            4.132           0
       100        -3181        -3181            0.583           1
Candidate 71 dropped.
- Failed test 1: Too close to 52 in parameter space.
Candidate 75 dropped.
- Failed test 1: Too close to 65 in parameter space.
Candidate 77 dropped.
- Failed test 1: Too close to 56 in parameter space.
Candidate 81 dropped.
- Failed test 1: Too close to 68 in parameter space.
Candidate 88 dropped.
- Failed test 1: Too close to 48 in parameter space.
Best candidate so far (LL=-3174)
             Value
asc_alt1_1  0.3627
asc_alt1_2 -1.0346
asc_alt1_3 -0.1380
asc_alt1_4  0.0657
asc_alt1_5  0.0749
asc_alt2_1  0.1910
asc_alt2_2 -2.4689
asc_alt2_3 -0.1428
asc_alt2_4  0.0009
asc_alt2_5  0.5246
asc_alt3_1  0.0000
asc_alt3_2  0.0000
asc_alt3_3  0.0000
asc_alt3_4  0.0000
asc_alt3_5  0.0000
b_x1_1      0.9949
b_x1_2     -1.0507
b_x1_3     -0.0276
b_x1_4      0.9766
b_x1_5      1.9179
b_x2_1      1.3285
b_x2_2      5.9371
b_x2_3      0.0658
b_x2_4      0.7092
b_x2_5     -1.1712
b_x3_1      1.1196
b_x3_2     -1.6790
b_x3_3      0.7344
b_x3_4      0.2161
b_x3_5     -1.0456
b_x4_1      1.0321
b_x4_2     -0.0224
b_x4_3      0.8469
b_x4_4     -0.2082
b_x4_5      0.6903
b_price_1  -2.0604
b_price_2  -2.7426
b_price_3  -1.0395
b_price_4  -1.8813
b_price_5  -1.8530
delta_1     1.1473
delta_2    -0.9244
delta_3     2.1533
delta_4     2.1685
delta_5     0.0000

Stage 5, 63 active candidates.
Estimating 20 BFGS iteration(s) for each active candidate.
 Candidate......LLstart.....LLfinish.....GradientNorm...Converged
         3        -3180        -3179            3.703           0
         4        -3180        -3180            0.094           1
         5        -3182        -3180            8.388           0
        11        -3180        -3179            2.702           0
        14        -3176        -3176            0.532           0
        15        -3180        -3179            1.364           0
        16        -3175        -3174            2.076           0
        17        -3180        -3179            0.706           0
        18        -3178        -3178            0.596           0
        19        -3182        -3180            1.462           0
        21        -3178        -3178            1.354           0
        22        -3184        -3183             2.47           0
        23        -3179        -3179            1.205           0
        24        -3180        -3179            3.408           0
        27        -3176        -3176            0.144           1
        31        -3179        -3179            2.147           0
        32        -3183        -3181            6.919           0
        34        -3180        -3179            0.528           0
        35        -3178        -3178            0.304           0
        37        -3177        -3177             2.63           0
        38        -3180        -3179            2.814           0
        39        -3176        -3176            0.138           0
        40        -3179        -3179            1.392           0
        42        -3183        -3183            2.055           0
        43        -3185        -3181            12.97           0
        44        -3180        -3179            3.444           0
        45        -3180        -3179            2.972           0
        47        -3174        -3173            2.206           0
        48        -3181        -3180            4.632           0
        50        -3179        -3176            6.587           0
        51        -3180        -3179            2.601           0
        52        -3180        -3179            0.569           0
        53        -3180        -3179            1.481           0
        54        -3180        -3179            4.131           0
        55        -3184        -3184            2.652           0
        56        -3180        -3180            0.223           0
        57        -3176        -3174              5.6           0
        61        -3180        -3177             8.07           0
        62        -3179        -3179            1.863           0
        63        -3180        -3180            2.952           0
        64        -3183        -3182            6.686           0
        65        -3180        -3179             4.11           0
        67        -3180        -3180            2.746           0
        69        -3180        -3177           10.898           0
        70        -3179        -3179            0.149           1
        74        -3180        -3179            4.149           0
        76        -3180        -3180            2.702           0
        78        -3178        -3178            1.106           0
        79        -3179        -3179            1.568           0
        80        -3184        -3183            1.434           0
        82        -3177        -3176             0.99           0
        83        -3184        -3183            3.028           0
        84        -3179        -3179            2.253           0
        85        -3181        -3180            2.496           0
        86        -3181        -3179           10.488           0
        89        -3179        -3179            2.522           0
        90        -3180        -3179            4.358           0
        91        -3180        -3179            2.534           0
        92        -3180        -3178           16.523           0
        95        -3183        -3183            1.064           0
        96        -3184        -3183            0.659           0
        98        -3180        -3179            0.708           0
        99        -3179        -3179            1.468           0
Candidate 54 dropped.
- Failed test 1: Too close to 84 in parameter space.
Candidate 76 dropped.
- Failed test 1: Too close to 70 in parameter space.
Candidate 89 dropped.
- Failed test 1: Too close to 40 in parameter space.
Candidate 91 dropped.
- Failed test 1: Too close to 79 in parameter space.
Best candidate so far (LL=-3173.5)
             Value
asc_alt1_1  0.3682
asc_alt1_2 -1.0450
asc_alt1_3 -0.1277
asc_alt1_4  0.0620
asc_alt1_5  0.0028
asc_alt2_1  0.1644
asc_alt2_2 -2.7617
asc_alt2_3 -0.1213
asc_alt2_4  0.0169
asc_alt2_5  0.4971
asc_alt3_1  0.0000
asc_alt3_2  0.0000
asc_alt3_3  0.0000
asc_alt3_4  0.0000
asc_alt3_5  0.0000
b_x1_1      0.9845
b_x1_2     -1.5201
b_x1_3     -0.0002
b_x1_4      0.9995
b_x1_5      1.7847
b_x2_1      1.3374
b_x2_2      6.6275
b_x2_3      0.0838
b_x2_4      0.7382
b_x2_5     -1.0445
b_x3_1      1.0987
b_x3_2     -2.0469
b_x3_3      0.7100
b_x3_4      0.1986
b_x3_5     -0.9289
b_x4_1      1.0252
b_x4_2      0.4820
b_x4_3      0.8290
b_x4_4     -0.2531
b_x4_5      0.6757
b_price_1  -2.1912
b_price_2  -3.5689
b_price_3  -1.0619
b_price_4  -1.8929
b_price_5  -1.8555
delta_1     1.0830
delta_2    -1.0943
delta_3     2.1277
delta_4     2.0146
delta_5     0.0000
Several observations per individual detected based on the value of ID.
  Setting panelData in apollo_control set to TRUE.
With setting noValidation=TRUE in apollo_control, your model code will
  not be validated prior to estimation. This may of course be
  deliberate for large models or models with many components.
All checks on apollo_control completed.
All checks on database completed.
INFORMATION: The use of apollo_lcEM has a number of requirements. No checks are run
  for these, so the user needs to ensure these conditions are met by
  their model: 
1: This function is only suitable for single component models, i.e. no
  use of apollo_combineModels or manual multiplication of model
  components.
2: Any parameters that vary across classes need to be included in the
  definition of random parameters in apollo_lcPars.
3: The entries in the lists in apollo_lcPars need to be individual
  parameters, not functions thereof.

Validating inputs of likelihood function (apollo_probabilities)

Initialising EM algorithm
Starting iteration: 1
- Current LL : -3377.058
- New LL     : -3219.266
- Improvement: 157.7924

Starting iteration: 2
- Current LL : -3219.266
- New LL     : -3215.921
- Improvement: 3.345044

Starting iteration: 3
- Current LL : -3215.921
- New LL     : -3214.046
- Improvement: 1.874784

Starting iteration: 4
- Current LL : -3214.046
- New LL     : -3212.94
- Improvement: 1.106096

Starting iteration: 5
- Current LL : -3212.94
- New LL     : -3212.135
- Improvement: 0.8046588

Starting iteration: 6
- Current LL : -3212.135
- New LL     : -3211.381
- Improvement: 0.7537107

Starting iteration: 7
- Current LL : -3211.381
- New LL     : -3210.517
- Improvement: 0.8646014

Starting iteration: 8
- Current LL : -3210.517
- New LL     : -3209.387
- Improvement: 1.129483

Starting iteration: 9
- Current LL : -3209.387
- New LL     : -3207.825
- Improvement: 1.5621

Starting iteration: 10
- Current LL : -3207.825
- New LL     : -3205.684
- Improvement: 2.140996

Starting iteration: 11
- Current LL : -3205.684
- New LL     : -3202.912
- Improvement: 2.77198

Starting iteration: 12
- Current LL : -3202.912
- New LL     : -3199.6
- Improvement: 3.31208

Starting iteration: 13
- Current LL : -3199.6
- New LL     : -3195.976
- Improvement: 3.624344

Starting iteration: 14
- Current LL : -3195.976
- New LL     : -3192.44
- Improvement: 3.535508

Starting iteration: 15
- Current LL : -3192.44
- New LL     : -3189.533
- Improvement: 2.907147

Starting iteration: 16
- Current LL : -3189.533
- New LL     : -3187.519
- Improvement: 2.013971

Starting iteration: 17
- Current LL : -3187.519
- New LL     : -3186.228
- Improvement: 1.291299

Starting iteration: 18
- Current LL : -3186.228
- New LL     : -3185.393
- Improvement: 0.8349184

Starting iteration: 19
- Current LL : -3185.393
- New LL     : -3184.833
- Improvement: 0.5598939

Starting iteration: 20
- Current LL : -3184.833
- New LL     : -3184.439
- Improvement: 0.3942664

Starting iteration: 21
- Current LL : -3184.439
- New LL     : -3184.142
- Improvement: 0.2971036

Starting iteration: 22
- Current LL : -3184.142
- New LL     : -3183.903
- Improvement: 0.2386294

Starting iteration: 23
- Current LL : -3183.903
- New LL     : -3183.701
- Improvement: 0.2016872

Starting iteration: 24
- Current LL : -3183.701
- New LL     : -3183.526
- Improvement: 0.1754497

Starting iteration: 25
- Current LL : -3183.526
- New LL     : -3183.37
- Improvement: 0.1554894

Starting iteration: 26
- Current LL : -3183.37
- New LL     : -3183.232
- Improvement: 0.1387199

Starting iteration: 27
- Current LL : -3183.232
- New LL     : -3183.108
- Improvement: 0.123779

Starting iteration: 28
- Current LL : -3183.108
- New LL     : -3182.998
- Improvement: 0.109699

Starting iteration: 29
- Current LL : -3182.998
- New LL     : -3182.902
- Improvement: 0.0965283

Starting iteration: 30
- Current LL : -3182.902
- New LL     : -3182.817
- Improvement: 0.08475662

Starting iteration: 31
- Current LL : -3182.817
- New LL     : -3182.742
- Improvement: 0.07522468

Starting iteration: 32
- Current LL : -3182.742
- New LL     : -3182.675
- Improvement: 0.06706711

Starting iteration: 33
- Current LL : -3182.675
- New LL     : -3182.616
- Improvement: 0.05838326

Starting iteration: 34
- Current LL : -3182.616
- New LL     : -3182.564
- Improvement: 0.05243196

Starting iteration: 35
- Current LL : -3182.564
- New LL     : -3182.517
- Improvement: 0.04669234

Starting iteration: 36
- Current LL : -3182.517
- New LL     : -3182.476
- Improvement: 0.04159441

Starting iteration: 37
- Current LL : -3182.476
- New LL     : -3182.437
- Improvement: 0.0380899

Starting iteration: 38
- Current LL : -3182.437
- New LL     : -3182.403
- Improvement: 0.03476148

Starting iteration: 39
- Current LL : -3182.403
- New LL     : -3182.372
- Improvement: 0.03110965

Starting iteration: 40
- Current LL : -3182.372
- New LL     : -3182.342
- Improvement: 0.02937381

Starting iteration: 41
- Current LL : -3182.342
- New LL     : -3182.315
- Improvement: 0.02737717

Starting iteration: 42
- Current LL : -3182.315
- New LL     : -3182.289
- Improvement: 0.02607857

Starting iteration: 43
- Current LL : -3182.289
- New LL     : -3182.264
- Improvement: 0.02483549

Starting iteration: 44
- Current LL : -3182.264
- New LL     : -3182.24
- Improvement: 0.02412538

Starting iteration: 45
- Current LL : -3182.24
- New LL     : -3182.217
- Improvement: 0.02320852

Starting iteration: 46
- Current LL : -3182.217
- New LL     : -3182.194
- Improvement: 0.02279242

Starting iteration: 47
- Current LL : -3182.194
- New LL     : -3182.171
- Improvement: 0.02259232

Starting iteration: 48
- Current LL : -3182.171
- New LL     : -3182.149
- Improvement: 0.02254959

Starting iteration: 49
- Current LL : -3182.149
- New LL     : -3182.126
- Improvement: 0.02247057

Starting iteration: 50
- Current LL : -3182.126
- New LL     : -3182.104
- Improvement: 0.02260284

Starting iteration: 51
- Current LL : -3182.104
- New LL     : -3182.08
- Improvement: 0.02355048

Starting iteration: 52
- Current LL : -3182.08
- New LL     : -3182.056
- Improvement: 0.0240536

Starting iteration: 53
- Current LL : -3182.056
- New LL     : -3182.031
- Improvement: 0.02458809

Starting iteration: 54
- Current LL : -3182.031
- New LL     : -3182.006
- Improvement: 0.02513182

Starting iteration: 55
- Current LL : -3182.006
- New LL     : -3181.98
- Improvement: 0.02606746

Starting iteration: 56
- Current LL : -3181.98
- New LL     : -3181.953
- Improvement: 0.02709224

Starting iteration: 57
- Current LL : -3181.953
- New LL     : -3181.925
- Improvement: 0.02815666

Starting iteration: 58
- Current LL : -3181.925
- New LL     : -3181.896
- Improvement: 0.02944116

Starting iteration: 59
- Current LL : -3181.896
- New LL     : -3181.865
- Improvement: 0.03097018

Starting iteration: 60
- Current LL : -3181.865
- New LL     : -3181.832
- Improvement: 0.03251153

Starting iteration: 61
- Current LL : -3181.832
- New LL     : -3181.798
- Improvement: 0.034308

Starting iteration: 62
- Current LL : -3181.798
- New LL     : -3181.762
- Improvement: 0.03602745

Starting iteration: 63
- Current LL : -3181.762
- New LL     : -3181.723
- Improvement: 0.03837736

Starting iteration: 64
- Current LL : -3181.723
- New LL     : -3181.683
- Improvement: 0.04043711

Starting iteration: 65
- Current LL : -3181.683
- New LL     : -3181.64
- Improvement: 0.04309342

Starting iteration: 66
- Current LL : -3181.64
- New LL     : -3181.594
- Improvement: 0.0455695

Starting iteration: 67
- Current LL : -3181.594
- New LL     : -3181.545
- Improvement: 0.0488138

Starting iteration: 68
- Current LL : -3181.545
- New LL     : -3181.493
- Improvement: 0.05258168

Starting iteration: 69
- Current LL : -3181.493
- New LL     : -3181.437
- Improvement: 0.05631593

Starting iteration: 70
- Current LL : -3181.437
- New LL     : -3181.376
- Improvement: 0.06026577

Starting iteration: 71
- Current LL : -3181.376
- New LL     : -3181.311
- Improvement: 0.06546667

Starting iteration: 72
- Current LL : -3181.311
- New LL     : -3181.24
- Improvement: 0.07089066

Starting iteration: 73
- Current LL : -3181.24
- New LL     : -3181.163
- Improvement: 0.07641756

Starting iteration: 74
- Current LL : -3181.163
- New LL     : -3181.081
- Improvement: 0.08262258

Starting iteration: 75
- Current LL : -3181.081
- New LL     : -3180.992
- Improvement: 0.08917394

Starting iteration: 76
- Current LL : -3180.992
- New LL     : -3180.896
- Improvement: 0.09580659

Starting iteration: 77
- Current LL : -3180.896
- New LL     : -3180.793
- Improvement: 0.1027088

Starting iteration: 78
- Current LL : -3180.793
- New LL     : -3180.683
- Improvement: 0.1103589

Starting iteration: 79
- Current LL : -3180.683
- New LL     : -3180.565
- Improvement: 0.1179356

Starting iteration: 80
- Current LL : -3180.565
- New LL     : -3180.44
- Improvement: 0.1253482

Starting iteration: 81
- Current LL : -3180.44
- New LL     : -3180.308
- Improvement: 0.1319232

Starting iteration: 82
- Current LL : -3180.308
- New LL     : -3180.17
- Improvement: 0.138047

Starting iteration: 83
- Current LL : -3180.17
- New LL     : -3180.027
- Improvement: 0.1430404

Starting iteration: 84
- Current LL : -3180.027
- New LL     : -3179.879
- Improvement: 0.1475934

Starting iteration: 85
- Current LL : -3179.879
- New LL     : -3179.728
- Improvement: 0.1507777

Starting iteration: 86
- Current LL : -3179.728
- New LL     : -3179.576
- Improvement: 0.1519378

Starting iteration: 87
- Current LL : -3179.576
- New LL     : -3179.424
- Improvement: 0.1525118

Starting iteration: 88
- Current LL : -3179.424
- New LL     : -3179.272
- Improvement: 0.1520162

Starting iteration: 89
- Current LL : -3179.272
- New LL     : -3179.122
- Improvement: 0.1495373

Starting iteration: 90
- Current LL : -3179.122
- New LL     : -3178.975
- Improvement: 0.1468401

Starting iteration: 91
- Current LL : -3178.975
- New LL     : -3178.832
- Improvement: 0.1433623

Starting iteration: 92
- Current LL : -3178.832
- New LL     : -3178.693
- Improvement: 0.1394019

Starting iteration: 93
- Current LL : -3178.693
- New LL     : -3178.557
- Improvement: 0.135042

Starting iteration: 94
- Current LL : -3178.557
- New LL     : -3178.427
- Improvement: 0.1303916

Starting iteration: 95
- Current LL : -3178.427
- New LL     : -3178.301
- Improvement: 0.1259156

Starting iteration: 96
- Current LL : -3178.301
- New LL     : -3178.18
- Improvement: 0.1210442

Starting iteration: 97
- Current LL : -3178.18
- New LL     : -3178.062
- Improvement: 0.1176885

Starting iteration: 98
- Current LL : -3178.062
- New LL     : -3177.949
- Improvement: 0.1130726

Starting iteration: 99
- Current LL : -3177.949
- New LL     : -3177.841
- Improvement: 0.1088803

Starting iteration: 100
- Current LL : -3177.841
- New LL     : -3177.735
- Improvement: 0.1051103

EM algorithm stopped: maximum number of iterations reached!
No covariance matrix will be computed as convergence has not been
  reached. You may call apollo_addCovariance(model,apollo_inputs) to
  compute a covariance matrix at the current estimates.
[15:00:11]   done hard_corr|seed3 : gaps  klue_ml=-0.00  klue_em=-2.32  apollo_searchStart=-0.00  apollo_lcEM=-4.32  gmnl_lc=-6.07  apollo_ss_published=+0.00
[15:00:11] RUN  hard_corr|seed4  (K=5 kap=0.50 sig=0.30 corr=0.6)  arms: apollo_searchStart, apollo_lcEM
Several observations per individual detected based on the value of ID.
  Setting panelData in apollo_control set to TRUE.
All checks on apollo_control completed.
All checks on database completed.
Testing probability function (apollo_probabilities)
Apollo found a model component of type classAlloc without a
  componentName. The name was set to "classAlloc" by default.
INFORMATION: Setting "avail" is missing, so full availability is assumed. 
Apollo found a model component of type MNL without a componentName. The
  name was set to "Class_1" by default.
Apollo found a model component of type MNL without a componentName. The
  name was set to "Class_2" by default.
Apollo found a model component of type MNL without a componentName. The
  name was set to "Class_3" by default.
Apollo found a model component of type MNL without a componentName. The
  name was set to "Class_4" by default.
Apollo found a model component of type MNL without a componentName. The
  name was set to "Class_5" by default.
Pre-processing likelihood function...
INFORMATION: Apollo was not able to compute analytical gradients for your model.
  This could be because you are using model components for which
  analytical gradients are not yet implemented, or because you coded
  your own model functions. If however you only used apollo_mnl,
  apollo_fmnl, apollo_normalDensity, apollo_ol or apollo_op, then there
  could be another issue. You might want to ask for help in the Apollo
  forum (http://www.apollochoicemodelling.com/forum) on how to solve
  this issue. If you do, please post your code and data (if not
  confidential). 
Creating initial set of 100 candidate values.
Calculating LL of candidates 0%....50%.....100%

Stage 1, 100 active candidates.
Estimating 20 BFGS iteration(s) for each active candidate.
 Candidate......LLstart.....LLfinish.....GradientNorm...Converged
         1        -3342        -3158           25.537           0
         2        -3332        -3156           18.757           0
         3        -3350        -3160           29.213           0
         4        -3363        -3162           26.822           0
         5        -3355        -3158            15.09           0
         6        -3347        -3165            20.59           0
         7        -3328        -3161           35.871           0
         8        -3350        -3158           34.485           0
         9        -3328        -3150           19.816           0
        10        -3346        -3153           18.053           0
        11        -3328        -3161           27.752           0
        12        -3335        -3154           17.802           0
        13        -3319        -3162           17.084           0
        14        -3343        -3161           29.007           0
        15        -3338        -3157           13.649           0
        16        -3351        -3158           33.214           0
        17        -3337        -3152           11.362           0
        18        -3348        -3157           30.101           0
        19        -3350        -3155           20.543           0
        20        -3358        -3156           23.462           0
        21        -3326        -3161           46.401           0
        22        -3377        -3156           23.176           0
        23        -3325        -3150           26.279           0
        24        -3338        -3160           36.581           0
        25        -3345        -3157            39.47           0
        26        -3360        -3154             23.3           0
        27        -3328        -3154           19.457           0
        28        -3353        -3157           31.711           0
        29        -3335        -3155           10.029           0
        30        -3333        -3164           18.557           0
        31        -3338        -3163           24.945           0
        32        -3352        -3159           23.352           0
        33        -3344        -3160           37.832           0
        34        -3353        -3159            16.02           0
        35        -3318        -3157           35.322           0
        36        -3349        -3158           31.454           0
        37        -3316        -3151           16.982           0
        38        -3338        -3158           23.483           0
        39        -3336        -3162           23.156           0
        40        -3365        -3160           17.224           0
        41        -3321        -3158           24.966           0
        42        -3363        -3152           19.354           0
        43        -3351        -3164           32.247           0
        44        -3327        -3161            47.82           0
        45        -3351        -3161           20.335           0
        46        -3363        -3158           20.836           0
        47        -3317        -3160            22.44           0
        48        -3339        -3158           49.344           0
        49        -3378        -3159           21.643           0
        50        -3335        -3162           16.415           0
        51        -3323        -3155           11.896           0
        52        -3336        -3160           10.779           0
        53        -3335        -3164           19.216           0
        54        -3334        -3155           17.157           0
        55        -3346        -3168           29.821           0
        56        -3319        -3153           22.129           0
        57        -3347        -3157           22.795           0
        58        -3362        -3154           23.753           0
        59        -3330        -3154           12.148           0
        60        -3360        -3154           19.587           0
        61        -3349        -3152           19.495           0
        62        -3338        -3154           12.362           0
        63        -3341        -3151           22.755           0
        64        -3336        -3156           17.333           0
        65        -3356        -3163           24.582           0
        66        -3345        -3154           17.641           0
        67        -3346        -3161           26.563           0
        68        -3355        -3159            45.75           0
        69        -3347        -3158            22.56           0
        70        -3340        -3161            17.43           0
        71        -3364        -3154           29.693           0
        72        -3348        -3164           21.833           0
        73        -3356        -3156           16.863           0
        74        -3342        -3160            29.81           0
        75        -3327        -3162           21.715           0
        76        -3334        -3163           13.187           0
        77        -3367        -3155           27.362           0
        78        -3341        -3158           24.189           0
        79        -3366        -3154           22.961           0
        80        -3364        -3152           29.465           0
        81        -3362        -3153           22.443           0
        82        -3294        -3158           17.714           0
        83        -3364        -3158           38.535           0
        84        -3362        -3160           25.949           0
        85        -3348        -3160            28.62           0
        86        -3334        -3154           16.744           0
        87        -3358        -3160           32.232           0
        88        -3351        -3163           16.484           0
        89        -3347        -3159           24.937           0
        90        -3360        -3156            19.78           0
        91        -3341        -3156           24.595           0
        92        -3340        -3165           34.333           0
        93        -3319        -3151           17.213           0
        94        -3344        -3154           23.808           0
        95        -3356        -3158           45.912           0
        96        -3340        -3155           21.352           0
        97        -3354        -3158           23.841           0
        98        -3356        -3156           15.947           0
        99        -3325        -3154           24.688           0
       100        -3331        -3162           50.059           0
Best candidate so far (LL=-3149.7)
             Value
asc_alt1_1  0.1917
asc_alt1_2 -0.3501
asc_alt1_3  0.3003
asc_alt1_4  0.1412
asc_alt1_5 -0.2918
asc_alt2_1  0.0835
asc_alt2_2  0.1911
asc_alt2_3  0.4617
asc_alt2_4 -0.4099
asc_alt2_5 -0.1413
asc_alt3_1  0.0000
asc_alt3_2  0.0000
asc_alt3_3  0.0000
asc_alt3_4  0.0000
asc_alt3_5  0.0000
b_x1_1      0.9034
b_x1_2     -0.3370
b_x1_3      0.2407
b_x1_4     -0.0813
b_x1_5      0.1504
b_x2_1      0.6444
b_x2_2      2.5579
b_x2_3     -0.2378
b_x2_4     -0.5340
b_x2_5      0.3492
b_x3_1      0.2302
b_x3_2     -0.4383
b_x3_3      1.0974
b_x3_4     -0.8903
b_x3_5      0.9384
b_x4_1      0.1669
b_x4_2      2.4588
b_x4_3      1.2006
b_x4_4      2.2834
b_x4_5      0.2462
b_price_1  -1.5704
b_price_2  -3.3681
b_price_3  -1.7531
b_price_4  -0.8756
b_price_5  -1.3397
delta_1     0.6689
delta_2    -2.0755
delta_3    -0.2438
delta_4    -1.6482
delta_5     0.0000

Stage 2, 100 active candidates.
Estimating 20 BFGS iteration(s) for each active candidate.
 Candidate......LLstart.....LLfinish.....GradientNorm...Converged
         1        -3158        -3146           16.439           0
         2        -3156        -3146           10.513           0
         3        -3160        -3153            8.753           0
         4        -3162        -3154           15.237           0
         5        -3158        -3149           10.444           0
         6        -3165        -3157            9.726           0
         7        -3161        -3149           11.889           0
         8        -3158        -3144            8.304           0
         9        -3150        -3144           12.123           0
        10        -3153        -3144           11.158           0
        11        -3161        -3152            8.901           0
        12        -3154        -3145            15.97           0
        13        -3162        -3159            6.514           0
        14        -3161        -3156           10.703           0
        15        -3157        -3150            10.11           0
        16        -3158        -3148             3.91           0
        17        -3152        -3145             13.1           0
        18        -3157        -3146           12.317           0
        19        -3155        -3149           18.391           0
        20        -3156        -3147            6.405           0
        21        -3161        -3149           11.753           0
        22        -3156        -3147           11.404           0
        23        -3150        -3143            3.142           0
        24        -3160        -3147             6.91           0
        25        -3157        -3150           13.981           0
        26        -3154        -3144            6.119           0
        27        -3154        -3146            3.966           0
        28        -3157        -3146           21.452           0
        29        -3155        -3147           20.897           0
        30        -3164        -3156           11.355           0
        31        -3163        -3154           15.616           0
        32        -3159        -3150            9.593           0
        33        -3160        -3150            7.489           0
        34        -3159        -3148           16.752           0
        35        -3157        -3145           12.154           0
        36        -3158        -3148             11.4           0
        37        -3151        -3143            4.192           0
        38        -3158        -3150            4.786           0
        39        -3162        -3148           15.316           0
        40        -3160        -3152            6.151           0
        41        -3158        -3150             10.6           0
        42        -3152        -3147            5.427           0
        43        -3164        -3157            2.156           0
        44        -3161        -3149           26.952           0
        45        -3161        -3149            7.158           0
        46        -3158        -3150            8.091           0
        47        -3160        -3148           20.782           0
        48        -3158        -3148            9.156           0
        49        -3159        -3150           10.483           0
        50        -3162        -3154            6.318           0
        51        -3155        -3148            5.648           0
        52        -3160        -3151            8.177           0
        53        -3164        -3155            9.576           0
        54        -3155        -3146           18.667           0
        55        -3168        -3161           11.586           0
        56        -3153        -3144            8.794           0
        57        -3157        -3147            9.108           0
        58        -3154        -3147            3.658           0
        59        -3154        -3147            5.804           0
        60        -3154        -3150            5.406           0
        61        -3152        -3146           10.133           0
        62        -3154        -3147           10.293           0
        63        -3151        -3144            6.075           0
        64        -3156        -3147           10.751           0
        65        -3163        -3147           12.618           0
        66        -3154        -3151            5.049           0
        67        -3161        -3148            15.13           0
        68        -3159        -3144             8.88           0
        69        -3158        -3149           17.582           0
        70        -3161        -3149           19.458           0
        71        -3154        -3147             4.25           0
        72        -3164        -3157            6.144           0
        73        -3156        -3150            9.455           0
        74        -3160        -3154            6.613           0
        75        -3162        -3154           10.631           0
        76        -3163        -3156           12.218           0
        77        -3155        -3144            7.545           0
        78        -3158        -3149           16.813           0
        79        -3154        -3145           18.003           0
        80        -3152        -3144           10.255           0
        81        -3153        -3147            6.718           0
        82        -3158        -3147           11.994           0
        83        -3158        -3145             5.46           0
        84        -3160        -3151           13.453           0
        85        -3160        -3147            5.222           0
        86        -3154        -3146           13.219           0
        87        -3160        -3148           18.033           0
        88        -3163        -3148            8.743           0
        89        -3159        -3144            6.902           0
        90        -3156        -3146           14.152           0
        91        -3156        -3145            8.076           0
        92        -3165        -3159           15.816           0
        93        -3151        -3147             3.05           0
        94        -3154        -3144            7.222           0
        95        -3158        -3149           10.133           0
        96        -3155        -3145            6.233           0
        97        -3158        -3150            9.914           0
        98        -3156        -3151            4.801           0
        99        -3154        -3144           11.502           0
       100        -3162        -3144            5.397           0
Candidate 8 dropped.
- Failed test 1: Too close to 63 in parameter space.
Candidate 10 dropped.
- Failed test 1: Too close to 23, 26, 68 in parameter space.
Candidate 14 dropped.
- Failed test 1: Too close to 53 in parameter space.
Candidate 68 dropped.
- Failed test 1: Too close to 26, 63 in parameter space.
Candidate 80 dropped.
- Failed test 1: Too close to 26, 63, 68 in parameter space.
Candidate 94 dropped.
- Failed test 1: Too close to 56 in parameter space.
Best candidate so far (LL=-3142.9)
             Value
asc_alt1_1 -0.0012
asc_alt1_2  0.9390
asc_alt1_3  0.0484
asc_alt1_4 -0.0368
asc_alt1_5  0.2026
asc_alt2_1 -0.0250
asc_alt2_2  0.2306
asc_alt2_3 -0.3195
asc_alt2_4  0.1468
asc_alt2_5 -0.4955
asc_alt3_1  0.0000
asc_alt3_2  0.0000
asc_alt3_3  0.0000
asc_alt3_4  0.0000
asc_alt3_5  0.0000
b_x1_1      0.8355
b_x1_2      1.3285
b_x1_3     -0.0660
b_x1_4      0.1661
b_x1_5     -0.1361
b_x2_1      0.6543
b_x2_2      0.9538
b_x2_3      1.1393
b_x2_4      0.0854
b_x2_5     -1.1782
b_x3_1      0.0827
b_x3_2      0.7088
b_x3_3      0.2032
b_x3_4      1.0560
b_x3_5     -0.9387
b_x4_1      0.1285
b_x4_2      0.2542
b_x4_3      2.5862
b_x4_4      0.5292
b_x4_5      2.5339
b_price_1  -1.3160
b_price_2  -2.7081
b_price_3  -0.7179
b_price_4  -1.5484
b_price_5   0.0607
delta_1     2.6369
delta_2     1.3811
delta_3     1.0619
delta_4     2.6929
delta_5     0.0000

Stage 3, 94 active candidates.
Estimating 20 BFGS iteration(s) for each active candidate.
 Candidate......LLstart.....LLfinish.....GradientNorm...Converged
         1        -3146        -3143            2.099           0
         2        -3146        -3141            5.659           0
         3        -3153        -3152            3.954           0
         4        -3154        -3147           19.519           0
         5        -3149        -3147             6.02           0
         6        -3157        -3155            4.052           0
         7        -3149        -3145            6.899           0
         9        -3144        -3143             0.78           0
        11        -3152        -3150           18.003           0
        12        -3145        -3143            1.205           0
        13        -3159        -3156           13.223           0
        15        -3150        -3144           14.235           0
        16        -3148        -3146            6.474           0
        17        -3145        -3143            1.389           0
        18        -3146        -3143            3.756           0
        19        -3149        -3147            1.612           0
        20        -3147        -3147            1.062           0
        21        -3149        -3147            3.486           0
        22        -3147        -3146            2.203           0
        23        -3143        -3143            1.163           0
        24        -3147        -3143            4.779           0
        25        -3150        -3145           13.142           0
        26        -3144        -3143            1.226           0
        27        -3146        -3141            5.915           0
        28        -3146        -3143            1.586           0
        29        -3147        -3143            2.008           0
        30        -3156        -3150           19.984           0
        31        -3154        -3145           13.678           0
        32        -3150        -3145           10.163           0
        33        -3150        -3148             2.52           0
        34        -3148        -3144            4.742           0
        35        -3145        -3142            4.666           0
        36        -3148        -3144            4.461           0
        37        -3143        -3143             0.31           0
        38        -3150        -3149            4.133           0
        39        -3148        -3144           11.262           0
        40        -3152        -3150            1.914           0
        41        -3150        -3147            3.987           0
        42        -3147        -3147            0.551           0
        43        -3157        -3156            1.393           0
        44        -3149        -3143            5.024           0
        45        -3149        -3145            3.333           0
        46        -3150        -3147           12.802           0
        47        -3148        -3144             2.17           0
        48        -3148        -3146            2.599           0
        49        -3150        -3147            5.694           0
        50        -3154        -3153            2.155           0
        51        -3148        -3146            4.288           0
        52        -3151        -3147            8.297           0
        53        -3155        -3152           10.849           0
        54        -3146        -3143              5.2           0
        55        -3161        -3157           12.466           0
        56        -3144        -3143            0.905           0
        57        -3147        -3143            3.768           0
        58        -3147        -3146            7.807           0
        59        -3147        -3145            11.59           0
        60        -3150        -3150            7.642           0
        61        -3146        -3143            1.991           0
        62        -3147        -3146            1.788           0
        63        -3144        -3143            0.859           0
        64        -3147        -3144              1.3           0
        65        -3147        -3145            1.355           0
        66        -3151        -3150            2.946           0
        67        -3148        -3143            6.378           0
        69        -3149        -3147            1.225           0
        70        -3149        -3146            4.708           0
        71        -3147        -3147            8.881           0
        72        -3157        -3154           14.053           0
        73        -3150        -3144           14.895           0
        74        -3154        -3150           11.851           0
        75        -3154        -3148           10.794           0
        76        -3156        -3149           16.006           0
        77        -3144        -3143            0.988           0
        78        -3149        -3144           12.344           0
        79        -3145        -3143            2.561           0
        81        -3147        -3146            2.639           0
        82        -3147        -3144            2.703           0
        83        -3145        -3143            3.597           0
        84        -3151        -3147            4.411           0
        85        -3147        -3146            3.379           0
        86        -3146        -3143             2.48           0
        87        -3148        -3144            2.679           0
        88        -3148        -3147            2.694           0
        89        -3144        -3139           10.324           0
        90        -3146        -3143            1.456           0
        91        -3145        -3144              1.5           0
        92        -3159        -3150           12.258           0
        93        -3147        -3146            13.39           0
        95        -3149        -3146             2.75           0
        96        -3145        -3145            2.904           0
        97        -3150        -3147            3.292           0
        98        -3151        -3149           10.494           0
        99        -3144        -3143            2.087           0
       100        -3144        -3143            2.387           0
Candidate 1 dropped.
- Failed test 1: Too close to 56, 61, 77 in parameter space.
Candidate 18 dropped.
- Failed test 1: Too close to 63 in parameter space.
Candidate 23 dropped.
- Failed test 1: Too close to 26 in parameter space.
Candidate 26 dropped.
- Failed test 1: Too close to 63 in parameter space.
Candidate 28 dropped.
- Failed test 1: Too close to 23, 26, 63 in parameter space.
Candidate 29 dropped.
- Failed test 1: Too close to 23, 26, 28, 63 in parameter space.
Candidate 39 dropped.
- Failed test 1: Too close to 1, 56, 77 in parameter space.
Candidate 57 dropped.
- Failed test 1: Too close to 77, 90 in parameter space.
Candidate 61 dropped.
- Failed test 1: Too close to 56 in parameter space.
Candidate 73 dropped.
- Failed test 1: Too close to 77 in parameter space.
Candidate 77 dropped.
- Failed test 1: Too close to 56 in parameter space.
Candidate 78 dropped.
- Failed test 1: Too close to 23, 86 in parameter space.
Candidate 86 dropped.
- Failed test 1: Too close to 23 in parameter space.
Best candidate so far (LL=-3139.1)
             Value
asc_alt1_1  2.4233
asc_alt1_2  0.2650
asc_alt1_3 -4.8954
asc_alt1_4  0.0777
asc_alt1_5  0.0882
asc_alt2_1  0.5484
asc_alt2_2 -0.1641
asc_alt2_3 -7.1245
asc_alt2_4  0.0940
asc_alt2_5 -0.5516
asc_alt3_1  0.0000
asc_alt3_2  0.0000
asc_alt3_3  0.0000
asc_alt3_4  0.0000
asc_alt3_5  0.0000
b_x1_1      1.3095
b_x1_2     -0.0864
b_x1_3      9.8767
b_x1_4      0.5426
b_x1_5     -0.1693
b_x2_1      4.0862
b_x2_2      0.9244
b_x2_3      1.3788
b_x2_4      0.4003
b_x2_5     -0.8414
b_x3_1     -1.9197
b_x3_2      0.3408
b_x3_3      4.2846
b_x3_4      0.5645
b_x3_5     -1.1428
b_x4_1     -1.0412
b_x4_2      2.6325
b_x4_3     -4.4669
b_x4_4      0.3461
b_x4_5      2.6029
b_price_1  -3.5227
b_price_2  -0.4895
b_price_3  -5.5558
b_price_4  -1.5052
b_price_5  -0.1466
delta_1    -0.8171
delta_2     0.8912
delta_3    -0.8994
delta_4     3.5302
delta_5     0.0000

Stage 4, 81 active candidates.
Estimating 20 BFGS iteration(s) for each active candidate.
 Candidate......LLstart.....LLfinish.....GradientNorm...Converged
         2        -3141        -3140             5.32           0
         3        -3152        -3151            9.694           0
         4        -3147        -3145            8.364           0
         5        -3147        -3147            1.379           0
         6        -3155        -3151           14.897           0
         7        -3145        -3143            6.938           0
         9        -3143        -3143            0.924           1
        11        -3150        -3147            3.825           0
        12        -3143        -3143             0.57           0
        13        -3156        -3150           17.861           0
        15        -3144        -3141            2.283           0
        16        -3146        -3145            1.555           0
        17        -3143        -3143            0.126           0
        19        -3147        -3145            8.044           0
        20        -3147        -3147            0.194           0
        21        -3147        -3147            0.424           0
        22        -3146        -3146            3.701           0
        24        -3143        -3143            3.622           0
        25        -3145        -3142            1.149           0
        27        -3141        -3140            1.797           0
        30        -3150        -3144            5.159           0
        31        -3145        -3143             1.01           0
        32        -3145        -3143             1.44           0
        33        -3148        -3148            2.209           0
        34        -3144        -3143            3.343           0
        35        -3142        -3141            6.345           0
        36        -3144        -3144            4.854           0
        37        -3143        -3143            0.194           1
        38        -3149        -3148            1.337           0
        40        -3150        -3147            13.77           0
        41        -3147        -3146            1.686           0
        42        -3147        -3147            0.091           1
        43        -3156        -3155            17.17           0
        44        -3143        -3143            0.909           0
        45        -3145        -3145            5.412           0
        46        -3147        -3144           10.597           0
        47        -3144        -3143            1.359           0
        48        -3146        -3146            5.596           0
        49        -3147        -3146           13.006           0
        50        -3153        -3153            4.307           0
        51        -3146        -3146            3.634           0
        52        -3147        -3144            4.617           0
        53        -3152        -3146           12.664           0
        54        -3143        -3143            0.336           0
        55        -3157        -3148           14.191           0
        56        -3143        -3143            1.917           0
        58        -3146        -3146             1.64           0
        59        -3145        -3143            1.863           0
        60        -3150        -3147            3.236           0
        62        -3146        -3146            1.157           0
        63        -3143        -3143              0.7           1
        64        -3144        -3143            1.848           0
        65        -3145        -3145            2.775           0
        66        -3150        -3148           10.524           0
        67        -3143        -3143            0.819           0
        69        -3147        -3147            0.411           0
        70        -3146        -3146            3.051           0
        71        -3147        -3144            7.977           0
        72        -3154        -3146            23.76           0
        74        -3150        -3147            4.576           0
        75        -3148        -3146            1.326           0
        76        -3149        -3144            5.734           0
        79        -3143        -3143             0.95           0
        81        -3146        -3146            2.561           0
        82        -3144        -3143            2.125           0
        83        -3143        -3143            0.357           0
        84        -3147        -3145            1.971           0
        85        -3146        -3146            2.997           0
        87        -3144        -3143            7.402           0
        88        -3147        -3146             4.54           0
        89        -3139        -3136            5.143           0
        90        -3143        -3143            0.923           0
        91        -3144        -3143            1.579           0
        92        -3150        -3146            2.427           0
        93        -3146        -3145            3.316           0
        95        -3146        -3146            7.829           0
        96        -3145        -3143            4.643           0
        97        -3147        -3144             6.69           0
        98        -3149        -3144           10.635           0
        99        -3143        -3143            0.921           0
       100        -3143        -3143            0.355           0
Candidate 30 dropped.
- Failed test 1: Too close to 34 in parameter space.
Candidate 32 dropped.
- Failed test 1: Too close to 63 in parameter space.
Candidate 35 dropped.
- Failed test 1: Too close to 15 in parameter space.
Candidate 52 dropped.
- Failed test 1: Too close to 90 in parameter space.
Candidate 82 dropped.
- Failed test 1: Too close to 91 in parameter space.
Best candidate so far (LL=-3135.6)
             Value
asc_alt1_1  6.4003
asc_alt1_2  0.2630
asc_alt1_3 -6.0640
asc_alt1_4  0.0804
asc_alt1_5  0.0997
asc_alt2_1  3.8039
asc_alt2_2 -0.0482
asc_alt2_3 -8.9400
asc_alt2_4  0.0826
asc_alt2_5 -0.5738
asc_alt3_1  0.0000
asc_alt3_2  0.0000
asc_alt3_3  0.0000
asc_alt3_4  0.0000
asc_alt3_5  0.0000
b_x1_1      2.7144
b_x1_2     -0.0515
b_x1_3     12.3811
b_x1_4      0.5425
b_x1_5     -0.1641
b_x2_1     10.0673
b_x2_2      1.0077
b_x2_3      2.1379
b_x2_4      0.4030
b_x2_5     -0.9676
b_x3_1     -6.8319
b_x3_2      0.2398
b_x3_3      5.5204
b_x3_4      0.5850
b_x3_5     -0.9057
b_x4_1     -1.3422
b_x4_2      2.6328
b_x4_3     -5.8396
b_x4_4      0.3408
b_x4_5      2.5488
b_price_1  -3.8545
b_price_2  -0.4837
b_price_3  -7.7198
b_price_4  -1.5151
b_price_5  -0.0689
delta_1    -1.1367
delta_2     0.7620
delta_3    -1.0691
delta_4     3.3318
delta_5     0.0000

Stage 5, 72 active candidates.
Estimating 20 BFGS iteration(s) for each active candidate.
 Candidate......LLstart.....LLfinish.....GradientNorm...Converged
         2        -3140        -3139            2.613           0
         3        -3151        -3145            9.594           0
         4        -3145        -3144            1.282           0
         5        -3147        -3147            0.261           0
         6        -3151        -3146            7.321           0
         7        -3143        -3142            3.603           0
        11        -3147        -3146            5.579           0
        12        -3143        -3143            0.376           1
        13        -3150        -3144            4.289           0
        15        -3141        -3141            2.456           0
        16        -3145        -3145            5.162           0
        17        -3143        -3143            0.195           1
        19        -3145        -3143            6.243           0
        20        -3147        -3147            0.075           1
        21        -3147        -3147           11.788           0
        22        -3146        -3145            4.112           0
        24        -3143        -3143            0.623           0
        25        -3142        -3142            0.399           0
        27        -3140        -3140           15.556           0
        31        -3143        -3143            0.196           1
        33        -3148        -3147           11.495           0
        34        -3143        -3143            2.939           0
        36        -3144        -3143            3.587           0
        38        -3148        -3148            0.616           0
        40        -3147        -3142            9.447           0
        41        -3146        -3146            7.997           0
        43        -3155        -3147            8.341           0
        44        -3143        -3143            0.597           0
        45        -3145        -3144             2.64           0
        46        -3144        -3142            3.519           0
        47        -3143        -3142            0.727           0
        48        -3146        -3146            4.517           0
        49        -3146        -3143            1.325           0
        50        -3153        -3150            8.359           0
        51        -3146        -3145            4.915           0
        53        -3146        -3143            3.036           0
        54        -3143        -3143            1.178           0
        55        -3148        -3146            1.372           0
        56        -3143        -3143            0.312           0
        58        -3146        -3146            4.749           0
        59        -3143        -3143             0.84           0
        60        -3147        -3147            0.511           0
        62        -3146        -3146            1.606           0
        64        -3143        -3143             0.44           0
        65        -3145        -3145            0.454           0
        66        -3148        -3147            1.441           0
        67        -3143        -3143             0.17           1
        69        -3147        -3147              1.9           0
        70        -3146        -3146            3.338           0
        71        -3144        -3143             1.16           0
        72        -3146        -3141            2.812           0
        74        -3147        -3146            5.666           0
        75        -3146        -3146            0.283           0
        76        -3144        -3143            0.771           0
        79        -3143        -3143            1.162           0
        81        -3146        -3145            2.275           0
        83        -3143        -3143            0.403           1
        84        -3145        -3145            1.863           0
        85        -3146        -3146            2.999           0
        87        -3143        -3142            8.837           0
        88        -3146        -3146            7.005           0
        89        -3136        -3135            0.718           0
        90        -3143        -3143            4.071           0
        91        -3143        -3143            4.124           0
        92        -3146        -3146            1.519           0
        93        -3145        -3145            6.861           0
        95        -3146        -3146            2.369           0
        96        -3143        -3142            6.047           0
        97        -3144        -3143            1.907           0
        98        -3144        -3142            2.787           0
        99        -3143        -3143            0.128           1
       100        -3143        -3143            0.198           1
Candidate 90 dropped.
- Failed test 1: Too close to 59, 97 in parameter space.
Candidate 92 dropped.
- Failed test 1: Too close to 75 in parameter space.
Candidate 97 dropped.
- Failed test 1: Too close to 56 in parameter space.
Best candidate so far (LL=-3134.7)
             Value
asc_alt1_1  6.5304
asc_alt1_2  0.1454
asc_alt1_3 -5.7020
asc_alt1_4  0.0742
asc_alt1_5  0.0903
asc_alt2_1  4.6916
asc_alt2_2 -0.2427
asc_alt2_3 -9.3887
asc_alt2_4  0.0866
asc_alt2_5 -0.5179
asc_alt3_1  0.0000
asc_alt3_2  0.0000
asc_alt3_3  0.0000
asc_alt3_4  0.0000
asc_alt3_5  0.0000
b_x1_1      1.4295
b_x1_2     -0.0222
b_x1_3     13.4607
b_x1_4      0.5367
b_x1_5     -0.1253
b_x2_1     11.6281
b_x2_2      1.0614
b_x2_3      2.8310
b_x2_4      0.3898
b_x2_5     -1.0070
b_x3_1     -6.7810
b_x3_2      0.1927
b_x3_3      5.6776
b_x3_4      0.5877
b_x3_5     -0.9507
b_x4_1     -1.5587
b_x4_2      2.5410
b_x4_3     -6.3305
b_x4_4      0.3481
b_x4_5      2.5404
b_price_1  -3.5378
b_price_2  -0.5480
b_price_3  -9.2468
b_price_4  -1.5279
b_price_5   0.0264
delta_1    -1.0628
delta_2     0.9189
delta_3    -0.8743
delta_4     3.4435
delta_5     0.0000
Several observations per individual detected based on the value of ID.
  Setting panelData in apollo_control set to TRUE.
With setting noValidation=TRUE in apollo_control, your model code will
  not be validated prior to estimation. This may of course be
  deliberate for large models or models with many components.
All checks on apollo_control completed.
All checks on database completed.
INFORMATION: The use of apollo_lcEM has a number of requirements. No checks are run
  for these, so the user needs to ensure these conditions are met by
  their model: 
1: This function is only suitable for single component models, i.e. no
  use of apollo_combineModels or manual multiplication of model
  components.
2: Any parameters that vary across classes need to be included in the
  definition of random parameters in apollo_lcPars.
3: The entries in the lists in apollo_lcPars need to be individual
  parameters, not functions thereof.

Validating inputs of likelihood function (apollo_probabilities)

Initialising EM algorithm
Starting iteration: 1
- Current LL : -3341.915
- New LL     : -3178.158
- Improvement: 163.7563

Starting iteration: 2
- Current LL : -3178.158
- New LL     : -3176.96
- Improvement: 1.198685

Starting iteration: 3
- Current LL : -3176.96
- New LL     : -3175.931
- Improvement: 1.029068

Starting iteration: 4
- Current LL : -3175.931
- New LL     : -3174.727
- Improvement: 1.203556

Starting iteration: 5
- Current LL : -3174.727
- New LL     : -3173.014
- Improvement: 1.712546

Starting iteration: 6
- Current LL : -3173.014
- New LL     : -3170.562
- Improvement: 2.452235

Starting iteration: 7
- Current LL : -3170.562
- New LL     : -3167.636
- Improvement: 2.925731

Starting iteration: 8
- Current LL : -3167.636
- New LL     : -3164.875
- Improvement: 2.761784

Starting iteration: 9
- Current LL : -3164.875
- New LL     : -3162.555
- Improvement: 2.31982

Starting iteration: 10
- Current LL : -3162.555
- New LL     : -3160.529
- Improvement: 2.025992

Starting iteration: 11
- Current LL : -3160.529
- New LL     : -3158.59
- Improvement: 1.939194

Starting iteration: 12
- Current LL : -3158.59
- New LL     : -3156.71
- Improvement: 1.87969

Starting iteration: 13
- Current LL : -3156.71
- New LL     : -3155.079
- Improvement: 1.631016

Starting iteration: 14
- Current LL : -3155.079
- New LL     : -3153.877
- Improvement: 1.201888

Starting iteration: 15
- Current LL : -3153.877
- New LL     : -3153.084
- Improvement: 0.7930492

Starting iteration: 16
- Current LL : -3153.084
- New LL     : -3152.55
- Improvement: 0.5341815

Starting iteration: 17
- Current LL : -3152.55
- New LL     : -3152.139
- Improvement: 0.4107573

Starting iteration: 18
- Current LL : -3152.139
- New LL     : -3151.776
- Improvement: 0.3628168

Starting iteration: 19
- Current LL : -3151.776
- New LL     : -3151.431
- Improvement: 0.3450281

Starting iteration: 20
- Current LL : -3151.431
- New LL     : -3151.096
- Improvement: 0.3351273

Starting iteration: 21
- Current LL : -3151.096
- New LL     : -3150.771
- Improvement: 0.3250912

Starting iteration: 22
- Current LL : -3150.771
- New LL     : -3150.457
- Improvement: 0.3139701

Starting iteration: 23
- Current LL : -3150.457
- New LL     : -3150.155
- Improvement: 0.3023901

Starting iteration: 24
- Current LL : -3150.155
- New LL     : -3149.863
- Improvement: 0.2916171

Starting iteration: 25
- Current LL : -3149.863
- New LL     : -3149.582
- Improvement: 0.2810137

Starting iteration: 26
- Current LL : -3149.582
- New LL     : -3149.312
- Improvement: 0.2697719

Starting iteration: 27
- Current LL : -3149.312
- New LL     : -3149.055
- Improvement: 0.2570428

Starting iteration: 28
- Current LL : -3149.055
- New LL     : -3148.814
- Improvement: 0.2413208

Starting iteration: 29
- Current LL : -3148.814
- New LL     : -3148.59
- Improvement: 0.2237789

Starting iteration: 30
- Current LL : -3148.59
- New LL     : -3148.387
- Improvement: 0.2035772

Starting iteration: 31
- Current LL : -3148.387
- New LL     : -3148.204
- Improvement: 0.1827496

Starting iteration: 32
- Current LL : -3148.204
- New LL     : -3148.043
- Improvement: 0.1612593

Starting iteration: 33
- Current LL : -3148.043
- New LL     : -3147.902
- Improvement: 0.1406755

Starting iteration: 34
- Current LL : -3147.902
- New LL     : -3147.78
- Improvement: 0.1217554

Starting iteration: 35
- Current LL : -3147.78
- New LL     : -3147.674
- Improvement: 0.1060607

Starting iteration: 36
- Current LL : -3147.674
- New LL     : -3147.582
- Improvement: 0.09167304

Starting iteration: 37
- Current LL : -3147.582
- New LL     : -3147.503
- Improvement: 0.0792812

Starting iteration: 38
- Current LL : -3147.503
- New LL     : -3147.434
- Improvement: 0.06881515

Starting iteration: 39
- Current LL : -3147.434
- New LL     : -3147.375
- Improvement: 0.05968696

Starting iteration: 40
- Current LL : -3147.375
- New LL     : -3147.323
- Improvement: 0.05208157

Starting iteration: 41
- Current LL : -3147.323
- New LL     : -3147.277
- Improvement: 0.04577179

Starting iteration: 42
- Current LL : -3147.277
- New LL     : -3147.237
- Improvement: 0.0398748

Starting iteration: 43
- Current LL : -3147.237
- New LL     : -3147.201
- Improvement: 0.03542149

Starting iteration: 44
- Current LL : -3147.201
- New LL     : -3147.17
- Improvement: 0.03130018

Starting iteration: 45
- Current LL : -3147.17
- New LL     : -3147.142
- Improvement: 0.027705

Starting iteration: 46
- Current LL : -3147.142
- New LL     : -3147.118
- Improvement: 0.02461921

Starting iteration: 47
- Current LL : -3147.118
- New LL     : -3147.096
- Improvement: 0.02225003

Starting iteration: 48
- Current LL : -3147.096
- New LL     : -3147.075
- Improvement: 0.02013744

Starting iteration: 49
- Current LL : -3147.075
- New LL     : -3147.057
- Improvement: 0.01826644

Starting iteration: 50
- Current LL : -3147.057
- New LL     : -3147.041
- Improvement: 0.0166749

Starting iteration: 51
- Current LL : -3147.041
- New LL     : -3147.025
- Improvement: 0.01555027

Starting iteration: 52
- Current LL : -3147.025
- New LL     : -3147.011
- Improvement: 0.01407995

Starting iteration: 53
- Current LL : -3147.011
- New LL     : -3146.998
- Improvement: 0.01291902

Starting iteration: 54
- Current LL : -3146.998
- New LL     : -3146.986
- Improvement: 0.01219866

Starting iteration: 55
- Current LL : -3146.986
- New LL     : -3146.975
- Improvement: 0.0110147

Starting iteration: 56
- Current LL : -3146.975
- New LL     : -3146.964
- Improvement: 0.01048946

Starting iteration: 57
- Current LL : -3146.964
- New LL     : -3146.955
- Improvement: 0.009530653

Starting iteration: 58
- Current LL : -3146.955
- New LL     : -3146.945
- Improvement: 0.009253815

Starting iteration: 59
- Current LL : -3146.945
- New LL     : -3146.937
- Improvement: 0.008640109

Starting iteration: 60
- Current LL : -3146.937
- New LL     : -3146.929
- Improvement: 0.008310898

Starting iteration: 61
- Current LL : -3146.929
- New LL     : -3146.921
- Improvement: 0.007583632

Starting iteration: 62
- Current LL : -3146.921
- New LL     : -3146.914
- Improvement: 0.007391308

Starting iteration: 63
- Current LL : -3146.914
- New LL     : -3146.906
- Improvement: 0.007069945

Starting iteration: 64
- Current LL : -3146.906
- New LL     : -3146.9
- Improvement: 0.006594978

Starting iteration: 65
- Current LL : -3146.9
- New LL     : -3146.893
- Improvement: 0.006698869

Starting iteration: 66
- Current LL : -3146.893
- New LL     : -3146.887
- Improvement: 0.006175595

Starting iteration: 67
- Current LL : -3146.887
- New LL     : -3146.881
- Improvement: 0.005687907

Starting iteration: 68
- Current LL : -3146.881
- New LL     : -3146.876
- Improvement: 0.005524114

Starting iteration: 69
- Current LL : -3146.876
- New LL     : -3146.87
- Improvement: 0.00543154

Starting iteration: 70
- Current LL : -3146.87
- New LL     : -3146.865
- Improvement: 0.005207756

Starting iteration: 71
- Current LL : -3146.865
- New LL     : -3146.86
- Improvement: 0.004958268

Starting iteration: 72
- Current LL : -3146.86
- New LL     : -3146.856
- Improvement: 0.004674867

Starting iteration: 73
- Current LL : -3146.856
- New LL     : -3146.851
- Improvement: 0.004582057

Starting iteration: 74
- Current LL : -3146.851
- New LL     : -3146.846
- Improvement: 0.004494148

Starting iteration: 75
- Current LL : -3146.846
- New LL     : -3146.842
- Improvement: 0.004207517

Starting iteration: 76
- Current LL : -3146.842
- New LL     : -3146.839
- Improvement: 0.003671923

Starting iteration: 77
- Current LL : -3146.839
- New LL     : -3146.835
- Improvement: 0.003973573

Starting iteration: 78
- Current LL : -3146.835
- New LL     : -3146.831
- Improvement: 0.003604265

Starting iteration: 79
- Current LL : -3146.831
- New LL     : -3146.827
- Improvement: 0.003619899

Starting iteration: 80
- Current LL : -3146.827
- New LL     : -3146.824
- Improvement: 0.003283169

Starting iteration: 81
- Current LL : -3146.824
- New LL     : -3146.821
- Improvement: 0.003431857

Starting iteration: 82
- Current LL : -3146.821
- New LL     : -3146.817
- Improvement: 0.003298258

Starting iteration: 83
- Current LL : -3146.817
- New LL     : -3146.814
- Improvement: 0.003206673

Starting iteration: 84
- Current LL : -3146.814
- New LL     : -3146.811
- Improvement: 0.002939928

Starting iteration: 85
- Current LL : -3146.811
- New LL     : -3146.808
- Improvement: 0.002928411

Starting iteration: 86
- Current LL : -3146.808
- New LL     : -3146.805
- Improvement: 0.002809128

Starting iteration: 87
- Current LL : -3146.805
- New LL     : -3146.803
- Improvement: 0.002737927

Starting iteration: 88
- Current LL : -3146.803
- New LL     : -3146.8
- Improvement: 0.00255463

Starting iteration: 89
- Current LL : -3146.8
- New LL     : -3146.798
- Improvement: 0.002466025

Starting iteration: 90
- Current LL : -3146.798
- New LL     : -3146.795
- Improvement: 0.00246206

Starting iteration: 91
- Current LL : -3146.795
- New LL     : -3146.793
- Improvement: 0.00234463

Starting iteration: 92
- Current LL : -3146.793
- New LL     : -3146.791
- Improvement: 0.002412963

Starting iteration: 93
- Current LL : -3146.791
- New LL     : -3146.788
- Improvement: 0.002199458

Starting iteration: 94
- Current LL : -3146.788
- New LL     : -3146.786
- Improvement: 0.002247665

Starting iteration: 95
- Current LL : -3146.786
- New LL     : -3146.784
- Improvement: 0.002133116

Starting iteration: 96
- Current LL : -3146.784
- New LL     : -3146.782
- Improvement: 0.002085996

Starting iteration: 97
- Current LL : -3146.782
- New LL     : -3146.78
- Improvement: 0.001983391

Starting iteration: 98
- Current LL : -3146.78
- New LL     : -3146.778
- Improvement: 0.001996032

Starting iteration: 99
- Current LL : -3146.778
- New LL     : -3146.776
- Improvement: 0.002015443

Starting iteration: 100
- Current LL : -3146.776
- New LL     : -3146.774
- Improvement: 0.001817335

EM algorithm stopped: maximum number of iterations reached!
No covariance matrix will be computed as convergence has not been
  reached. You may call apollo_addCovariance(model,apollo_inputs) to
  compute a covariance matrix at the current estimates.
[16:13:19]   NOTE hard_corr|seed4: a new arm improved the best LL by +10.603 -- existing gaps shift
[16:13:19]   done hard_corr|seed4 : gaps  klue_ml=-14.25  klue_em=-14.25  apollo_searchStart=+0.00  apollo_lcEM=-18.93  gmnl_lc=-15.02  apollo_ss_published=-10.60
[16:13:19] RUN  hard_corr|seed5  (K=5 kap=0.50 sig=0.30 corr=0.6)  arms: apollo_searchStart, apollo_lcEM
Several observations per individual detected based on the value of ID.
  Setting panelData in apollo_control set to TRUE.
All checks on apollo_control completed.
All checks on database completed.
Testing probability function (apollo_probabilities)
Apollo found a model component of type classAlloc without a
  componentName. The name was set to "classAlloc" by default.
INFORMATION: Setting "avail" is missing, so full availability is assumed. 
Apollo found a model component of type MNL without a componentName. The
  name was set to "Class_1" by default.
Apollo found a model component of type MNL without a componentName. The
  name was set to "Class_2" by default.
Apollo found a model component of type MNL without a componentName. The
  name was set to "Class_3" by default.
Apollo found a model component of type MNL without a componentName. The
  name was set to "Class_4" by default.
Apollo found a model component of type MNL without a componentName. The
  name was set to "Class_5" by default.
Pre-processing likelihood function...
INFORMATION: Apollo was not able to compute analytical gradients for your model.
  This could be because you are using model components for which
  analytical gradients are not yet implemented, or because you coded
  your own model functions. If however you only used apollo_mnl,
  apollo_fmnl, apollo_normalDensity, apollo_ol or apollo_op, then there
  could be another issue. You might want to ask for help in the Apollo
  forum (http://www.apollochoicemodelling.com/forum) on how to solve
  this issue. If you do, please post your code and data (if not
  confidential). 
Creating initial set of 100 candidate values.
Calculating LL of candidates 0%....50%.....100%

Stage 1, 100 active candidates.
Estimating 20 BFGS iteration(s) for each active candidate.
 Candidate......LLstart.....LLfinish.....GradientNorm...Converged
         1        -3295        -3106           19.876           0
         2        -3287        -3097           14.666           0
         3        -3303        -3102           39.924           0
         4        -3317        -3101           20.882           0
         5        -3309        -3101           15.038           0
         6        -3299        -3103            27.81           0
         7        -3281        -3099           23.919           0
         8        -3302        -3099           21.618           0
         9        -3281        -3098           18.173           0
        10        -3298        -3100           26.316           0
        11        -3279        -3100           17.973           0
        12        -3288        -3099           16.633           0
        13        -3273        -3095           15.053           0
        14        -3298        -3100            21.52           0
        15        -3291        -3102           27.492           0
        16        -3305        -3098           20.304           0
        17        -3288        -3103           41.901           0
        18        -3301        -3099            13.68           0
        19        -3303        -3101            28.92           0
        20        -3310        -3105           20.601           0
        21        -3280        -3097           27.175           0
        22        -3329        -3103           15.553           0
        23        -3280        -3098           25.691           0
        24        -3291        -3099           34.588           0
        25        -3296        -3096           16.863           0
        26        -3310        -3097           12.967           0
        27        -3281        -3097           17.585           0
        28        -3306        -3106           29.506           0
        29        -3289        -3102           27.631           0
        30        -3285        -3105           29.282           0
        31        -3290        -3098           15.943           0
        32        -3303        -3107           24.779           0
        33        -3297        -3099           20.792           0
        34        -3306        -3105           16.187           0
        35        -3272        -3095            10.99           0
        36        -3300        -3102            20.54           0
        37        -3269        -3099           20.666           0
        38        -3294        -3098            9.047           0
        39        -3288        -3105           29.196           0
        40        -3316        -3107            37.17           0
        41        -3274        -3097           16.537           0
        42        -3317        -3102           16.968           0
        43        -3303        -3101           11.272           0
        44        -3279        -3107           37.503           0
        45        -3303        -3101           19.034           0
        46        -3316        -3099           17.345           0
        47        -3269        -3102           28.569           0
        48        -3293        -3103           18.549           0
        49        -3331        -3106           12.382           0
        50        -3287        -3099            22.82           0
        51        -3277        -3107           17.907           0
        52        -3290        -3098           33.734           0
        53        -3288        -3102            16.28           0
        54        -3286        -3099           23.894           0
        55        -3300        -3103           44.077           0
        56        -3274        -3098           15.278           0
        57        -3301        -3096            23.22           0
        58        -3314        -3098           20.551           0
        59        -3284        -3102           21.685           0
        60        -3313        -3107           25.497           0
        61        -3299        -3108           26.293           0
        62        -3290        -3106           16.674           0
        63        -3294        -3098           17.283           0
        64        -3289        -3097           15.136           0
        65        -3309        -3110           21.667           0
        66        -3300        -3101           21.088           0
        67        -3300        -3100           36.551           0
        68        -3308        -3098           21.813           0
        69        -3298        -3110           32.147           0
        70        -3292        -3097           24.516           0
        71        -3316        -3106           38.612           0
        72        -3301        -3103           31.629           0
        73        -3309        -3100           19.617           0
        74        -3294        -3100           32.053           0
        75        -3281        -3099           19.145           0
        76        -3288        -3101            22.18           0
        77        -3320        -3097           16.835           0
        78        -3292        -3098           30.329           0
        79        -3317        -3100            18.04           0
        80        -3318        -3101           17.703           0
        81        -3315        -3099           15.357           0
        82        -3247        -3102           39.755           0
        83        -3317        -3100           14.741           0
        84        -3317        -3104           19.821           0
        85        -3300        -3101           15.686           0
        86        -3287        -3102           25.553           0
        87        -3310        -3106           18.809           0
        88        -3304        -3106            23.41           0
        89        -3299        -3097           18.888           0
        90        -3312        -3099           21.442           0
        91        -3294        -3102           19.218           0
        92        -3294        -3105           20.202           0
        93        -3272        -3099            17.38           0
        94        -3297        -3102           30.848           0
        95        -3310        -3102            27.96           0
        96        -3294        -3098           29.796           0
        97        -3307        -3108           25.028           0
        98        -3308        -3096           12.524           0
        99        -3276        -3098           14.337           0
       100        -3285        -3101           17.017           0
Best candidate so far (LL=-3094.9)
             Value
asc_alt1_1 -0.8269
asc_alt1_2  0.3461
asc_alt1_3 -0.0865
asc_alt1_4 -0.2429
asc_alt1_5  0.2235
asc_alt2_1 -1.0443
asc_alt2_2  0.5556
asc_alt2_3 -0.1115
asc_alt2_4  0.0234
asc_alt2_5 -0.0329
asc_alt3_1  0.0000
asc_alt3_2  0.0000
asc_alt3_3  0.0000
asc_alt3_4  0.0000
asc_alt3_5  0.0000
b_x1_1     -0.3971
b_x1_2      1.1076
b_x1_3      0.2714
b_x1_4      0.5318
b_x1_5      1.0830
b_x2_1      2.1843
b_x2_2      1.1712
b_x2_3      0.3110
b_x2_4      1.0125
b_x2_5     -1.0740
b_x3_1      3.2920
b_x3_2      0.3755
b_x3_3      0.6214
b_x3_4      0.0942
b_x3_5      0.1492
b_x4_1      1.6303
b_x4_2      0.4745
b_x4_3      0.5351
b_x4_4     -0.1054
b_x4_5      1.0476
b_price_1  -4.3161
b_price_2  -1.3711
b_price_3  -1.4676
b_price_4  -2.0102
b_price_5  -2.5168
delta_1    -0.5553
delta_2     0.5853
delta_3     1.6172
delta_4     0.9122
delta_5     0.0000

Stage 2, 100 active candidates.
Estimating 20 BFGS iteration(s) for each active candidate.
 Candidate......LLstart.....LLfinish.....GradientNorm...Converged
         1        -3106        -3096           12.114           0
         2        -3097        -3086            7.943           0
         3        -3102        -3090           10.571           0
         4        -3101        -3092            12.31           0
         5        -3101        -3091            5.514           0
         6        -3103        -3089            8.679           0
         7        -3099        -3094            8.848           0
         8        -3099        -3090            7.665           0
         9        -3098        -3092            9.784           0
        10        -3100        -3091            8.003           0
        11        -3100        -3090           13.741           0
        12        -3099        -3091           11.339           0
        13        -3095        -3089            10.24           0
        14        -3100        -3090            3.946           0
        15        -3102        -3092            9.434           0
        16        -3098        -3092            6.278           0
        17        -3103        -3091           13.962           0
        18        -3099        -3093            7.821           0
        19        -3101        -3092           20.534           0
        20        -3105        -3098            4.571           0
        21        -3097        -3093            6.871           0
        22        -3103        -3092           10.201           0
        23        -3098        -3091            6.809           0
        24        -3099        -3091            6.922           0
        25        -3096        -3090            8.981           0
        26        -3097        -3089             8.36           0
        27        -3097        -3092            6.016           0
        28        -3106        -3095           10.169           0
        29        -3102        -3089            9.973           0
        30        -3105        -3089            4.848           0
        31        -3098        -3092            9.633           0
        32        -3107        -3094             7.55           0
        33        -3099        -3092           11.789           0
        34        -3105        -3091           11.153           0
        35        -3095        -3089                7           0
        36        -3102        -3087            4.509           0
        37        -3099        -3092           10.932           0
        38        -3098        -3091           29.796           0
        39        -3105        -3092           17.976           0
        40        -3107        -3091           18.317           0
        41        -3097        -3088            6.143           0
        42        -3102        -3092           12.054           0
        43        -3101        -3093            6.806           0
        44        -3107        -3089            12.54           0
        45        -3101        -3092           10.096           0
        46        -3099        -3093            7.134           0
        47        -3102        -3089            3.827           0
        48        -3103        -3093           11.624           0
        49        -3106        -3090            5.381           0
        50        -3099        -3089            7.042           0
        51        -3107        -3096           14.815           0
        52        -3098        -3090            8.972           0
        53        -3102        -3094            4.498           0
        54        -3099        -3092            6.451           0
        55        -3103        -3089             5.41           0
        56        -3098        -3091           14.117           0
        57        -3096        -3088            3.731           0
        58        -3098        -3088           11.707           0
        59        -3102        -3092           19.574           0
        60        -3107        -3093            6.938           0
        61        -3108        -3098             3.33           0
        62        -3106        -3095           10.076           0
        63        -3098        -3091           14.896           0
        64        -3097        -3092            6.587           0
        65        -3110        -3094           19.837           0
        66        -3101        -3091            3.083           0
        67        -3100        -3087            3.728           0
        68        -3098        -3089           12.125           0
        69        -3110        -3097            9.483           0
        70        -3097        -3091            6.367           0
        71        -3106        -3092           10.287           0
        72        -3103        -3089            8.677           0
        73        -3100        -3092            2.775           0
        74        -3100        -3090            6.906           0
        75        -3099        -3090            6.609           0
        76        -3101        -3091           12.319           0
        77        -3097        -3089            4.048           0
        78        -3098        -3090           11.594           0
        79        -3100        -3093            5.624           0
        80        -3101        -3092            9.334           0
        81        -3099        -3092           15.031           0
        82        -3102        -3089             4.51           0
        83        -3100        -3093            4.874           0
        84        -3104        -3095           10.961           0
        85        -3101        -3097            6.101           0
        86        -3102        -3088            7.393           0
        87        -3106        -3093            9.946           0
        88        -3106        -3096           10.927           0
        89        -3097        -3089            3.724           0
        90        -3099        -3092            7.108           0
        91        -3102        -3096            7.084           0
        92        -3105        -3093           14.162           0
        93        -3099        -3093            9.392           0
        94        -3102        -3091            16.19           0
        95        -3102        -3091                3           0
        96        -3098        -3088            3.105           0
        97        -3108        -3095           13.025           0
        98        -3096        -3092           17.898           0
        99        -3098        -3093            7.281           0
       100        -3101        -3092            6.942           0
Candidate 17 dropped.
- Failed test 1: Too close to 6 in parameter space.
Candidate 48 dropped.
- Failed test 1: Too close to 18 in parameter space.
Candidate 50 dropped.
- Failed test 1: Too close to 57, 96 in parameter space.
Candidate 52 dropped.
- Failed test 1: Too close to 78 in parameter space.
Candidate 95 dropped.
- Failed test 1: Too close to 23 in parameter space.
Candidate 96 dropped.
- Failed test 1: Too close to 57 in parameter space.
Best candidate so far (LL=-3086.2)
             Value
asc_alt1_1 -0.5099
asc_alt1_2 -0.0917
asc_alt1_3 -0.0706
asc_alt1_4 -0.0082
asc_alt1_5  0.2525
asc_alt2_1 -0.6176
asc_alt2_2 -2.1098
asc_alt2_3  0.0411
asc_alt2_4 -0.3763
asc_alt2_5  0.1137
asc_alt3_1  0.0000
asc_alt3_2  0.0000
asc_alt3_3  0.0000
asc_alt3_4  0.0000
asc_alt3_5  0.0000
b_x1_1     -0.2160
b_x1_2      1.7174
b_x1_3      0.4407
b_x1_4      2.0605
b_x1_5      1.2209
b_x2_1      2.2821
b_x2_2     -0.7257
b_x2_3      0.5214
b_x2_4      3.5327
b_x2_5     -1.4125
b_x3_1      2.7420
b_x3_2      2.1532
b_x3_3      0.4191
b_x3_4     -1.0000
b_x3_5      0.0292
b_x4_1      1.5566
b_x4_2      0.6080
b_x4_3      0.4146
b_x4_4     -1.8084
b_x4_5      1.2431
b_price_1  -3.4579
b_price_2  -6.3651
b_price_3  -1.5751
b_price_4  -0.9198
b_price_5  -2.3513
delta_1     0.3262
delta_2    -0.5530
delta_3     2.6204
delta_4    -0.5727
delta_5     0.0000

Stage 3, 94 active candidates.
Estimating 20 BFGS iteration(s) for each active candidate.
 Candidate......LLstart.....LLfinish.....GradientNorm...Converged
         1        -3096        -3093           12.181           0
         2        -3086        -3084            6.159           0
         3        -3090        -3088             3.72           0
         4        -3092        -3091            0.605           0
         5        -3091        -3090            6.721           0
         6        -3089        -3088            1.472           0
         7        -3094        -3089            6.641           0
         8        -3090        -3089            2.911           0
         9        -3092        -3087            8.728           0
        10        -3091        -3089            3.129           0
        11        -3090        -3088             1.57           0
        12        -3091        -3088            0.761           0
        13        -3089        -3087            6.939           0
        14        -3090        -3086            9.382           0
        15        -3092        -3090            1.858           0
        16        -3092        -3088            5.419           0
        18        -3093        -3089            7.925           0
        19        -3092        -3089            2.644           0
        20        -3098        -3098            2.436           0
        21        -3093        -3092           13.371           0
        22        -3092        -3089            1.628           0
        23        -3091        -3089            7.223           0
        24        -3091        -3090             1.06           0
        25        -3090        -3088            4.491           0
        26        -3089        -3086            4.622           0
        27        -3092        -3090           14.564           0
        28        -3095        -3093            1.657           0
        29        -3089        -3088            0.429           0
        30        -3089        -3088             0.43           0
        31        -3092        -3088            5.807           0
        32        -3094        -3093            4.502           0
        33        -3092        -3089            2.083           0
        34        -3091        -3089            3.718           0
        35        -3089        -3088            0.801           0
        36        -3087        -3087            0.474           0
        37        -3092        -3088            4.808           0
        38        -3091        -3088            4.298           0
        39        -3092        -3087            3.161           0
        40        -3091        -3088            2.144           0
        41        -3088        -3086            2.016           0
        42        -3092        -3090            4.786           0
        43        -3093        -3089            7.755           0
        44        -3089        -3087            2.652           0
        45        -3092        -3088            4.718           0
        46        -3093        -3092            0.688           0
        47        -3089        -3088             0.91           0
        49        -3090        -3087            3.628           0
        51        -3096        -3094            2.071           0
        53        -3094        -3093            0.982           0
        54        -3092        -3088            7.604           0
        55        -3089        -3088            2.846           0
        56        -3091        -3088            1.672           0
        57        -3088        -3088            7.916           0
        58        -3088        -3085            5.157           0
        59        -3092        -3088            6.218           0
        60        -3093        -3089            0.804           0
        61        -3098        -3097            3.417           0
        62        -3095        -3092           11.279           0
        63        -3091        -3088             4.93           0
        64        -3092        -3090             3.87           0
        65        -3094        -3087            6.389           0
        66        -3091        -3089            5.404           0
        67        -3087        -3085            1.987           0
        68        -3089        -3088            3.987           0
        69        -3097        -3094            2.912           0
        70        -3091        -3089             1.05           0
        71        -3092        -3089            4.194           0
        72        -3089        -3088            0.398           0
        73        -3092        -3091            17.81           0
        74        -3090        -3089            1.362           0
        75        -3090        -3089            4.446           0
        76        -3091        -3088            2.302           0
        77        -3089        -3087           12.648           0
        78        -3090        -3089            0.606           0
        79        -3093        -3092            6.132           0
        80        -3092        -3089             4.38           0
        81        -3092        -3088            3.239           0
        82        -3089        -3087             7.55           0
        83        -3093        -3092            3.665           0
        84        -3095        -3092            2.675           0
        85        -3097        -3095             5.54           0
        86        -3088        -3086            2.323           0
        87        -3093        -3090            4.167           0
        88        -3096        -3092            7.156           0
        89        -3089        -3088             0.34           0
        90        -3092        -3087            6.963           0
        91        -3096        -3094             2.54           0
        92        -3093        -3089             7.44           0
        93        -3093        -3089           14.438           0
        94        -3091        -3089             2.48           0
        97        -3095        -3091            4.171           0
        98        -3092        -3088            8.401           0
        99        -3093        -3090            6.059           0
       100        -3092        -3092            0.722           0
Candidate 10 dropped.
- Failed test 1: Too close to 8 in parameter space.
Candidate 11 dropped.
- Failed test 1: Too close to 30, 56 in parameter space.
Candidate 29 dropped.
- Failed test 1: Too close to 72 in parameter space.
Candidate 47 dropped.
- Failed test 1: Too close to 29, 72 in parameter space.
Candidate 56 dropped.
- Failed test 1: Too close to 30 in parameter space.
Candidate 76 dropped.
- Failed test 1: Too close to 12 in parameter space.
Candidate 81 dropped.
- Failed test 1: Too close to 35 in parameter space.
Candidate 92 dropped.
- Failed test 1: Too close to 12, 76 in parameter space.
Candidate 94 dropped.
- Failed test 1: Too close to 11, 30, 56 in parameter space.
Candidate 98 dropped.
- Failed test 1: Too close to 25 in parameter space.
Best candidate so far (LL=-3084.4)
             Value
asc_alt1_1 -0.6409
asc_alt1_2  0.0605
asc_alt1_3 -0.0699
asc_alt1_4  0.0183
asc_alt1_5  0.1941
asc_alt2_1 -0.7581
asc_alt2_2 -2.8363
asc_alt2_3  0.0347
asc_alt2_4 -0.4874
asc_alt2_5  0.1036
asc_alt3_1  0.0000
asc_alt3_2  0.0000
asc_alt3_3  0.0000
asc_alt3_4  0.0000
asc_alt3_5  0.0000
b_x1_1     -0.1991
b_x1_2      2.5206
b_x1_3      0.4620
b_x1_4      2.1233
b_x1_5      1.2328
b_x2_1      2.2793
b_x2_2     -1.4822
b_x2_3      0.5413
b_x2_4      3.9653
b_x2_5     -1.4406
b_x3_1      2.9307
b_x3_2      3.3048
b_x3_3      0.4274
b_x3_4     -1.2342
b_x3_5      0.0824
b_x4_1      1.6366
b_x4_2      1.3954
b_x4_3      0.4082
b_x4_4     -1.8268
b_x4_5      1.1862
b_price_1  -3.8381
b_price_2  -9.6394
b_price_3  -1.5969
b_price_4  -0.4304
b_price_5  -2.4572
delta_1     0.0890
delta_2    -1.0491
delta_3     2.5591
delta_4    -1.0271
delta_5     0.0000

Stage 4, 84 active candidates.
Estimating 20 BFGS iteration(s) for each active candidate.
 Candidate......LLstart.....LLfinish.....GradientNorm...Converged
         1        -3093        -3091            4.584           0
         2        -3084        -3084            1.336           0
         3        -3088        -3087            3.784           0
         4        -3091        -3091            0.076           0
         5        -3090        -3089            1.704           0
         6        -3088        -3088            0.177           1
         7        -3089        -3088            2.025           0
         8        -3089        -3088            0.308           0
         9        -3087        -3087            0.414           0
        12        -3088        -3088            0.151           1
        13        -3087        -3087            1.353           0
        14        -3086        -3085            1.442           0
        15        -3090        -3088            2.759           0
        16        -3088        -3087            6.044           0
        18        -3089        -3087            4.143           0
        19        -3089        -3089             0.62           0
        20        -3098        -3096           10.806           0
        21        -3092        -3089            3.524           0
        22        -3089        -3089            0.139           0
        23        -3089        -3089            3.494           0
        24        -3090        -3090             0.21           0
        25        -3088        -3087            2.467           0
        26        -3086        -3085            1.426           0
        27        -3090        -3088            0.472           0
        28        -3093        -3091            4.518           0
        30        -3088        -3088             0.31           1
        31        -3088        -3087            3.181           0
        32        -3093        -3092            2.696           0
        33        -3089        -3087            2.515           0
        34        -3089        -3087            3.842           0
        35        -3088        -3088            0.049           1
        36        -3087        -3087            0.066           1
        37        -3088        -3087            3.115           0
        38        -3088        -3087            2.653           0
        39        -3087        -3087            0.215           0
        40        -3088        -3088            0.096           0
        41        -3086        -3085            0.877           0
        42        -3090        -3089             6.97           0
        43        -3089        -3088            1.664           0
        44        -3087        -3087            0.123           0
        45        -3088        -3087             8.29           0
        46        -3092        -3092             2.49           0
        49        -3087        -3085             5.13           0
        51        -3094        -3094           10.995           0
        53        -3093        -3093            0.438           0
        54        -3088        -3086            9.401           0
        55        -3088        -3087            1.979           0
        57        -3088        -3087            0.822           0
        58        -3085        -3084            1.092           0
        59        -3088        -3085            2.451           0
        60        -3089        -3087            1.865           0
        61        -3097        -3095            8.679           0
        62        -3092        -3088            5.785           0
        63        -3088        -3087            3.981           0
        64        -3090        -3088            3.596           0
        65        -3087        -3085            1.629           0
        66        -3089        -3089            2.471           0
        67        -3085        -3084            1.238           0
        68        -3088        -3087            4.015           0
        69        -3094        -3094            0.412           0
        70        -3089        -3089            0.234           0
        71        -3089        -3088            3.832           0
        72        -3088        -3088            0.247           1
        73        -3091        -3089            5.285           0
        74        -3089        -3089            0.348           0
        75        -3089        -3088             1.01           0
        77        -3087        -3087            1.743           0
        78        -3089        -3089            0.173           0
        79        -3092        -3091            2.712           0
        80        -3089        -3089            0.498           0
        82        -3087        -3087            0.496           0
        83        -3092        -3091            9.421           0
        84        -3092        -3089           12.866           0
        85        -3095        -3093            3.031           0
        86        -3086        -3085            2.391           0
        87        -3090        -3088            5.021           0
        88        -3092        -3090           10.434           0
        89        -3088        -3088            0.083           1
        90        -3087        -3087            0.573           0
        91        -3094        -3094            0.339           0
        93        -3089        -3088            2.216           0
        97        -3091        -3089            3.835           0
        99        -3090        -3089             0.64           0
       100        -3092        -3092            0.055           0
Candidate 7 dropped.
- Failed test 1: Too close to 43 in parameter space.
Candidate 21 dropped.
- Failed test 1: Too close to 70 in parameter space.
Candidate 45 dropped.
- Failed test 1: Too close to 13 in parameter space.
Candidate 57 dropped.
- Failed test 1: Too close to 44 in parameter space.
Candidate 73 dropped.
- Failed test 1: Too close to 89 in parameter space.
Candidate 93 dropped.
- Failed test 1: Too close to 35 in parameter space.
Candidate 99 dropped.
- Failed test 1: Too close to 22 in parameter space.
Best candidate so far (LL=-3084)
              Value
asc_alt1_1  -0.6438
asc_alt1_2   0.0644
asc_alt1_3   0.2309
asc_alt1_4  -0.0693
asc_alt1_5   0.1061
asc_alt2_1  -0.7325
asc_alt2_2  -3.4665
asc_alt2_3   0.1138
asc_alt2_4   0.0367
asc_alt2_5  -0.4356
asc_alt3_1   0.0000
asc_alt3_2   0.0000
asc_alt3_3   0.0000
asc_alt3_4   0.0000
asc_alt3_5   0.0000
b_x1_1      -0.1594
b_x1_2       3.1346
b_x1_3       1.2409
b_x1_4       0.4635
b_x1_5       2.1232
b_x2_1       2.3086
b_x2_2      -1.7661
b_x2_3      -1.4791
b_x2_4       0.5282
b_x2_5       3.7451
b_x3_1       2.8622
b_x3_2       3.9617
b_x3_3       0.0771
b_x3_4       0.4235
b_x3_5      -1.0772
b_x4_1       1.6318
b_x4_2       1.6321
b_x4_3       1.2173
b_x4_4       0.4051
b_x4_5      -1.7411
b_price_1   -3.7489
b_price_2  -11.5916
b_price_3   -2.4599
b_price_4   -1.5984
b_price_5   -0.6050
delta_1      0.9615
delta_2     -0.2199
delta_3      0.7955
delta_4      3.3873
delta_5      0.0000

Stage 5, 70 active candidates.
Estimating 20 BFGS iteration(s) for each active candidate.
 Candidate......LLstart.....LLfinish.....GradientNorm...Converged
         1        -3091        -3090            4.326           0
         2        -3084        -3084            0.243           0
         3        -3087        -3087            0.825           0
         4        -3091        -3091            0.035           1
         5        -3089        -3089            1.429           0
         8        -3088        -3088            0.216           1
         9        -3087        -3087            0.079           0
        13        -3087        -3087            3.029           0
        14        -3085        -3085            4.602           0
        15        -3088        -3088            0.676           0
        16        -3087        -3087            2.205           0
        18        -3087        -3087             3.15           0
        19        -3089        -3089            4.836           0
        20        -3096        -3093            1.709           0
        22        -3089        -3089            0.155           1
        23        -3089        -3089            1.729           0
        24        -3090        -3090            0.256           1
        25        -3087        -3087            0.837           0
        26        -3085        -3085            1.134           0
        27        -3088        -3088            0.146           0
        28        -3091        -3091            1.195           0
        31        -3087        -3087            4.656           0
        32        -3092        -3092            7.505           0
        33        -3087        -3087            1.997           0
        34        -3087        -3087            2.591           0
        37        -3087        -3087            0.239           0
        38        -3087        -3087             3.28           0
        39        -3087        -3087            0.501           1
        40        -3088        -3088             0.21           1
        41        -3085        -3085              3.3           0
        42        -3089        -3089            1.949           0
        43        -3088        -3088            0.087           1
        44        -3087        -3087            0.284           1
        46        -3092        -3091           10.356           0
        49        -3085        -3084            1.336           0
        51        -3094        -3092            4.561           0
        53        -3093        -3093            0.122           1
        54        -3086        -3084            0.351           0
        55        -3087        -3087              3.3           0
        58        -3084        -3084            0.621           0
        59        -3085        -3084            3.896           0
        60        -3087        -3087             7.37           0
        61        -3095        -3092            3.317           0
        62        -3088        -3087            0.884           0
        63        -3087        -3087            3.306           0
        64        -3088        -3088            0.339           0
        65        -3085        -3084            0.866           0
        66        -3089        -3088            0.658           0
        67        -3084        -3084            0.361           0
        68        -3087        -3087            0.901           0
        69        -3094        -3094            0.075           1
        70        -3089        -3089            0.529           1
        71        -3088        -3087             1.58           0
        74        -3089        -3089            0.339           1
        75        -3088        -3088            0.839           0
        77        -3087        -3087            1.412           0
        78        -3089        -3089            0.101           1
        79        -3091        -3090            7.936           0
        80        -3089        -3089            0.155           0
        82        -3087        -3087            0.239           1
        83        -3091        -3089            1.882           0
        84        -3089        -3087            1.698           0
        85        -3093        -3091            5.882           0
        86        -3085        -3085             0.74           0
        87        -3088        -3088            0.388           0
        88        -3090        -3088             1.56           0
        90        -3087        -3087            1.088           1
        91        -3094        -3094            0.411           1
        97        -3089        -3088            1.068           0
       100        -3092        -3092            0.099           1
Candidate 16 dropped.
- Failed test 1: Too close to 77 in parameter space.
Candidate 49 dropped.
- Failed test 1: Too close to 2 in parameter space.
Candidate 54 dropped.
- Failed test 1: Too close to 49 in parameter space.
Candidate 62 dropped.
- Failed test 1: Too close to 90 in parameter space.
Best candidate so far (LL=-3083.9)
              Value
asc_alt1_1  -0.6069
asc_alt1_2   0.0710
asc_alt1_3   0.2344
asc_alt1_4  -0.0690
asc_alt1_5   0.0867
asc_alt2_1  -0.7246
asc_alt2_2  -3.5805
asc_alt2_3   0.1088
asc_alt2_4   0.0375
asc_alt2_5  -0.4399
asc_alt3_1   0.0000
asc_alt3_2   0.0000
asc_alt3_3   0.0000
asc_alt3_4   0.0000
asc_alt3_5   0.0000
b_x1_1      -0.1603
b_x1_2       3.2341
b_x1_3       1.2535
b_x1_4       0.4631
b_x1_5       2.1274
b_x2_1       2.2624
b_x2_2      -1.8076
b_x2_3      -1.4744
b_x2_4       0.5279
b_x2_5       3.7692
b_x3_1       2.7748
b_x3_2       4.0985
b_x3_3       0.0761
b_x3_4       0.4218
b_x3_5      -1.0979
b_x4_1       1.6022
b_x4_2       1.6767
b_x4_3       1.2165
b_x4_4       0.4023
b_x4_5      -1.7537
b_price_1   -3.6192
b_price_2  -12.0040
b_price_3   -2.4348
b_price_4   -1.6028
b_price_5   -0.5952
delta_1      1.0423
delta_2     -0.2018
delta_3      0.8096
delta_4      3.4291
delta_5      0.0000
Several observations per individual detected based on the value of ID.
  Setting panelData in apollo_control set to TRUE.
With setting noValidation=TRUE in apollo_control, your model code will
  not be validated prior to estimation. This may of course be
  deliberate for large models or models with many components.
All checks on apollo_control completed.
All checks on database completed.
INFORMATION: The use of apollo_lcEM has a number of requirements. No checks are run
  for these, so the user needs to ensure these conditions are met by
  their model: 
1: This function is only suitable for single component models, i.e. no
  use of apollo_combineModels or manual multiplication of model
  components.
2: Any parameters that vary across classes need to be included in the
  definition of random parameters in apollo_lcPars.
3: The entries in the lists in apollo_lcPars need to be individual
  parameters, not functions thereof.

Validating inputs of likelihood function (apollo_probabilities)

Initialising EM algorithm
Starting iteration: 1
- Current LL : -3294.746
- New LL     : -3123.636
- Improvement: 171.1094

Starting iteration: 2
- Current LL : -3123.636
- New LL     : -3121.484
- Improvement: 2.152586

Starting iteration: 3
- Current LL : -3121.484
- New LL     : -3119.882
- Improvement: 1.601387

Starting iteration: 4
- Current LL : -3119.882
- New LL     : -3118.635
- Improvement: 1.247591

Starting iteration: 5
- Current LL : -3118.635
- New LL     : -3117.637
- Improvement: 0.9974725

Starting iteration: 6
- Current LL : -3117.637
- New LL     : -3116.776
- Improvement: 0.8615523

Starting iteration: 7
- Current LL : -3116.776
- New LL     : -3115.936
- Improvement: 0.8395215

Starting iteration: 8
- Current LL : -3115.936
- New LL     : -3115.026
- Improvement: 0.9098385

Starting iteration: 9
- Current LL : -3115.026
- New LL     : -3113.992
- Improvement: 1.034107

Starting iteration: 10
- Current LL : -3113.992
- New LL     : -3112.839
- Improvement: 1.153135

Starting iteration: 11
- Current LL : -3112.839
- New LL     : -3111.645
- Improvement: 1.194087

Starting iteration: 12
- Current LL : -3111.645
- New LL     : -3110.53
- Improvement: 1.115364

Starting iteration: 13
- Current LL : -3110.53
- New LL     : -3109.583
- Improvement: 0.9460528

Starting iteration: 14
- Current LL : -3109.583
- New LL     : -3108.822
- Improvement: 0.7616211

Starting iteration: 15
- Current LL : -3108.822
- New LL     : -3108.202
- Improvement: 0.619652

Starting iteration: 16
- Current LL : -3108.202
- New LL     : -3107.663
- Improvement: 0.5394668

Starting iteration: 17
- Current LL : -3107.663
- New LL     : -3107.145
- Improvement: 0.5173032

Starting iteration: 18
- Current LL : -3107.145
- New LL     : -3106.587
- Improvement: 0.5579396

Starting iteration: 19
- Current LL : -3106.587
- New LL     : -3105.929
- Improvement: 0.6586229

Starting iteration: 20
- Current LL : -3105.929
- New LL     : -3105.107
- Improvement: 0.8222834

Starting iteration: 21
- Current LL : -3105.107
- New LL     : -3104.103
- Improvement: 1.003986

Starting iteration: 22
- Current LL : -3104.103
- New LL     : -3103.006
- Improvement: 1.096492

Starting iteration: 23
- Current LL : -3103.006
- New LL     : -3102.004
- Improvement: 1.001685

Starting iteration: 24
- Current LL : -3102.004
- New LL     : -3101.253
- Improvement: 0.7510933

Starting iteration: 25
- Current LL : -3101.253
- New LL     : -3100.773
- Improvement: 0.4801475

Starting iteration: 26
- Current LL : -3100.773
- New LL     : -3100.494
- Improvement: 0.2791446

Starting iteration: 27
- Current LL : -3100.494
- New LL     : -3100.336
- Improvement: 0.158355

Starting iteration: 28
- Current LL : -3100.336
- New LL     : -3100.242
- Improvement: 0.09327919

Starting iteration: 29
- Current LL : -3100.242
- New LL     : -3100.183
- Improvement: 0.0597685

Starting iteration: 30
- Current LL : -3100.183
- New LL     : -3100.141
- Improvement: 0.04185005

Starting iteration: 31
- Current LL : -3100.141
- New LL     : -3100.109
- Improvement: 0.03210398

Starting iteration: 32
- Current LL : -3100.109
- New LL     : -3100.082
- Improvement: 0.02681493

Starting iteration: 33
- Current LL : -3100.082
- New LL     : -3100.059
- Improvement: 0.02279651

Starting iteration: 34
- Current LL : -3100.059
- New LL     : -3100.039
- Improvement: 0.02040949

Starting iteration: 35
- Current LL : -3100.039
- New LL     : -3100.02
- Improvement: 0.01886257

Starting iteration: 36
- Current LL : -3100.02
- New LL     : -3100.002
- Improvement: 0.01782618

Starting iteration: 37
- Current LL : -3100.002
- New LL     : -3099.985
- Improvement: 0.01690375

Starting iteration: 38
- Current LL : -3099.985
- New LL     : -3099.969
- Improvement: 0.01652676

Starting iteration: 39
- Current LL : -3099.969
- New LL     : -3099.953
- Improvement: 0.01587787

Starting iteration: 40
- Current LL : -3099.953
- New LL     : -3099.937
- Improvement: 0.01576948

Starting iteration: 41
- Current LL : -3099.937
- New LL     : -3099.921
- Improvement: 0.01565841

Starting iteration: 42
- Current LL : -3099.921
- New LL     : -3099.905
- Improvement: 0.01598401

Starting iteration: 43
- Current LL : -3099.905
- New LL     : -3099.889
- Improvement: 0.01634378

Starting iteration: 44
- Current LL : -3099.889
- New LL     : -3099.872
- Improvement: 0.01661813

Starting iteration: 45
- Current LL : -3099.872
- New LL     : -3099.855
- Improvement: 0.01753557

Starting iteration: 46
- Current LL : -3099.855
- New LL     : -3099.837
- Improvement: 0.01764129

Starting iteration: 47
- Current LL : -3099.837
- New LL     : -3099.819
- Improvement: 0.01849611

Starting iteration: 48
- Current LL : -3099.819
- New LL     : -3099.799
- Improvement: 0.01934354

Starting iteration: 49
- Current LL : -3099.799
- New LL     : -3099.779
- Improvement: 0.02011314

Starting iteration: 50
- Current LL : -3099.779
- New LL     : -3099.758
- Improvement: 0.02162656

Starting iteration: 51
- Current LL : -3099.758
- New LL     : -3099.735
- Improvement: 0.02255466

Starting iteration: 52
- Current LL : -3099.735
- New LL     : -3099.711
- Improvement: 0.02365441

Starting iteration: 53
- Current LL : -3099.711
- New LL     : -3099.686
- Improvement: 0.02496082

Starting iteration: 54
- Current LL : -3099.686
- New LL     : -3099.66
- Improvement: 0.02626409

Starting iteration: 55
- Current LL : -3099.66
- New LL     : -3099.632
- Improvement: 0.02773058

Starting iteration: 56
- Current LL : -3099.632
- New LL     : -3099.603
- Improvement: 0.02945363

Starting iteration: 57
- Current LL : -3099.603
- New LL     : -3099.572
- Improvement: 0.03125323

Starting iteration: 58
- Current LL : -3099.572
- New LL     : -3099.538
- Improvement: 0.03315248

Starting iteration: 59
- Current LL : -3099.538
- New LL     : -3099.503
- Improvement: 0.03533296

Starting iteration: 60
- Current LL : -3099.503
- New LL     : -3099.466
- Improvement: 0.03740076

Starting iteration: 61
- Current LL : -3099.466
- New LL     : -3099.426
- Improvement: 0.03973792

Starting iteration: 62
- Current LL : -3099.426
- New LL     : -3099.384
- Improvement: 0.04236473

Starting iteration: 63
- Current LL : -3099.384
- New LL     : -3099.338
- Improvement: 0.04552456

Starting iteration: 64
- Current LL : -3099.338
- New LL     : -3099.29
- Improvement: 0.04818938

Starting iteration: 65
- Current LL : -3099.29
- New LL     : -3099.239
- Improvement: 0.05142448

Starting iteration: 66
- Current LL : -3099.239
- New LL     : -3099.183
- Improvement: 0.05504355

Starting iteration: 67
- Current LL : -3099.183
- New LL     : -3099.125
- Improvement: 0.05836036

Starting iteration: 68
- Current LL : -3099.125
- New LL     : -3099.063
- Improvement: 0.06239765

Starting iteration: 69
- Current LL : -3099.063
- New LL     : -3098.996
- Improvement: 0.06654313

Starting iteration: 70
- Current LL : -3098.996
- New LL     : -3098.925
- Improvement: 0.07106294

Starting iteration: 71
- Current LL : -3098.925
- New LL     : -3098.849
- Improvement: 0.07594716

Starting iteration: 72
- Current LL : -3098.849
- New LL     : -3098.769
- Improvement: 0.08051639

Starting iteration: 73
- Current LL : -3098.769
- New LL     : -3098.683
- Improvement: 0.08584335

Starting iteration: 74
- Current LL : -3098.683
- New LL     : -3098.592
- Improvement: 0.09120846

Starting iteration: 75
- Current LL : -3098.592
- New LL     : -3098.494
- Improvement: 0.09738518

Starting iteration: 76
- Current LL : -3098.494
- New LL     : -3098.391
- Improvement: 0.1027477

Starting iteration: 77
- Current LL : -3098.391
- New LL     : -3098.283
- Improvement: 0.1083227

Starting iteration: 78
- Current LL : -3098.283
- New LL     : -3098.168
- Improvement: 0.1149904

Starting iteration: 79
- Current LL : -3098.168
- New LL     : -3098.047
- Improvement: 0.1215863

Starting iteration: 80
- Current LL : -3098.047
- New LL     : -3097.919
- Improvement: 0.1278577

Starting iteration: 81
- Current LL : -3097.919
- New LL     : -3097.784
- Improvement: 0.1343819

Starting iteration: 82
- Current LL : -3097.784
- New LL     : -3097.643
- Improvement: 0.1410687

Starting iteration: 83
- Current LL : -3097.643
- New LL     : -3097.495
- Improvement: 0.1477579

Starting iteration: 84
- Current LL : -3097.495
- New LL     : -3097.341
- Improvement: 0.1544174

Starting iteration: 85
- Current LL : -3097.341
- New LL     : -3097.18
- Improvement: 0.1610186

Starting iteration: 86
- Current LL : -3097.18
- New LL     : -3097.013
- Improvement: 0.1674692

Starting iteration: 87
- Current LL : -3097.013
- New LL     : -3096.839
- Improvement: 0.1737204

Starting iteration: 88
- Current LL : -3096.839
- New LL     : -3096.659
- Improvement: 0.1795649

Starting iteration: 89
- Current LL : -3096.659
- New LL     : -3096.474
- Improvement: 0.1855134

Starting iteration: 90
- Current LL : -3096.474
- New LL     : -3096.282
- Improvement: 0.1913871

Starting iteration: 91
- Current LL : -3096.282
- New LL     : -3096.085
- Improvement: 0.1972665

Starting iteration: 92
- Current LL : -3096.085
- New LL     : -3095.883
- Improvement: 0.20223

Starting iteration: 93
- Current LL : -3095.883
- New LL     : -3095.675
- Improvement: 0.2075596

Starting iteration: 94
- Current LL : -3095.675
- New LL     : -3095.462
- Improvement: 0.212929

Starting iteration: 95
- Current LL : -3095.462
- New LL     : -3095.244
- Improvement: 0.2182747

Starting iteration: 96
- Current LL : -3095.244
- New LL     : -3095.02
- Improvement: 0.2238794

Starting iteration: 97
- Current LL : -3095.02
- New LL     : -3094.792
- Improvement: 0.2287553

Starting iteration: 98
- Current LL : -3094.792
- New LL     : -3094.558
- Improvement: 0.2335333

Starting iteration: 99
- Current LL : -3094.558
- New LL     : -3094.321
- Improvement: 0.2369902

Starting iteration: 100
- Current LL : -3094.321
- New LL     : -3094.082
- Improvement: 0.2388173

EM algorithm stopped: maximum number of iterations reached!
No covariance matrix will be computed as convergence has not been
  reached. You may call apollo_addCovariance(model,apollo_inputs) to
  compute a covariance matrix at the current estimates.
[17:22:57]   done hard_corr|seed5 : gaps  klue_ml=+0.00  klue_em=-4.19  apollo_searchStart=-0.00  apollo_lcEM=-10.16  gmnl_lc=-3.13  apollo_ss_published=-2.79
[17:22:57] ALL CELLS DONE - aggregating

===== MEAN gap_to_best by rung x method (n seeds per cell) =====
rung       |            klue_ml |            klue_em | apollo_searchStart |        apollo_lcEM |            gmnl_lc | apollo_ss_published
moderate   |  -0.27 (stuck 1/5) |  -0.27 (stuck 1/5) |  -0.00 (stuck 0/5) |  -2.14 (stuck 3/5) |  -0.84 (stuck 2/5) |  -0.41 (stuck 2/5)
hard       |  -0.44 (stuck 1/5) |  -1.37 (stuck 3/5) |  -0.00 (stuck 0/5) |  -3.37 (stuck 3/5) |  -3.13 (stuck 3/5) |  -1.22 (stuck 2/5)
very_hard  |  -0.00 (stuck 0/5) |  -0.82 (stuck 2/5) |  -0.47 (stuck 1/5) |  -4.91 (stuck 5/5) |  -6.86 (stuck 4/5) |  -3.81 (stuck 3/5)
hard_corr  |  -3.08 (stuck 2/5) |  -5.52 (stuck 4/5) |  -0.52 (stuck 1/5) | -10.15 (stuck 5/5) |  -8.19 (stuck 5/5) |  -4.52 (stuck 4/5)

(mean LL below best; 'stuck k/n' = cells >0.5 LL below best of n seeds)
